# File generated by CMD 3.7 (http://stev.oapd.inaf.it/cmd) on Tue Mar 28 17:39:19 CEST 2023
# isochrones based on PARSEC release v1.2S +  COLIBRI S_37 + S_35 + PR16
# Basic references: Bressan et al. (2012), MNRAS, 427, 127 + Chen et al. (2014, 2015), MNRAS, 444, 2525 + MNRAS, 452, 1068 + Tang et al. (2014), MNRAS, 445, 4287 + Marigo et al. (2017), ApJ, 835, 77 + Pastorelli al. (2019), MNRAS, 485, 5666 + Pastorelli al. (2020), MNRAS, in press
# Thermal pulse cycles included 
# On RGB, assumed Reimers mass loss with efficiency eta=0.2
# LPV periods and growth rates added cf. Trabucchi et al. (2019)
# but fundamental-mode LPV periods are from Trabucchi et al. (2021)
# Photometric system: <i>UBVRIJHK</i> (cf. Maiz-Apellaniz 2006 + Bessell 1990)
# Using YBC version of bolometric corrections as in Chen et al. (2019)
# O-rich circumstellar dpmod60alox40 dust from Groenewegen (2006)
# C-rich circumstellar AMCSIC15 dust from Groenewegen (2006)
# IMF: Kroupa (2001, 2002) + Kroupa et al. (2013) canonical two-part-power law IMF corrected for unresolved binaries 
# Kind of output: isochrone tables
# Zini     MH   logAge Mini        int_IMF         Mass   logL    logTe  logg  label   McoreTP C_O  period0  period1  period2  period3  period4  pmode  Mloss  tau1m   X   Y   Xc  Xn  Xo  Cexcess  Z 	 mbolmag  Umag    Bmag    Vmag    Rmag    Imag    Jmag    Hmag    Kmag
0.01471 0.00000 9.00000 0.0900000036 1.0816895926    0.090 -3.382  3.3668  5.193    0  0.000  0.545     0.00     0.00     0.00     0.00     0.00 -1 -4.45e-17      0.00 7.106e-01 2.746e-01 2.655e-03 7.163e-04 6.496e-03 -1.000 1.476e-02 13.224 22.480 19.865 18.030 15.879 13.630 11.134 10.520 10.230
0.01471 0.00000 9.00000 0.1000000015 1.1711064122    0.100 -3.221  3.3905  5.173    0  0.000  0.545     0.00     0.00     0.00     0.00     0.00 -1 -6.24e-17      0.00 7.106e-01 2.747e-01 2.655e-03 7.163e-04 6.496e-03 -1.000 1.476e-02 12.823 22.040 19.447 17.618 15.474 13.229 10.734 10.120 9.827
0.01471 0.00000 9.00000 0.1200000048 1.3193154741    0.120 -2.971  3.4245  5.138    0  0.000  0.545     0.00     0.00     0.00     0.00     0.00 -1 -1.05e-16      0.00 7.105e-01 2.747e-01 2.655e-03 7.163e-04 6.496e-03 -1.000 1.476e-02 12.197 20.944 18.515 16.721 14.679 12.502 10.126 9.512 9.215
0.01471 0.00000 9.00000 0.1220560521 1.3327170758    0.122 -2.952  3.4266  5.135    0  0.000  0.545     0.00     0.00     0.00     0.00     0.00 -1 -1.09e-16      0.00 7.105e-01 2.747e-01 2.655e-03 7.163e-04 6.496e-03 -1.000 1.476e-02 12.150 20.771 18.382 16.597 14.583 12.425 10.085 9.471 9.172
0.01471 0.00000 9.00000 0.1400000006 1.4384526719    0.140 -2.790  3.4443  5.103    0  0.000  0.545     0.00     0.00     0.00     0.00     0.00 -1 -1.53e-16      0.00 7.104e-01 2.748e-01 2.655e-03 7.163e-04 6.496e-03 -1.000 1.476e-02 11.746 19.442 17.329 15.621 13.810 11.799 9.722 9.105 8.806
0.01471 0.00000 9.00000 0.1481855512 1.4809975641    0.148 -2.731  3.4500  5.091    0  0.000  0.545     0.00     0.00     0.00     0.00     0.00 -1 -1.73e-16      0.00 7.104e-01 2.748e-01 2.655e-03 7.163e-04 6.496e-03 -1.000 1.476e-02 11.597 19.012 16.979 15.296 13.547 11.584 9.586 8.968 8.671
0.01471 0.00000 9.00000 0.1599999964 1.5372931554    0.160 -2.650  3.4578  5.075    0  0.000  0.545     0.00     0.00     0.00     0.00     0.00 -1 -2.04e-16      0.00 7.103e-01 2.749e-01 2.655e-03 7.163e-04 6.496e-03 -1.000 1.476e-02 11.394 18.440 16.514 14.852 13.188 11.299 9.403 8.785 8.489
0.01471 0.00000 9.00000 0.2000000030 1.6938790862    0.200 -2.434  3.4765  5.031    0  0.000  0.545     0.00     0.00     0.00     0.00     0.00 -1 -3.16e-16      0.00 7.102e-01 2.750e-01 2.655e-03 7.163e-04 6.496e-03 -1.000 1.476e-02 10.856 17.116 15.403 13.799 12.316 10.594 8.910 8.289 8.002
0.01471 0.00000 9.00000 0.2500000000 1.8403257998    0.250 -2.232  3.4929  4.992    0  0.000  0.545     0.00     0.00     0.00     0.00     0.00 -1 -4.71e-16      0.00 7.102e-01 2.751e-01 2.655e-03 7.163e-04 6.496e-03 -1.000 1.476e-02 10.351 16.026 14.458 12.888 11.538 9.971 8.447 7.824 7.547
0.01471 0.00000 9.00000 0.3139314055 1.9800002304    0.314 -2.030  3.5062  4.942    0  0.000  0.545     0.00     0.00     0.00     0.00     0.00 -1 -7.09e-16      0.00 7.104e-01 2.748e-01 2.655e-03 7.163e-04 6.496e-03 -1.000 1.476e-02 9.845 15.120 13.647 12.119 10.857 9.394 7.972 7.345 7.079
0.01471 0.00000 9.00000 0.3198592663 1.9910559255    0.320 -2.011  3.5074  4.936    0  0.000  0.545     0.00     0.00     0.00     0.00     0.00 -1 -7.38e-16      0.00 7.105e-01 2.748e-01 2.655e-03 7.163e-04 6.496e-03 -1.000 1.476e-02 9.798 15.040 13.575 12.050 10.796 9.341 7.927 7.300 7.036
0.01471 0.00000 9.00000 0.3476004303 2.0394670303    0.348 -1.932  3.5131  4.915    0  0.000  0.545     0.00     0.00     0.00     0.00     0.00 -1  -8.7e-16      0.00 7.106e-01 2.746e-01 2.655e-03 7.163e-04 6.496e-03 -1.000 1.476e-02 9.600 14.694 13.260 11.751 10.530 9.117 7.743 7.113 6.854
0.01471 0.00000 9.00000 0.3500000238 2.0434175133    0.350 -1.926  3.5136  4.914    0  0.000  0.545     0.00     0.00     0.00     0.00     0.00 -1 -8.82e-16      0.00 7.107e-01 2.746e-01 2.655e-03 7.163e-04 6.496e-03 -1.000 1.476e-02 9.584 14.666 13.235 11.727 10.508 9.099 7.728 7.098 6.839
0.01471 0.00000 9.00000 0.4000000358 2.1185024810    0.400 -1.777  3.5244  4.867    0  0.000  0.545     0.00     0.00     0.00     0.00     0.00 -1 -1.22e-15      0.00 7.107e-01 2.745e-01 2.655e-03 7.163e-04 6.496e-03 -1.000 1.476e-02 9.213 14.045 12.660 11.181 10.018 8.685 7.383 6.747 6.497
0.01471 0.00000 9.00000 0.4500000179 2.1822809362    0.450 -1.627  3.5364  4.815    0  0.000  0.545     0.00     0.00     0.00     0.00     0.00 -1 -1.73e-15      0.00 7.107e-01 2.745e-01 2.655e-03 7.163e-04 6.496e-03 -1.000 1.476e-02 8.837 13.440 12.086 10.635 9.525 8.270 7.037 6.393 6.151
0.01471 0.00000 9.00000 0.5000000000 2.2374541529    0.500 -1.471  3.5511  4.764    0  0.000  0.545     0.00     0.00     0.00     0.00     0.00 -1  -2.5e-15      0.00 7.107e-01 2.745e-01 2.655e-03 7.163e-04 6.496e-03 -1.000 1.476e-02 8.447 12.825 11.482 10.058 9.002 7.841 6.685 6.030 5.800
0.01471 0.00000 9.00000 0.5091509223 2.2466928275    0.509 -1.440  3.5547  4.756    0  0.000  0.545     0.00     0.00     0.00     0.00     0.00 -1 -2.68e-15      0.00 7.110e-01 2.743e-01 2.652e-03 7.156e-04 6.490e-03 -1.000 1.475e-02 8.370 12.700 11.356 9.936 8.892 7.756 6.618 5.960 5.733
0.01471 0.00000 9.00000 0.5500000119 2.2836582633    0.550 -1.310  3.5698  4.719    0  0.000  0.545     0.00     0.00     0.00     0.00     0.00 -1 -3.63e-15      0.00 7.130e-01 2.723e-01 2.634e-03 7.107e-04 6.446e-03 -1.000 1.467e-02 8.044 12.188 10.834 9.429 8.430 7.398 6.333 5.665 5.452
0.01471 0.00000 9.00000 0.5601863861 2.2919158665    0.560 -1.276  3.5747  4.712    0  0.000  0.545     0.00     0.00     0.00     0.00     0.00 -1 -3.92e-15      0.00 7.131e-01 2.722e-01 2.633e-03 7.105e-04 6.444e-03 -1.000 1.466e-02 7.959 12.048 10.689 9.289 8.303 7.305 6.261 5.590 5.382
0.01471 0.00000 9.00000 0.6000000238 2.3211213258    0.600 -1.148  3.5930  4.688    0  0.000  0.545     0.00     0.00     0.00     0.00     0.00 -1 -5.23e-15      0.00 7.134e-01 2.720e-01 2.631e-03 7.099e-04 6.439e-03 -1.000 1.461e-02 7.640 11.534 10.155 8.782 7.840 6.961 5.990 5.305 5.123
0.01471 0.00000 9.00000 0.6152634025 2.3311719739    0.615 -1.098  3.6010  4.681    0  0.000  0.545     0.00     0.00     0.00     0.00     0.00 -1 -5.84e-15      0.00 7.135e-01 2.718e-01 2.630e-03 7.096e-04 6.436e-03 -1.000 1.463e-02 7.514 11.329 9.939 8.584 7.660 6.828 5.884 5.193 5.024
0.01471 0.00000 9.00000 0.6377906799 2.3449998166    0.638 -1.025  3.6126  4.671    0  0.000  0.545     0.00     0.00     0.00     0.00     0.00 -1 -6.85e-15      0.00 7.137e-01 2.716e-01 2.629e-03 7.092e-04 6.433e-03 -1.000 1.465e-02 7.334 11.033 9.626 8.303 7.407 6.637 5.730 5.037 4.887
0.01471 0.00000 9.00000 0.6499999762 2.3520353107    0.650 -0.987  3.6190  4.666    0  0.000  0.545     0.00     0.00     0.00     0.00     0.00 -1 -7.45e-15      0.00 7.138e-01 2.716e-01 2.628e-03 7.091e-04 6.432e-03 -1.000 1.465e-02 7.238 10.869 9.457 8.154 7.273 6.537 5.648 4.957 4.816
0.01471 0.00000 9.00000 0.7000000477 2.3779267258    0.700 -0.833  3.6471  4.656    0  0.000  0.545     0.00     0.00     0.00     0.00     0.00 -1 -1.04e-14      0.00 7.141e-01 2.713e-01 2.626e-03 7.084e-04 6.426e-03 -1.000 1.464e-02 6.852 10.059 8.707 7.523 6.726 6.134 5.333 4.674 4.572
0.01471 0.00000 9.00000 0.7026700377 2.3791906255    0.703 -0.825  3.6486  4.656    0  0.000  0.544     0.00     0.00     0.00     0.00     0.00 -1 -1.05e-14      0.00 7.141e-01 2.713e-01 2.623e-03 7.083e-04 6.425e-03 -1.000 1.464e-02 6.832 10.008 8.666 7.489 6.697 6.112 5.317 4.662 4.561
0.01471 0.00000 9.00000 0.7500000000 2.3998889087    0.750 -0.686  3.6754  4.653    1  0.000  0.538     0.00     0.00     0.00     0.00     0.00 -1 -1.41e-14      0.00 7.144e-01 2.710e-01 2.588e-03 7.068e-04 6.420e-03 -1.000 1.461e-02 6.485 9.050 7.970 6.928 6.242 5.749 5.050 4.476 4.393
0.01471 0.00000 9.00000 0.7510547638 2.4003161194    0.751 -0.683  3.6759  4.652    1  0.000  0.538     0.00     0.00     0.00     0.00     0.00 -1 -1.42e-14      0.00 7.144e-01 2.710e-01 2.588e-03 7.068e-04 6.420e-03 -1.000 1.461e-02 6.478 9.032 7.957 6.917 6.233 5.741 5.045 4.471 4.389
0.01471 0.00000 9.00000 0.8000000119 2.4187244405    0.800 -0.554  3.6957  4.630    1  0.000  0.537     0.00     0.00     0.00     0.00     0.00 -1  -1.9e-14      0.00 7.150e-01 2.705e-01 2.584e-03 7.057e-04 6.411e-03 -1.000 1.459e-02 6.155 8.287 7.417 6.468 5.860 5.415 4.786 4.274 4.202
0.01471 0.00000 9.00000 0.8010122180 2.4190779167    0.801 -0.551  3.6961  4.630    1  0.000  0.537     0.00     0.00     0.00     0.00     0.00 -1 -1.91e-14      0.00 7.150e-01 2.704e-01 2.584e-03 7.057e-04 6.410e-03 -1.000 1.458e-02 6.149 8.272 7.407 6.459 5.853 5.408 4.781 4.270 4.198
0.01471 0.00000 9.00000 0.8500000238 2.4350346840    0.850 -0.428  3.7149  4.607    1  0.000  0.537     0.00     0.00     0.00     0.00     0.00 -1 -2.52e-14      0.00 7.156e-01 2.700e-01 2.580e-03 7.045e-04 6.400e-03 -1.000 1.449e-02 5.841 7.599 6.926 6.056 5.514 5.105 4.539 4.083 4.019
0.01471 0.00000 9.00000 0.8999999762 2.4492786016    0.899 -0.309  3.7324  4.582    1  0.000  0.537     0.00     0.00     0.00     0.00     0.00 -1 -3.32e-14      0.00 7.162e-01 2.692e-01 2.574e-03 7.029e-04 6.385e-03 -1.000 1.452e-02 5.542 6.993 6.490 5.688 5.197 4.817 4.306 3.898 3.840
0.01471 0.00000 9.00000 0.9066366553 2.4510339126    0.906 -0.293  3.7345  4.578    1  0.000  0.537     0.00     0.00     0.00     0.00     0.00 -1 -3.45e-14      0.00 7.164e-01 2.691e-01 2.573e-03 7.026e-04 6.383e-03 -1.000 1.452e-02 5.503 6.919 6.435 5.642 5.156 4.780 4.276 3.873 3.816
0.01471 0.00000 9.00000 0.9499999881 2.4618121868    0.950 -0.194  3.7480  4.554    1  0.000  0.537     0.00     0.00     0.00     0.00     0.00 -1 -4.35e-14      0.00 7.172e-01 2.683e-01 2.566e-03 7.008e-04 6.367e-03 -1.000 1.451e-02 5.256 6.436 6.089 5.351 4.906 4.552 4.088 3.717 3.667
0.01471 0.00000 9.00000 0.9986042380 2.4726228043    0.999 -0.087  3.7618  4.524    1  0.000  0.537     0.00     0.00     0.00     0.00     0.00 -1 -5.63e-14      0.00 7.185e-01 2.671e-01 2.556e-03 6.981e-04 6.342e-03 -1.000 1.442e-02 4.988 5.953 5.732 5.051 4.642 4.309 3.882 3.542 3.498
0.01471 0.00000 9.00000 1.0000000000 2.4729154477    1.000 -0.084  3.7621  4.523    1  0.000  0.537     0.00     0.00     0.00     0.00     0.00 -1 -5.67e-14      0.00 7.185e-01 2.671e-01 2.556e-03 6.980e-04 6.341e-03 -1.000 1.441e-02 4.980 5.940 5.722 5.042 4.635 4.302 3.876 3.537 3.493
0.01471 0.00000 9.00000 1.0180330276 2.4766135269    1.018 -0.045  3.7667  4.510    1  0.000  0.537     0.00     0.00     0.00     0.00     0.00 -1 -6.06e-14      0.00 7.192e-01 2.664e-01 2.550e-03 6.966e-04 6.328e-03 -1.000 1.437e-02 4.883 5.777 5.596 4.936 4.540 4.215 3.802 3.472 3.431
0.01471 0.00000 9.00000 1.0499999523 2.4828114860    1.049  0.022  3.7747  4.488    1  0.000  0.537     0.00     0.00     0.00     0.00     0.00 -1 -6.83e-14      0.00 7.205e-01 2.652e-01 2.540e-03 6.938e-04 6.304e-03 -1.000 1.430e-02 4.714 5.501 5.378 4.753 4.378 4.065 3.673 3.360 3.323
0.01471 0.00000 9.00000 1.1000000238 2.4916801480    1.099  0.125  3.7861  4.450    1  0.000  0.537     0.00     0.00     0.00     0.00     0.00 -1 -8.15e-14      0.00 7.237e-01 2.621e-01 2.514e-03 6.870e-04 6.242e-03 -1.000 1.416e-02 4.457 5.111 5.056 4.480 4.132 3.838 3.473 3.184 3.152
0.01471 0.00000 9.00000 1.1217247248 2.4952513751    1.121  0.169  3.7906  4.433    1  0.000  0.537     0.00     0.00     0.00     0.00     0.00 -1 -8.75e-14      0.00 7.253e-01 2.606e-01 2.503e-03 6.839e-04 6.215e-03 -1.000 1.411e-02 4.348 4.955 4.922 4.366 4.028 3.741 3.388 3.108 3.078
0.01471 0.00000 9.00000 1.1499999762 2.4996678137    1.149  0.224  3.7964  4.412    1  0.000  0.537     0.00     0.00     0.00     0.00     0.00 -1 -9.59e-14      0.00 7.274e-01 2.586e-01 2.488e-03 6.798e-04 6.179e-03 -1.000 1.405e-02 4.209 4.763 4.753 4.222 3.897 3.619 3.279 3.011 2.983
0.01471 0.00000 9.00000 1.2000000477 2.5068948796    1.199  0.320  3.8062  4.373    1  0.000  0.537     0.00     0.00     0.00     0.00     0.00 -1 -1.11e-13      0.00 7.272e-01 2.587e-01 2.496e-03 6.823e-04 6.202e-03 -1.000 1.408e-02 3.969 4.443 4.464 3.974 3.670 3.408 3.091 2.842 2.817
0.01471 0.00000 9.00000 1.2500000000 2.5134610955    1.250  0.411  3.8153  4.337    1  0.000  0.536     0.00     0.00     0.00     0.00     0.00 -1 -1.26e-13      0.00 7.275e-01 2.584e-01 2.495e-03 6.821e-04 6.201e-03 -1.000 1.410e-02 3.742 4.156 4.194 3.741 3.456 3.209 2.913 2.681 2.660
0.01471 0.00000 9.00000 1.2523998022 2.5137611183    1.252  0.415  3.8157  4.335    1  0.000  0.536     0.00     0.00     0.00     0.00     0.00 -1 -1.27e-13      0.00 7.276e-01 2.583e-01 2.495e-03 6.821e-04 6.201e-03 -1.000 1.410e-02 3.732 4.143 4.182 3.730 3.446 3.199 2.904 2.674 2.652
0.01471 0.00000 9.00000 1.2999999523 2.5194498592    1.300  0.497  3.8240  4.303    1  0.000  0.536     0.00     0.00     0.00     0.00     0.00 -1  -1.4e-13      0.00 7.278e-01 2.581e-01 2.493e-03 6.815e-04 6.196e-03 -1.000 1.411e-02 3.527 3.898 3.941 3.518 3.250 3.017 2.742 2.528 2.508
0.01471 0.00000 9.00000 1.3100297451 2.5205880479    1.310  0.514  3.8258  4.296    1  0.000  0.536     0.00     0.00     0.00     0.00     0.00 -1 -1.42e-13      0.00 7.277e-01 2.582e-01 2.494e-03 6.818e-04 6.198e-03 -1.000 1.411e-02 3.485 3.848 3.891 3.475 3.211 2.981 2.710 2.499 2.480
0.01471 0.00000 9.00000 1.3499999046 2.5249313472    1.350  0.580  3.8327  4.272    1  0.000  0.537     0.00     0.00     0.00     0.00     0.00 -1  -1.5e-13      0.00 7.271e-01 2.588e-01 2.498e-03 6.829e-04 6.207e-03 -1.000 1.410e-02 3.321 3.656 3.699 3.306 3.055 2.837 2.582 2.386 2.367
0.01471 0.00000 9.00000 1.3999999762 2.5299650300    1.400  0.658  3.8417  4.245    1  0.000  0.537     0.00     0.00     0.00     0.00     0.00 -1 -1.56e-13      0.00 7.273e-01 2.586e-01 2.496e-03 6.822e-04 6.202e-03 -1.000 1.412e-02 3.125 3.432 3.468 3.104 2.871 2.668 2.433 2.254 2.237
0.01471 0.00000 9.00000 1.4399902821 2.5337029813    1.440  0.719  3.8495  4.228    1  0.000  0.537     0.00     0.00     0.00     0.00     0.00 -1 -1.56e-13      0.00 7.276e-01 2.583e-01 2.494e-03 6.817e-04 6.198e-03 -1.000 1.413e-02 2.973 3.259 3.288 2.948 2.730 2.542 2.324 2.161 2.144
0.01471 0.00000 9.00000 1.4500000477 2.5346015836    1.450  0.734  3.8514  4.223    1  0.000  0.536     0.00     0.00     0.00     0.00     0.00 -1 -1.56e-13      0.00 7.276e-01 2.582e-01 2.493e-03 6.816e-04 6.197e-03 -1.000 1.414e-02 2.936 3.217 3.244 2.909 2.696 2.510 2.297 2.137 2.121
0.01471 0.00000 9.00000 1.4882066250 2.5379040649    1.488  0.789  3.8591  4.210    1  0.000  0.536     0.00     0.00     0.00     0.00     0.00 -1  -1.5e-13      0.00 7.279e-01 2.580e-01 2.491e-03 6.811e-04 6.192e-03 -1.000 1.411e-02 2.797 3.060 3.078 2.765 2.567 2.396 2.199 2.054 2.039
0.01471 0.00000 9.00000 1.5000000000 2.5388844597    1.500  0.806  3.8613  4.205    1  0.000  0.536     0.00     0.00     0.00     0.00     0.00 -1 -1.48e-13      0.00 7.280e-01 2.579e-01 2.491e-03 6.810e-04 6.191e-03 -1.000 1.410e-02 2.754 3.013 3.028 2.722 2.529 2.361 2.169 2.029 2.014
0.01471 0.00000 9.00000 1.5499999523 2.5428511323    1.550  0.876  3.8703  4.186    1  0.000  0.536     0.00     0.00     0.00     0.00     0.00 -1 -1.31e-13      0.00 7.283e-01 2.577e-01 2.489e-03 6.802e-04 6.187e-03 -1.000 1.402e-02 2.581 2.825 2.826 2.544 2.369 2.218 2.045 1.922 1.907
0.01471 0.00000 9.00000 1.5916202068 2.5459353600    1.591  0.932  3.8768  4.167    1  0.000  0.536     0.00     0.00     0.00     0.00     0.00 -1 -1.07e-13      0.00 7.284e-01 2.576e-01 2.488e-03 6.800e-04 6.185e-03 -1.000 1.408e-02 2.440 2.675 2.666 2.402 2.240 2.102 1.942 1.831 1.817
0.01471 0.00000 9.00000 1.6000000238 2.5465340628    1.600  0.943  3.8780  4.163    1  0.000  0.536     0.00     0.00     0.00     0.00     0.00 -1 -1.03e-13      0.00 7.284e-01 2.576e-01 2.488e-03 6.802e-04 6.184e-03 -1.000 1.407e-02 2.412 2.645 2.634 2.373 2.214 2.078 1.921 1.811 1.798
0.01471 0.00000 9.00000 1.6272027493 2.5484288036    1.627  0.979  3.8815  4.148    1  0.000  0.536     0.00     0.00     0.00     0.00     0.00 -1 -7.72e-14      0.00 7.284e-01 2.575e-01 2.488e-03 6.801e-04 6.183e-03 -1.000 1.404e-02 2.323 2.551 2.533 2.282 2.131 2.002 1.852 1.748 1.735
0.01471 0.00000 9.00000 1.6500000954 2.5499614852    1.649  1.009  3.8841  4.135    1  0.000  0.536     0.00     0.00     0.00     0.00     0.00 -1  -6.1e-14      0.00 7.284e-01 2.575e-01 2.487e-03 6.801e-04 6.183e-03 -1.000 1.407e-02 2.248 2.473 2.450 2.207 2.061 1.937 1.792 1.693 1.680
0.01471 0.00000 9.00000 1.6637744904 2.5508641738    1.663  1.027  3.8856  4.127    1  0.000  0.536     0.00     0.00     0.00     0.00     0.00 -1 -1.31e-18      0.00 7.284e-01 2.575e-01 2.488e-03 6.801e-04 6.183e-03 -1.000 1.408e-02 2.203 2.427 2.400 2.161 2.019 1.898 1.756 1.660 1.647
0.01471 0.00000 9.00000 1.7000000477 2.5531580802    1.699  1.074  3.8890  4.103    1  0.000  0.537     0.00     0.00     0.00     0.00     0.00 -1    -1e-30      0.00 7.284e-01 2.576e-01 2.488e-03 6.804e-04 6.183e-03 -1.000 1.407e-02 2.085 2.305 2.271 2.042 1.907 1.793 1.658 1.568 1.555
0.01471 0.00000 9.00000 1.7298630476 2.5549662417    1.729  1.112  3.8916  4.082    1  0.000  0.537     0.00     0.00     0.00     0.00     0.00 -1    -1e-30      0.00 7.284e-01 2.576e-01 2.488e-03 6.805e-04 6.182e-03 -1.000 1.405e-02 1.989 2.206 2.166 1.945 1.816 1.707 1.577 1.492 1.479
0.01471 0.00000 9.00000 1.7500000000 2.5561455243    1.749  1.138  3.8929  4.066    1  0.000  0.537     0.00     0.00     0.00     0.00     0.00 -1    -1e-30      0.00 7.283e-01 2.576e-01 2.489e-03 6.805e-04 6.183e-03 -1.000 1.403e-02 1.924 2.140 2.096 1.880 1.754 1.648 1.520 1.438 1.425
0.01471 0.00000 9.00000 1.7665035725 2.5570890058    1.765  1.159  3.8940  4.053    1  0.000  0.537     0.00     0.00     0.00     0.00     0.00 -1    -1e-30      0.00 7.283e-01 2.577e-01 2.489e-03 6.806e-04 6.183e-03 -1.000 1.406e-02 1.872 2.087 2.039 1.827 1.703 1.599 1.474 1.393 1.380
0.01471 0.00000 9.00000 1.7961140871 2.5587319145    1.795  1.197  3.8952  4.027    1  0.000  0.537     0.00     0.00     0.00     0.00     0.00 -1    -1e-30      0.00 7.282e-01 2.577e-01 2.489e-03 6.808e-04 6.185e-03 -1.000 1.408e-02 1.777 1.991 1.938 1.731 1.611 1.510 1.386 1.308 1.294
0.01471 0.00000 9.00000 1.7999998331 2.5589429021    1.799  1.202  3.8952  4.024    1  0.000  0.537     0.00     0.00     0.00     0.00     0.00 -1    -1e-30      0.00 7.282e-01 2.577e-01 2.489e-03 6.809e-04 6.186e-03 -1.000 1.408e-02 1.764 1.979 1.925 1.718 1.598 1.497 1.374 1.296 1.282
0.01471 0.00000 9.00000 1.8225686550 2.5601479123    1.821  1.231  3.8956  4.001    1  0.000  0.537     0.00     0.00     0.00     0.00     0.00 -1    -1e-30      0.00 7.281e-01 2.578e-01 2.490e-03 6.812e-04 6.186e-03 -1.000 1.405e-02 1.692 1.907 1.850 1.645 1.526 1.427 1.304 1.226 1.213
0.01471 0.00000 9.00000 1.8499999046 2.5615671142    1.849  1.266  3.8954  3.972    1  0.000  0.537     0.00     0.00     0.00     0.00     0.00 -1    -1e-30      0.00 7.280e-01 2.580e-01 2.491e-03 6.817e-04 6.187e-03 -1.000 1.408e-02 1.604 1.820 1.759 1.556 1.438 1.339 1.215 1.138 1.124
0.01471 0.00000 9.00000 1.8551179171 2.5618265659    1.854  1.273  3.8953  3.966    1  0.000  0.537     0.00     0.00     0.00     0.00     0.00 -1    -1e-30      0.00 7.279e-01 2.580e-01 2.491e-03 6.817e-04 6.188e-03 -1.000 1.409e-02 1.588 1.804 1.743 1.540 1.422 1.322 1.199 1.121 1.108
0.01471 0.00000 9.00000 1.8823246956 2.5631785872    1.881  1.307  3.8942  3.934    1  0.000  0.537     0.00     0.00     0.00     0.00     0.00 -1    -1e-30      0.00 7.278e-01 2.581e-01 2.492e-03 6.818e-04 6.191e-03 -1.000 1.411e-02 1.502 1.720 1.656 1.452 1.333 1.232 1.106 1.028 1.014
0.01471 0.00000 9.00000 1.8999999762 2.5640331260    1.899  1.329  3.8927  3.910    1  0.000  0.537     0.00     0.00     0.00     0.00     0.00 -1    -1e-30      0.00 7.277e-01 2.582e-01 2.493e-03 6.819e-04 6.193e-03 -1.000 1.411e-02 1.447 1.667 1.602 1.396 1.274 1.171 1.042 0.962 0.948
0.01471 0.00000 9.00000 1.9149891138 2.5647436018    1.914  1.348  3.8914  3.890    1  0.000  0.537     0.00     0.00     0.00     0.00     0.00 -1    -1e-30      0.00 7.276e-01 2.582e-01 2.493e-03 6.820e-04 6.195e-03 -1.000 1.412e-02 1.400 1.622 1.556 1.348 1.224 1.119 0.988 0.906 0.892
0.01471 0.00000 9.00000 1.9452922344 2.5661415669    1.945  1.386  3.8872  3.842    1  0.000  0.537     0.00     0.00     0.00     0.00     0.00 -1    -1e-30      0.00 7.275e-01 2.584e-01 2.495e-03 6.823e-04 6.198e-03 -1.000 1.407e-02 1.306 1.536 1.469 1.251 1.120 1.009 0.869 0.781 0.766
0.01471 0.00000 9.00000 1.9500000477 2.5663542714    1.950  1.391  3.8863  3.834    1  0.000  0.537     0.00     0.00     0.00     0.00     0.00 -1    -1e-30      0.00 7.275e-01 2.585e-01 2.495e-03 6.823e-04 6.199e-03 -1.000 1.406e-02 1.292 1.523 1.457 1.237 1.104 0.991 0.850 0.761 0.746
0.01471 0.00000 9.00000 1.9707070589 2.5672759794    1.971  1.416  3.8823  3.797    1  0.000  0.537     0.00     0.00     0.00     0.00     0.00 -1    -1e-30      0.00 7.273e-01 2.586e-01 2.496e-03 6.826e-04 6.201e-03 -1.000 1.406e-02 1.229 1.468 1.402 1.173 1.033 0.913 0.764 0.668 0.653
0.01471 0.00000 9.00000 1.9972145557 2.5684238604    1.997  1.448  3.8752  3.744    1  0.000  0.537     0.00     0.00     0.00     0.00     0.00 -1    -1e-30      0.00 7.271e-01 2.588e-01 2.498e-03 6.830e-04 6.205e-03 -1.000 1.409e-02 1.151 1.405 1.341 1.093 0.940 0.809 0.645 0.539 0.522
0.01471 0.00000 9.00000 2.0000000000 2.5685424513    2.000  1.451  3.8743  3.737    1  0.000  0.537     0.00     0.00     0.00     0.00     0.00 -1    -1e-30      0.00 7.271e-01 2.588e-01 2.498e-03 6.830e-04 6.205e-03 -1.000 1.410e-02 1.143 1.399 1.335 1.085 0.930 0.797 0.632 0.523 0.507
0.01471 0.00000 9.00000 2.0167863369 2.5692491644    2.017  1.470  3.8685  3.698    1  0.000  0.537     0.00     0.00     0.00     0.00     0.00 -1    -1e-30      0.00 7.270e-01 2.589e-01 2.499e-03 6.833e-04 6.208e-03 -1.000 1.414e-02 1.094 1.363 1.301 1.036 0.870 0.727 0.550 0.432 0.415
0.01471 0.00000 9.00000 2.0373423100 2.5700963657    2.037  1.494  3.8603  3.646    1  0.000  0.537     0.00     0.00     0.00     0.00     0.00 -1    -1e-30      0.00 7.268e-01 2.591e-01 2.500e-03 6.837e-04 6.211e-03 -1.000 1.413e-02 1.036 1.325 1.266 0.979 0.797 0.639 0.445 0.313 0.294
0.01471 0.00000 9.00000 2.0499999523 2.5706083333    2.050  1.508  3.8545  3.612    1  0.000  0.537     0.00     0.00     0.00     0.00     0.00 -1    -1e-30      0.00 7.267e-01 2.592e-01 2.501e-03 6.840e-04 6.214e-03 -1.000 1.412e-02 1.000 1.306 1.249 0.945 0.752 0.584 0.378 0.236 0.216
0.01471 0.00000 9.00000 2.0582773685 2.5709392193    2.058  1.517  3.8506  3.589    1  0.000  0.537     0.00     0.00     0.00     0.00     0.00 -1    -1e-30      0.00 7.266e-01 2.593e-01 2.502e-03 6.841e-04 6.215e-03 -1.000 1.412e-02 0.977 1.295 1.239 0.924 0.723 0.548 0.333 0.184 0.164
0.01471 0.00000 9.00000 2.0722017288 2.5714889870    2.071  1.533  3.8430  3.546    1  0.000  0.537     0.00     0.00     0.00     0.00     0.00 -1    -1e-30      0.00 7.265e-01 2.594e-01 2.503e-03 6.842e-04 6.218e-03 -1.000 1.414e-02 0.938 1.281 1.226 0.889 0.673 0.484 0.253 0.090 0.068
0.01471 0.00000 9.00000 2.0884652138 2.5721204471    2.087  1.555  3.8357  3.498    1  0.000  0.537     0.00     0.00     0.00     0.00     0.00 -1    -1e-30      0.00 7.263e-01 2.595e-01 2.504e-03 6.845e-04 6.221e-03 -1.000 1.415e-02 0.883 1.252 1.197 0.838 0.607 0.406 0.158 -0.019 -0.042
0.01471 0.00000 9.00000 2.0959124565 2.5724058412    2.095  1.567  3.8332  3.477    1  0.000  0.537     0.00     0.00     0.00     0.00     0.00 -1    -1e-30      0.00 7.262e-01 2.596e-01 2.505e-03 6.846e-04 6.223e-03 -1.000 1.414e-02 0.854 1.233 1.177 0.810 0.575 0.369 0.116 -0.066 -0.089
0.01471 0.00000 9.00000 2.0999999046 2.5725614918    2.099  1.581  3.8373  3.480    1  0.000  0.537     0.00     0.00     0.00     0.00     0.00 -1    -1e-30      0.00 7.262e-01 2.597e-01 2.505e-03 6.847e-04 6.224e-03 -1.000 1.413e-02 0.816 1.181 1.123 0.769 0.543 0.345 0.100 -0.073 -0.096
0.01471 0.00000 9.00000 2.1018009186 2.5726298537    2.101  1.588  3.8392  3.481    1  0.000  0.537     0.00     0.00     0.00     0.00     0.00 -1    -1e-30      0.00 7.262e-01 2.597e-01 2.505e-03 6.847e-04 6.224e-03 -1.000 1.412e-02 0.800 1.158 1.098 0.751 0.528 0.334 0.094 -0.076 -0.098
0.01471 0.00000 9.00000 2.1052856445 2.5727617433    2.104  1.610  3.8485  3.497    1  0.000  0.537     0.00     0.00     0.00     0.00     0.00 -1    -1e-30      0.00 7.262e-01 2.597e-01 2.505e-03 6.848e-04 6.225e-03 -1.000 1.412e-02 0.746 1.074 1.008 0.690 0.487 0.309 0.090 -0.062 -0.083
0.01471 0.00000 9.00000 2.1066296101 2.5728124755    2.106  1.629  3.8584  3.518    1  0.000  0.537     0.00     0.00     0.00     0.00     0.00 -1    -1e-30      0.00 7.261e-01 2.597e-01 2.505e-03 6.849e-04 6.225e-03 -1.000 1.413e-02 0.698 0.998 0.924 0.637 0.454 0.295 0.097 -0.036 -0.056
0.01471 0.00000 9.00000 2.1073169708 2.5728383933    2.106  1.648  3.8683  3.539    1  0.000  0.537     0.00     0.00     0.00     0.00     0.00 -1    -1e-30      0.00 7.261e-01 2.597e-01 2.505e-03 6.849e-04 6.225e-03 -1.000 1.413e-02 0.650 0.926 0.844 0.585 0.423 0.283 0.105 -0.010 -0.028
0.01471 0.00000 9.00000 2.1077179909 2.5728535054    2.107  1.668  3.8782  3.558    1  0.000  0.537     0.00     0.00     0.00     0.00     0.00 -1    -1e-30      0.00 7.261e-01 2.598e-01 2.505e-03 6.849e-04 6.225e-03 -1.000 1.413e-02 0.599 0.852 0.761 0.532 0.391 0.269 0.111 0.013 -0.005
0.01471 0.00000 9.00000 2.1079645157 2.5728627921    2.107  1.691  3.8878  3.574    1  0.000  0.537     0.00     0.00     0.00     0.00     0.00 -1    -1e-30      0.00 7.261e-01 2.598e-01 2.505e-03 6.849e-04 6.226e-03 -1.000 1.413e-02 0.542 0.776 0.675 0.477 0.355 0.251 0.112 0.029 0.013
0.01471 0.00000 9.00000 2.1081302166 2.5728690327    2.107  1.714  3.8969  3.587    1  0.000  0.537     0.00     0.00     0.00     0.00     0.00 -1    -1e-30      0.00 7.261e-01 2.598e-01 2.505e-03 6.849e-04 6.226e-03 -1.000 1.413e-02 0.484 0.700 0.591 0.423 0.320 0.231 0.109 0.038 0.023
0.01471 0.00000 9.00000 2.1082367897 2.5728730459    2.107  1.725  3.9018  3.596    1  0.000  0.537     0.00     0.00     0.00     0.00     0.00 -1    -1e-30      0.00 7.261e-01 2.598e-01 2.505e-03 6.849e-04 6.226e-03 -1.000 1.413e-02 0.457 0.664 0.553 0.401 0.307 0.225 0.112 0.049 0.034
0.01471 0.00000 9.00000 2.1082985401 2.5728753710    2.107  1.701  3.8969  3.601    2  0.000  0.537     0.00     0.00     0.00     0.00     0.00 -1    -1e-30      0.00 7.261e-01 2.598e-01 2.505e-03 6.849e-04 6.226e-03 -1.000 1.413e-02 0.518 0.734 0.627 0.458 0.354 0.265 0.143 0.073 0.058
0.01471 0.00000 9.00000 2.1083567142 2.5728775613    2.107  1.674  3.8894  3.597    2  0.000  0.537     0.00     0.00     0.00     0.00     0.00 -1    -1e-30      0.00 7.261e-01 2.598e-01 2.505e-03 6.849e-04 6.226e-03 -1.000 1.413e-02 0.585 0.815 0.715 0.521 0.401 0.299 0.164 0.083 0.067
0.01471 0.00000 9.00000 2.1084120274 2.5728796437    2.107  1.657  3.8804  3.578    2  0.000  0.537     0.00     0.00     0.00     0.00     0.00 -1    -1e-30      0.00 7.261e-01 2.598e-01 2.505e-03 6.849e-04 6.226e-03 -1.000 1.413e-02 0.628 0.876 0.785 0.562 0.424 0.306 0.153 0.058 0.041
0.01471 0.00000 9.00000 2.1084871292 2.5728824710    2.107  1.651  3.8688  3.538    2  0.000  0.537     0.00     0.00     0.00     0.00     0.00 -1    -1e-30      0.00 7.261e-01 2.598e-01 2.505e-03 6.849e-04 6.226e-03 -1.000 1.413e-02 0.643 0.917 0.834 0.577 0.416 0.277 0.101 -0.013 -0.032
0.01471 0.00000 9.00000 2.1085760593 2.5728858185    2.108  1.657  3.8572  3.485    2  0.000  0.537     0.00     0.00     0.00     0.00     0.00 -1    -1e-30      0.00 7.261e-01 2.598e-01 2.505e-03 6.849e-04 6.226e-03 -1.000 1.413e-02 0.626 0.931 0.854 0.564 0.380 0.219 0.019 -0.115 -0.136
0.01471 0.00000 9.00000 2.1086804867 2.5728897490    2.108  1.666  3.8456  3.430    2  0.000  0.537     0.00     0.00     0.00     0.00     0.00 -1    -1e-30      0.00 7.261e-01 2.598e-01 2.505e-03 6.849e-04 6.226e-03 -1.000 1.413e-02 0.606 0.946 0.875 0.550 0.342 0.160 -0.066 -0.221 -0.243
0.01471 0.00000 9.00000 2.1087987423 2.5728941994    2.108  1.670  3.8339  3.379    2  0.000  0.537     0.00     0.00     0.00     0.00     0.00 -1    -1e-30      0.00 7.261e-01 2.598e-01 2.505e-03 6.849e-04 6.226e-03 -1.000 1.413e-02 0.594 0.976 0.908 0.546 0.314 0.112 -0.140 -0.318 -0.342
0.01471 0.00000 9.00000 2.1089298725 2.5728991336    2.108  1.671  3.8226  3.333    2  0.000  0.537     0.00     0.00     0.00     0.00     0.00 -1    -1e-30      0.00 7.261e-01 2.598e-01 2.505e-03 6.849e-04 6.226e-03 -1.000 1.413e-02 0.591 1.023 0.953 0.553 0.298 0.076 -0.203 -0.403 -0.429
0.01471 0.00000 9.00000 2.1090741158 2.5729045605    2.108  1.670  3.8118  3.291    2  0.000  0.537     0.00     0.00     0.00     0.00     0.00 -1    -1e-30      0.00 7.261e-01 2.598e-01 2.506e-03 6.849e-04 6.226e-03 -1.000 1.413e-02 0.595 1.083 1.007 0.567 0.291 0.049 -0.254 -0.477 -0.505
0.01471 0.00000 9.00000 2.1092367172 2.5729106770    2.108  1.666  3.8018  3.255    2  0.000  0.537     0.00     0.00     0.00     0.00     0.00 -1    -1e-30      0.00 7.261e-01 2.598e-01 2.506e-03 6.849e-04 6.226e-03 -1.000 1.413e-02 0.605 1.162 1.070 0.588 0.289 0.030 -0.298 -0.540 -0.572
0.01471 0.00000 9.00000 2.1094300747 2.5729179491    2.108  1.659  3.7922  3.224    2  0.000  0.537     0.00     0.00     0.00     0.00     0.00 -1    -1e-30      0.00 7.261e-01 2.598e-01 2.506e-03 6.849e-04 6.226e-03 -1.000 1.413e-02 0.623 1.255 1.142 0.618 0.298 0.022 -0.329 -0.592 -0.627
0.01471 0.00000 9.00000 2.1096796989 2.5729273350    2.109  1.647  3.7824  3.197    2  0.000  0.537     0.00     0.00     0.00     0.00     0.00 -1    -1e-30      0.00 7.261e-01 2.598e-01 2.506e-03 6.850e-04 6.226e-03 -1.000 1.413e-02 0.653 1.370 1.230 0.662 0.320 0.027 -0.348 -0.632 -0.670
0.01471 0.00000 9.00000 2.1099984646 2.5729393170    2.109  1.627  3.7719  3.175    2  0.000  0.537     0.00     0.00     0.00     0.00     0.00 -1    -1e-30      0.00 7.261e-01 2.598e-01 2.506e-03 6.850e-04 6.226e-03 -1.000 1.413e-02 0.703 1.526 1.349 0.732 0.365 0.053 -0.351 -0.660 -0.702
0.01471 0.00000 9.00000 2.1102750301 2.5729497093    2.109  1.605  3.7636  3.164    2  0.000  0.537     0.00     0.00     0.00     0.00     0.00 -1    -1e-30      0.00 7.257e-01 2.601e-01 2.508e-03 6.856e-04 6.232e-03 -1.000 1.416e-02 0.758 1.670 1.459 0.805 0.419 0.092 -0.334 -0.664 -0.708
0.01471 0.00000 9.00000 2.1105723381 2.5729608776    2.110  1.575  3.7551  3.159    2  0.000  0.537     0.00     0.00     0.00     0.00     0.00 -1    -1e-30      0.00 7.234e-01 2.624e-01 2.525e-03 6.902e-04 6.272e-03 -1.000 1.426e-02 0.832 1.840 1.589 0.899 0.494 0.152 -0.298 -0.649 -0.696
0.01471 0.00000 9.00000 2.1108386517 2.5729708785    2.110  1.544  3.7477  3.161    2  0.000  0.537     0.00     0.00     0.00     0.00     0.00 -1    -1e-30      0.00 7.196e-01 2.661e-01 2.554e-03 6.978e-04 6.341e-03 -1.000 1.439e-02 0.911 2.008 1.718 0.997 0.575 0.220 -0.251 -0.621 -0.671
0.01471 0.00000 9.00000 2.1110694408 2.5729795430    2.110  1.514  3.7416  3.166    2  0.000  0.537     0.00     0.00     0.00     0.00     0.00 -1    -1e-30      0.00 7.173e-01 2.682e-01 2.571e-03 7.024e-04 6.382e-03 -1.000 1.451e-02 0.985 2.163 1.833 1.089 0.652 0.286 -0.204 -0.591 -0.642
0.01471 0.00000 9.00000 2.1113617420 2.5729905137    2.110  1.479  3.7339  3.171    2  0.000  0.537     0.00     0.00     0.00     0.00     0.00 -1    -1e-30      0.00 7.154e-01 2.701e-01 2.585e-03 7.062e-04 6.416e-03 -1.000 1.456e-02 1.073 2.357 1.977 1.201 0.746 0.368 -0.146 -0.553 -0.607
0.01471 0.00000 9.00000 2.1115806103 2.5729987260    2.111  1.456  3.7283  3.171    2  0.000  0.537     0.00     0.00     0.00     0.00     0.00 -1    -1e-30      0.00 7.144e-01 2.711e-01 2.593e-03 7.082e-04 6.433e-03 -1.000 1.458e-02 1.129 2.494 2.074 1.275 0.807 0.419 -0.112 -0.534 -0.590
0.01471 0.00000 9.00000 2.1119546890 2.5730127576    2.111  1.450  3.7198  3.144    3  0.000  0.537     0.00     0.00     0.00     0.00     0.00 -1    -1e-30      0.00 7.133e-01 2.720e-01 2.599e-03 7.100e-04 6.449e-03 -1.000 1.465e-02 1.145 2.640 2.154 1.320 0.831 0.429 -0.129 -0.575 -0.633
0.01471 0.00000 9.00000 2.1124029160 2.5730295630    2.111  1.472  3.7110  3.087    3  0.000  0.535     0.00     0.00     0.00     0.00     0.00 -1    -1e-30      0.00 7.122e-01 2.731e-01 2.593e-03 7.146e-04 6.462e-03 -1.000 1.469e-02 1.090 2.732 2.171 1.299 0.788 0.371 -0.217 -0.687 -0.748
0.01471 0.00000 9.00000 2.1127762794 2.5730435552    2.112  1.510  3.7052  3.026    3  0.000  0.515     0.00     0.00     0.00     0.00     0.00 -1    -1e-30      0.00 7.112e-01 2.741e-01 2.499e-03 7.944e-04 6.469e-03 -1.000 1.472e-02 0.996 2.740 2.127 1.229 0.703 0.275 -0.332 -0.818 -0.882
0.01471 0.00000 9.00000 2.1130743027 2.5730547199    2.112  1.546  3.7013  2.974    3  0.000  0.480     0.00     0.00     0.00     0.00     0.00 -1    -1e-30      0.00 7.103e-01 2.749e-01 2.331e-03 9.754e-04 6.472e-03 -1.000 1.474e-02 0.905 2.718 2.070 1.154 0.619 0.184 -0.437 -0.934 -1.000
0.01471 0.00000 9.00000 2.1133723259 2.5730658809    2.112  1.585  3.6978  2.922    3  0.000  0.440     0.00     0.00     0.00     0.00     0.00 -1    -1e-30      0.00 7.093e-01 2.759e-01 2.139e-03 1.205e-03 6.475e-03 -1.000 1.477e-02 0.809 2.686 2.005 1.074 0.529 0.088 -0.545 -1.052 -1.119
0.01471 0.00000 9.00000 2.1136672497 2.5730769224    2.113  1.624  3.6947  2.870    3  0.000  0.411     0.00     0.00     0.00     0.00     0.00 -1    -1e-30      0.00 7.083e-01 2.769e-01 1.999e-03 1.379e-03 6.477e-03 -1.000 1.480e-02 0.710 2.646 1.935 0.990 0.437 -0.010 -0.655 -1.170 -1.239
0.01471 0.00000 9.00000 2.1139543056 2.5730876658    2.113  1.663  3.6917  2.818    3  0.000  0.392     0.00     0.00     0.00     0.00     0.00 -1    -1e-30      0.00 7.073e-01 2.779e-01 1.907e-03 1.493e-03 6.480e-03 -1.000 1.485e-02 0.612 2.602 1.864 0.905 0.345 -0.108 -0.763 -1.287 -1.358
0.01471 0.00000 9.00000 2.1142323017 2.5730980670    2.113  1.702  3.6889  2.768    3  0.000  0.380     0.00     0.00     0.00     0.00     0.00 -1    -1e-30      0.00 7.063e-01 2.788e-01 1.847e-03 1.574e-03 6.483e-03 -1.000 1.488e-02 0.514 2.558 1.793 0.821 0.254 -0.205 -0.870 -1.402 -1.474
0.01471 0.00000 9.00000 2.1145050526 2.5731082689    2.113  1.741  3.6862  2.718    3  0.000  0.372     0.00     0.00     0.00     0.00     0.00 -1    -1e-30      0.00 7.048e-01 2.804e-01 1.804e-03 1.654e-03 6.462e-03 -1.000 1.489e-02 0.417 2.515 1.722 0.739 0.163 -0.301 -0.976 -1.516 -1.590
0.01471 0.00000 9.00000 2.1147761345 2.5731184053    2.114  1.780  3.6835  2.670    3  0.000  0.369     0.00     0.00     0.00     0.00     0.00 -1    -1e-30      0.00 7.023e-01 2.829e-01 1.771e-03 1.754e-03 6.395e-03 -1.000 1.487e-02 0.321 2.471 1.652 0.657 0.074 -0.395 -1.080 -1.628 -1.703
0.01471 0.00000 9.00000 2.1149792671 2.5731259990    2.114  1.808  3.6816  2.634    3  0.000  0.368     0.00     0.00     0.00     0.00     0.00 -1    -1e-30      0.00 6.999e-01 2.852e-01 1.749e-03 1.831e-03 6.337e-03 -1.000 1.488e-02 0.250 2.436 1.600 0.595 0.008 -0.466 -1.158 -1.711 -1.787
0.01471 0.00000 9.00000 2.1150491238 2.5731286101    2.114  1.818  3.6810  2.621    3  0.000  0.368     0.00     0.00     0.00     0.00     0.00 -1    -1e-30      0.00 6.991e-01 2.860e-01 1.743e-03 1.856e-03 6.318e-03 -1.000 1.489e-02 0.225 2.424 1.581 0.574 -0.015 -0.490 -1.184 -1.739 -1.816
0.01471 0.00000 9.00000 2.1153280735 2.5731390345    2.114  1.857  3.6784  2.571    3  0.000  0.367     0.00     0.00     0.00     0.00     0.00 -1    -1e-30      0.00 6.956e-01 2.894e-01 1.720e-03 1.945e-03 6.248e-03 -1.000 1.494e-02 0.126 2.378 1.508 0.489 -0.107 -0.587 -1.291 -1.854 -1.932
0.01471 0.00000 9.00000 2.1153976917 2.5731416357    2.114  1.867  3.6778  2.559    3  0.000  0.367     0.00     0.00     0.00     0.00     0.00 -1    -1e-30      0.00 6.949e-01 2.902e-01 1.716e-03 1.964e-03 6.232e-03 -1.000 1.488e-02 0.101 2.366 1.490 0.468 -0.130 -0.611 -1.318 -1.883 -1.961
0.01471 0.00000 9.00000 2.1154661179 2.5731441921    2.114  1.877  3.6771  2.546    3  0.000  0.367     0.00     0.00     0.00     0.00     0.00 -1    -1e-30      0.00 6.942e-01 2.910e-01 1.711e-03 1.980e-03 6.219e-03 -1.000 1.489e-02 0.077 2.354 1.472 0.447 -0.153 -0.636 -1.345 -1.911 -1.990
0.01471 0.00000 9.00000 2.1157362461 2.5731542824    2.115  1.917  3.6745  2.497    3  0.000  0.366     0.00     0.00     0.00     0.00     0.00 -1    -1e-30      0.00 6.913e-01 2.937e-01 1.696e-03 2.041e-03 6.170e-03 -1.000 1.492e-02 -0.022 2.311 1.401 0.364 -0.244 -0.732 -1.451 -2.025 -2.106
0.01471 0.00000 9.00000 2.1160020828 2.5731642094    2.115  1.956  3.6720  2.447    3  0.000  0.366     0.00     0.00     0.00     0.00     0.00 -1    -1e-30      0.00 6.889e-01 2.963e-01 1.684e-03 2.092e-03 6.129e-03 -1.000 1.489e-02 -0.119 2.281 1.335 0.281 -0.335 -0.829 -1.557 -2.139 -2.221
0.01471 0.00000 9.00000 2.1162624359 2.5731739289    2.115  1.995  3.6693  2.398    3  0.000  0.366     0.00     0.00     0.00     0.00     0.00 -1    -1e-30      0.00 6.868e-01 2.983e-01 1.675e-03 2.131e-03 6.098e-03 -1.000 1.489e-02 -0.217 2.254 1.269 0.199 -0.426 -0.925 -1.664 -2.253 -2.337
0.01471 0.00000 9.00000 2.1165177822 2.5731834589    2.115  2.034  3.6666  2.348    3  0.000  0.366     0.00     0.00     0.00     0.00     0.00 -1    -1e-30      0.00 6.851e-01 3.000e-01 1.667e-03 2.162e-03 6.073e-03 -1.000 1.490e-02 -0.315 2.231 1.207 0.119 -0.515 -1.021 -1.770 -2.367 -2.452
0.01471 0.00000 9.00000 2.1167678833 2.5731927905    2.116  2.073  3.6639  2.298    3  0.000  0.366     0.00     0.00     0.00     0.00     0.00 -1    -1e-30      0.00 6.838e-01 3.013e-01 1.662e-03 2.186e-03 6.053e-03 -1.000 1.486e-02 -0.412 2.208 1.144 0.039 -0.604 -1.116 -1.876 -2.480 -2.567
0.01471 0.00000 9.00000 2.1170086861 2.5732017727    2.116  2.111  3.6611  2.249    3  0.000  0.366     0.00     0.00     0.00     0.00     0.00 -1    -1e-30      0.00 6.827e-01 3.024e-01 1.657e-03 2.205e-03 6.038e-03 -1.000 1.488e-02 -0.507 2.188 1.084 -0.038 -0.691 -1.209 -1.979 -2.591 -2.680
0.01471 0.00000 9.00000 2.1173217297 2.5732134462    2.116  2.161  3.6575  2.184    3  0.000  0.366     0.00     0.00     0.00     0.00     0.00 -1    -1e-30      0.00 6.816e-01 3.035e-01 1.653e-03 2.223e-03 6.023e-03 -1.000 1.486e-02 -0.633 2.166 1.007 -0.138 -0.804 -1.331 -2.116 -2.739 -2.830
0.01471 0.00000 9.00000 2.1175866127 2.5732233206    2.116  2.204  3.6543  2.128    3  0.000  0.366     0.00     0.00     0.00     0.00     0.00 -1    -1e-30      0.00 6.810e-01 3.041e-01 1.650e-03 2.234e-03 6.015e-03 -1.000 1.486e-02 -0.741 2.150 0.943 -0.223 -0.901 -1.436 -2.233 -2.866 -2.959
0.01471 0.00000 9.00000 2.1178145409 2.5732318151    2.117  2.242  3.6514  2.079    3  0.000  0.366     0.00     0.00     0.00     0.00     0.00 -1    -1e-30      0.00 6.807e-01 3.045e-01 1.649e-03 2.239e-03 6.011e-03 -1.000 1.486e-02 -0.836 2.139 0.887 -0.297 -0.986 -1.527 -2.336 -2.978 -3.073
0.01471 0.00000 9.00000 2.1180753708 2.5732415332    2.117  2.287  3.6481  2.021    3  0.000  0.366     0.00     0.00     0.00     0.00     0.00 -1    -1e-30      0.00 6.804e-01 3.047e-01 1.648e-03 2.243e-03 6.008e-03 -1.000 1.486e-02 -0.947 2.128 0.824 -0.382 -1.084 -1.634 -2.456 -3.108 -3.205
0.01471 0.00000 9.00000 2.1183302402 2.5732510267    2.117  2.330  3.6448  1.965    3  0.000  0.366     0.00     0.00     0.00     0.00     0.00 -1    -1e-30      0.00 6.804e-01 3.048e-01 1.648e-03 2.244e-03 6.007e-03 -1.000 1.486e-02 -1.056 2.103 0.764 -0.467 -1.179 -1.738 -2.574 -3.232 -3.334
0.01471 0.00000 9.00000 2.1186125278 2.5732615383    2.117  2.378  3.6411  1.902    3  0.000  0.366     0.00     0.00     0.00     0.00     0.00 -1    -1e-30      0.00 6.803e-01 3.048e-01 1.648e-03 2.244e-03 6.007e-03 -1.000 1.486e-02 -1.175 2.068 0.699 -0.559 -1.282 -1.849 -2.701 -3.365 -3.472
0.01471 0.00000 9.00000 2.1188910007 2.5732719047    2.118  2.423  3.6376  1.843    3  0.000  0.366     0.00     0.00     0.00     0.00     0.00 -1    -1e-30      0.00 6.803e-01 3.048e-01 1.648e-03 2.244e-03 6.007e-03 -1.000 1.486e-02 -1.288 2.033 0.639 -0.646 -1.378 -1.954 -2.820 -3.490 -3.603
0.01471 0.00000 9.00000 2.1191809177 2.5732826938    2.118  2.464  3.6345  1.790    3  0.000  0.366     0.00     0.00     0.00     0.00     0.00 -1    -1e-30      0.00 6.803e-01 3.048e-01 1.648e-03 2.244e-03 6.007e-03 -1.000 1.486e-02 -1.390 1.998 0.582 -0.725 -1.465 -2.050 -2.929 -3.604 -3.722
0.01471 0.00000 9.00000 2.1193754673 2.5732899319    2.118  2.485  3.6328  1.762    3  0.000  0.366     0.00     0.00     0.00     0.00     0.00 -1    -1e-30      0.00 6.803e-01 3.048e-01 1.648e-03 2.245e-03 6.006e-03 -1.000 1.486e-02 -1.444 1.980 0.554 -0.765 -1.510 -2.099 -2.986 -3.663 -3.784
0.01471 0.00000 9.00000 2.1194310188 2.5732919984    2.118  2.465  3.6344  1.789    4  0.000  0.366     0.00     0.00     0.00     0.00     0.00 -1    -1e-30      0.00 6.803e-01 3.048e-01 1.648e-03 2.245e-03 6.006e-03 -1.000 1.486e-02 -1.392 1.997 0.581 -0.726 -1.467 -2.051 -2.931 -3.606 -3.724
0.01471 0.00000 9.00000 2.1194615364 2.5732931336    2.118  2.423  3.6377  1.844    4  0.000  0.366     0.00     0.00     0.00     0.00     0.00 -1    -1e-30      0.00 6.803e-01 3.048e-01 1.648e-03 2.245e-03 6.006e-03 -1.000 1.486e-02 -1.287 2.030 0.637 -0.647 -1.378 -1.954 -2.820 -3.489 -3.602
0.01471 0.00000 9.00000 2.1194865704 2.5732940648    2.118  2.381  3.6411  1.900    4  0.000  0.366     0.00     0.00     0.00     0.00     0.00 -1    -1e-30      0.00 6.803e-01 3.048e-01 1.648e-03 2.245e-03 6.006e-03 -1.000 1.486e-02 -1.182 2.061 0.693 -0.566 -1.289 -1.856 -2.707 -3.371 -3.478
0.01471 0.00000 9.00000 2.1195166111 2.5732951822    2.118  2.331  3.6450  1.965    4  0.000  0.366     0.00     0.00     0.00     0.00     0.00 -1    -1e-30      0.00 6.803e-01 3.048e-01 1.648e-03 2.245e-03 6.006e-03 -1.000 1.486e-02 -1.058 2.098 0.760 -0.469 -1.182 -1.740 -2.575 -3.233 -3.334
0.01471 0.00000 9.00000 2.1195538044 2.5732965656    2.118  2.280  3.6488  2.031    4  0.000  0.366     0.00     0.00     0.00     0.00     0.00 -1    -1e-30      0.00 6.803e-01 3.048e-01 1.648e-03 2.245e-03 6.006e-03 -1.000 1.486e-02 -0.931 2.121 0.829 -0.372 -1.071 -1.619 -2.439 -3.088 -3.185
0.01471 0.00000 9.00000 2.1196029186 2.5732983923    2.118  2.231  3.6526  2.096    4  0.000  0.366     0.00     0.00     0.00     0.00     0.00 -1    -1e-30      0.00 6.803e-01 3.048e-01 1.648e-03 2.245e-03 6.006e-03 -1.000 1.486e-02 -0.807 2.134 0.900 -0.277 -0.962 -1.500 -2.304 -2.942 -3.036
0.01471 0.00000 9.00000 2.1196665764 2.5733007597    2.119  2.182  3.6564  2.160    4  0.000  0.366     0.00     0.00     0.00     0.00     0.00 -1    -1e-30      0.00 6.803e-01 3.048e-01 1.648e-03 2.245e-03 6.006e-03 -1.000 1.486e-02 -0.685 2.147 0.971 -0.182 -0.852 -1.381 -2.171 -2.797 -2.889
0.01471 0.00000 9.00000 2.1197459698 2.5733037121    2.119  2.133  3.6600  2.223    4  0.000  0.366     0.00     0.00     0.00     0.00     0.00 -1    -1e-30      0.00 6.803e-01 3.048e-01 1.648e-03 2.245e-03 6.006e-03 -1.000 1.486e-02 -0.563 2.164 1.043 -0.086 -0.743 -1.263 -2.038 -2.654 -2.743
0.01471 0.00000 9.00000 2.1198403835 2.5733072228    2.119  2.085  3.6636  2.285    4  0.000  0.366     0.00     0.00     0.00     0.00     0.00 -1    -1e-30      0.00 6.803e-01 3.048e-01 1.648e-03 2.245e-03 6.006e-03 -1.000 1.486e-02 -0.443 2.186 1.117 0.010 -0.634 -1.147 -1.907 -2.512 -2.600
0.01471 0.00000 9.00000 2.1199514866 2.5733113536    2.119  2.039  3.6670  2.345    4  0.000  0.366     0.00     0.00     0.00     0.00     0.00 -1    -1e-30      0.00 6.803e-01 3.048e-01 1.648e-03 2.245e-03 6.006e-03 -1.000 1.486e-02 -0.329 2.208 1.188 0.103 -0.530 -1.035 -1.783 -2.378 -2.463
0.01471 0.00000 9.00000 2.1200847626 2.5733163081    2.119  1.996  3.6701  2.400    4  0.000  0.366     0.00     0.00     0.00     0.00     0.00 -1    -1e-30      0.00 6.803e-01 3.048e-01 1.648e-03 2.245e-03 6.006e-03 -1.000 1.486e-02 -0.221 2.230 1.256 0.190 -0.432 -0.930 -1.665 -2.252 -2.335
0.01471 0.00000 9.00000 2.1202588081 2.5733227771    2.119  1.956  3.6731  2.453    4  0.000  0.366     0.00     0.00     0.00     0.00     0.00 -1    -1e-30      0.00 6.803e-01 3.048e-01 1.648e-03 2.245e-03 6.006e-03 -1.000 1.486e-02 -0.120 2.255 1.322 0.274 -0.338 -0.829 -1.554 -2.132 -2.214
0.01471 0.00000 9.00000 2.1205155849 2.5733323189    2.119  1.915  3.6761  2.505    4  0.000  0.366     0.00     0.00     0.00     0.00     0.00 -1    -1e-30      0.00 6.803e-01 3.048e-01 1.648e-03 2.245e-03 6.006e-03 -1.000 1.486e-02 -0.019 2.280 1.388 0.357 -0.245 -0.730 -1.443 -2.013 -2.093
0.01471 0.00000 9.00000 2.1208903790 2.5733462415    2.120  1.870  3.6793  2.564    4  0.000  0.366     0.00     0.00     0.00     0.00     0.00 -1    -1e-30      0.00 6.803e-01 3.048e-01 1.648e-03 2.245e-03 6.006e-03 -1.000 1.486e-02 0.095 2.326 1.467 0.452 -0.141 -0.619 -1.320 -1.880 -1.957
0.01471 0.00000 9.00000 2.1211884022 2.5733573082    2.120  1.831  3.6822  2.615    4  0.000  0.366     0.00     0.00     0.00     0.00     0.00 -1    -1e-30      0.00 6.803e-01 3.048e-01 1.648e-03 2.245e-03 6.006e-03 -1.000 1.486e-02 0.194 2.368 1.538 0.536 -0.050 -0.522 -1.212 -1.763 -1.840
0.01471 0.00000 9.00000 2.1214699745 2.5733677607    2.120  1.795  3.6847  2.660    4  0.000  0.366     0.00     0.00     0.00     0.00     0.00 -1    -1e-30      0.00 6.803e-01 3.048e-01 1.648e-03 2.245e-03 6.006e-03 -1.000 1.486e-02 0.282 2.406 1.601 0.610 0.032 -0.435 -1.116 -1.660 -1.734
0.01471 0.00000 9.00000 2.1219596863 2.5733859322    2.121  1.745  3.6884  2.725    4  0.000  0.366     0.00     0.00     0.00     0.00     0.00 -1    -1e-30      0.00 6.803e-01 3.048e-01 1.648e-03 2.246e-03 6.006e-03 -1.000 1.486e-02 0.408 2.460 1.691 0.717 0.149 -0.311 -0.978 -1.511 -1.584
0.01471 0.00000 9.00000 2.1225290298 2.5734070464    2.121  1.702  3.6916  2.780    4  0.000  0.366     0.00     0.00     0.00     0.00     0.00 -1    -1e-30      0.00 6.803e-01 3.048e-01 1.648e-03 2.246e-03 6.005e-03 -1.000 1.486e-02 0.514 2.506 1.768 0.808 0.248 -0.206 -0.861 -1.385 -1.456
0.01471 0.00000 9.00000 2.1233203411 2.5734363707    2.122  1.661  3.6948  2.835    4  0.000  0.366     0.00     0.00     0.00     0.00     0.00 -1    -1e-30      0.00 6.803e-01 3.048e-01 1.647e-03 2.246e-03 6.005e-03 -1.000 1.486e-02 0.618 2.550 1.842 0.897 0.345 -0.102 -0.746 -1.261 -1.330
0.01471 0.00000 9.00000 2.1246862411 2.5734869289    2.123  1.620  3.6983  2.890    4  0.000  0.366     0.00     0.00     0.00     0.00     0.00 -1    -1e-30      0.00 6.803e-01 3.048e-01 1.647e-03 2.247e-03 6.005e-03 -1.000 1.486e-02 0.719 2.587 1.911 0.982 0.439 -0.002 -0.634 -1.138 -1.206
0.01471 0.00000 9.00000 2.1254551411 2.5735153565    2.124  1.607  3.6995  2.909    4  0.000  0.366     0.00     0.00     0.00     0.00     0.00 -1    -1e-30      0.00 6.803e-01 3.049e-01 1.647e-03 2.247e-03 6.005e-03 -1.000 1.486e-02 0.753 2.597 1.934 1.010 0.471 0.032 -0.595 -1.096 -1.163
0.01471 0.00000 9.00000 2.1280369759 2.5736106389    2.127  1.612  3.6994  2.903    4  0.000  0.366     0.00     0.00     0.00     0.00     0.00 -1    -1e-30      0.00 6.803e-01 3.049e-01 1.647e-03 2.248e-03 6.004e-03 -1.000 1.486e-02 0.740 2.587 1.922 0.997 0.458 0.019 -0.609 -1.111 -1.177
0.01471 0.00000 9.00000 2.1500000954 2.5744105556    2.149  1.640  3.6999  2.882    4  0.000  0.366     0.00     0.00     0.00     0.00     0.00 -1    -1e-30      0.00 6.801e-01 3.051e-01 1.646e-03 2.257e-03 5.997e-03 -1.000 1.486e-02 0.671 2.507 1.848 0.925 0.388 -0.050 -0.676 -1.176 -1.242
0.01471 0.00000 9.00000 2.1698529720 2.5751176138    2.168  1.668  3.7002  2.859    5  0.000  0.366     0.00     0.00     0.00     0.00     0.00 -1    -1e-30      0.00 6.798e-01 3.053e-01 1.644e-03 2.267e-03 5.987e-03 -1.000 1.486e-02 0.600 2.429 1.774 0.852 0.316 -0.122 -0.747 -1.246 -1.312
0.01471 0.00000 9.00000 2.1984860897 2.5761115612    2.197  1.714  3.7003  2.819    5  0.000  0.366     0.00     0.00     0.00     0.00     0.00 -1    -1e-30      0.00 6.795e-01 3.057e-01 1.642e-03 2.282e-03 5.973e-03 -1.000 1.486e-02 0.486 2.311 1.659 0.737 0.202 -0.235 -0.860 -1.358 -1.424
0.01471 0.00000 9.00000 2.2000000477 2.5761632879    2.199  1.716  3.7003  2.817    5  0.000  0.366     0.00     0.00     0.00     0.00     0.00 -1    -1e-30      0.00 6.795e-01 3.057e-01 1.641e-03 2.283e-03 5.972e-03 -1.000 1.486e-02 0.479 2.305 1.653 0.731 0.195 -0.242 -0.867 -1.365 -1.431
0.01471 0.00000 9.00000 2.2103335857 2.5765141743    2.209  1.734  3.7002  2.801    5  0.000  0.366     0.00     0.00     0.00     0.00     0.00 -1    -1e-30      0.00 6.794e-01 3.058e-01 1.641e-03 2.288e-03 5.968e-03 -1.000 1.486e-02 0.434 2.261 1.609 0.686 0.151 -0.287 -0.912 -1.410 -1.476
0.01471 0.00000 9.00000 2.2309827805 2.5772041547    2.229  1.772  3.6996  2.764    5  0.000  0.367     0.00     0.00     0.00     0.00     0.00 -1    -1e-30      0.00 6.792e-01 3.059e-01 1.640e-03 2.297e-03 5.960e-03 -1.000 1.486e-02 0.339 2.176 1.518 0.593 0.056 -0.382 -1.009 -1.509 -1.576
0.01471 0.00000 9.00000 2.2500000000 2.5778267375    2.249  1.810  3.6984  2.726    5  0.000  0.367     0.00     0.00     0.00     0.00     0.00 -1    -1e-30      0.00 6.790e-01 3.061e-01 1.639e-03 2.305e-03 5.952e-03 -1.000 1.486e-02 0.245 2.104 1.436 0.505 -0.035 -0.476 -1.107 -1.610 -1.677
0.01471 0.00000 9.00000 2.2563753128 2.5780327523    2.255  1.823  3.6979  2.712    5  0.000  0.367     0.00     0.00     0.00     0.00     0.00 -1    -1e-30      0.00 6.790e-01 3.062e-01 1.638e-03 2.308e-03 5.949e-03 -1.000 1.487e-02 0.213 2.080 1.408 0.474 -0.066 -0.508 -1.141 -1.646 -1.713
0.01471 0.00000 9.00000 2.2618837357 2.5782096790    2.260  1.836  3.6972  2.697    6  0.000  0.367     0.00     0.00     0.00     0.00     0.00 -1    -1e-30      0.00 6.789e-01 3.062e-01 1.638e-03 2.310e-03 5.947e-03 -1.000 1.487e-02 0.181 2.062 1.383 0.446 -0.096 -0.540 -1.176 -1.682 -1.750
0.01471 0.00000 9.00000 2.2787504196 2.5787453128    2.277  1.884  3.6933  2.637    6  0.000  0.367     0.00     0.00     0.00     0.00     0.00 -1    -1e-30      0.00 6.787e-01 3.064e-01 1.637e-03 2.318e-03 5.939e-03 -1.000 1.488e-02 0.060 2.014 1.298 0.344 -0.209 -0.660 -1.310 -1.827 -1.897
0.01471 0.00000 9.00000 2.2880713940 2.5790374252    2.287  1.905  3.6923  2.614    6  0.000  0.367     0.00     0.00     0.00     0.00     0.00 -1    -1e-30      0.00 6.786e-01 3.066e-01 1.636e-03 2.323e-03 5.935e-03 -1.000 1.488e-02 0.008 1.980 1.255 0.296 -0.259 -0.711 -1.365 -1.886 -1.956
0.01471 0.00000 9.00000 2.2923910618 2.5791718744    2.291  1.947  3.6875  2.553    6  0.000  0.368     0.00     0.00     0.00     0.00     0.00 -1    -1e-30      0.00 6.785e-01 3.066e-01 1.636e-03 2.325e-03 5.933e-03 -1.000 1.489e-02 -0.098 1.966 1.194 0.214 -0.354 -0.815 -1.487 -2.021 -2.094
0.01471 0.00000 9.00000 2.2937772274 2.5792148952    2.292  1.993  3.6829  2.489    6  0.000  0.368     0.00     0.00     0.00     0.00     0.00 -1    -1e-30      0.00 6.785e-01 3.066e-01 1.636e-03 2.325e-03 5.933e-03 -1.000 1.489e-02 -0.212 1.945 1.125 0.123 -0.457 -0.928 -1.616 -2.164 -2.240
0.01471 0.00000 9.00000 2.2943251133 2.5792318829    2.293  2.038  3.6787  2.428    6  0.000  0.368     0.00     0.00     0.00     0.00     0.00 -1    -1e-30      0.00 6.785e-01 3.066e-01 1.636e-03 2.326e-03 5.932e-03 -1.000 1.489e-02 -0.324 1.933 1.060 0.034 -0.559 -1.039 -1.742 -2.302 -2.380
0.01471 0.00000 9.00000 2.2945570946 2.5792390728    2.293  2.082  3.6749  2.368    6  0.000  0.368     0.00     0.00     0.00     0.00     0.00 -1    -1e-30      0.00 6.785e-01 3.066e-01 1.636e-03 2.326e-03 5.932e-03 -1.000 1.489e-02 -0.434 1.922 0.996 -0.053 -0.659 -1.147 -1.865 -2.435 -2.516
0.01471 0.00000 9.00000 2.2946662903 2.5792424566    2.293  2.126  3.6711  2.309    6  0.000  0.368     0.00     0.00     0.00     0.00     0.00 -1    -1e-30      0.00 6.785e-01 3.066e-01 1.636e-03 2.326e-03 5.932e-03 -1.000 1.489e-02 -0.544 1.908 0.931 -0.141 -0.759 -1.254 -1.987 -2.568 -2.650
0.01471 0.00000 9.00000 2.2947187424 2.5792440819    2.293  2.159  3.6682  2.264    6  0.000  0.368     0.00     0.00     0.00     0.00     0.00 -1    -1e-30      0.00 6.785e-01 3.066e-01 1.636e-03 2.326e-03 5.932e-03 -1.000 1.489e-02 -0.629 1.899 0.882 -0.208 -0.836 -1.337 -2.081 -2.670 -2.754
0.01471 0.00000 9.00000 2.2947235107 2.5792442296    2.293  2.163  3.6679  2.259    6  0.000  0.368     0.00     0.00     0.00     0.00     0.00 -1    -1e-30      0.00 6.785e-01 3.066e-01 1.636e-03 2.326e-03 5.932e-03 -1.000 1.489e-02 -0.638 1.898 0.876 -0.215 -0.844 -1.346 -2.091 -2.681 -2.766
0.01471 0.00000 9.00000 2.2947781086 2.5792459213    2.293  2.180  3.6666  2.237    6  0.000  0.368     0.00     0.00     0.00     0.00     0.00 -1    -1e-30      0.00 6.785e-01 3.066e-01 1.636e-03 2.326e-03 5.932e-03 -1.000 1.489e-02 -0.681 1.892 0.850 -0.249 -0.883 -1.388 -2.138 -2.732 -2.817
0.01471 0.00000 9.00000 2.2948682308 2.5792487134    2.293  2.174  3.6672  2.245    7  0.000  0.368     0.00     0.00     0.00     0.00     0.00 -1 -1.05e-30      0.00 6.785e-01 3.066e-01 1.636e-03 2.326e-03 5.932e-03 -1.000 1.489e-02 -0.666 1.891 0.858 -0.238 -0.870 -1.374 -2.122 -2.714 -2.799
0.01471 0.00000 9.00000 2.2952420712 2.5792602930    2.294  2.149  3.6693  2.279    7  0.000  0.368     0.00     0.00     0.00     0.00     0.00 -1 -2.99e-28      0.00 6.785e-01 3.066e-01 1.636e-03 2.326e-03 5.932e-03 -1.000 1.491e-02 -0.603 1.897 0.894 -0.189 -0.813 -1.313 -2.052 -2.638 -2.722
0.01471 0.00000 9.00000 2.2968802452 2.5793109837    2.295  2.173  3.6673  2.247    7  0.000  0.368     0.00     0.00     0.00     0.00     0.00 -1 -1.43e-17      0.00 6.785e-01 3.065e-01 1.636e-03 2.327e-03 5.931e-03 -1.000 1.502e-02 -0.663 1.890 0.859 -0.236 -0.867 -1.371 -2.118 -2.710 -2.795
0.01471 0.00000 9.00000 2.2979774475 2.5793448883    2.296  2.196  3.6655  2.218    7  0.000  0.368     0.00     0.00     0.00     0.00     0.00 -1 -8.38e-12      0.00 6.784e-01 3.065e-01 1.636e-03 2.327e-03 5.931e-03 -1.000 1.508e-02 -0.719 1.883 0.826 -0.280 -0.918 -1.425 -2.179 -2.776 -2.863
0.01471 0.00000 9.00000 2.2989318371 2.5793743497    2.297  2.234  3.6624  2.167    7  0.000  0.368     0.00     0.00     0.00     0.00     0.00 -1 -6.93e-11      0.00 6.784e-01 3.065e-01 1.635e-03 2.328e-03 5.930e-03 -1.000 1.509e-02 -0.815 1.873 0.770 -0.355 -1.004 -1.518 -2.285 -2.891 -2.979
0.01471 0.00000 9.00000 2.2997555733 2.5793997553    2.298  2.278  3.6588  2.109    7  0.000  0.368     0.00     0.00     0.00     0.00     0.00 -1 -1.03e-10      0.00 6.784e-01 3.065e-01 1.635e-03 2.328e-03 5.930e-03 -1.000 1.509e-02 -0.925 1.861 0.706 -0.442 -1.102 -1.625 -2.406 -3.022 -3.113
0.01471 0.00000 9.00000 2.2999999523 2.5794072884    2.298  2.294  3.6575  2.088    7  0.000  0.368     0.00     0.00     0.00     0.00     0.00 -1 -1.11e-10      0.00 6.784e-01 3.065e-01 1.635e-03 2.328e-03 5.930e-03 -1.000 1.509e-02 -0.965 1.858 0.683 -0.472 -1.138 -1.664 -2.450 -3.070 -3.161
0.01471 0.00000 9.00000 2.3001887798 2.5794131078    2.299  2.307  3.6565  2.070    7  0.000  0.368     0.00     0.00     0.00     0.00     0.00 -1 -1.19e-10      0.00 6.784e-01 3.065e-01 1.635e-03 2.328e-03 5.930e-03 -1.000 1.509e-02 -0.998 1.855 0.665 -0.497 -1.167 -1.696 -2.485 -3.109 -3.201
0.01471 0.00000 9.00000 2.3006613255 2.5794276662    2.299  2.347  3.6532  2.017    7  0.000  0.368     0.00     0.00     0.00     0.00     0.00 -1 -1.44e-10      0.00 6.784e-01 3.065e-01 1.635e-03 2.328e-03 5.930e-03 -1.000 1.509e-02 -1.098 1.850 0.609 -0.574 -1.256 -1.792 -2.595 -3.229 -3.323
0.01471 0.00000 9.00000 2.3010659218 2.5794401258    2.299  2.390  3.6497  1.961    7  0.000  0.368     0.00     0.00     0.00     0.00     0.00 -1 -1.77e-10      0.00 6.784e-01 3.065e-01 1.635e-03 2.329e-03 5.929e-03 -1.000 1.509e-02 -1.205 1.829 0.552 -0.657 -1.350 -1.894 -2.711 -3.351 -3.450
0.01471 0.00000 9.00000 2.3014183044 2.5794509733    2.300  2.449  3.6448  1.882    7  0.000  0.368     0.00     0.00     0.00     0.00     0.00 -1 -2.33e-10      0.00 6.784e-01 3.065e-01 1.635e-03 2.329e-03 5.929e-03 -1.000 1.509e-02 -1.352 1.794 0.476 -0.769 -1.477 -2.033 -2.869 -3.518 -3.623
0.01471 0.00000 9.00000 2.3017311096 2.5794605993    2.300  2.503  3.6403  1.810    7  0.000  0.368     5.56     4.00     2.95     2.18     1.78  4 -3.05e-10      0.00 6.784e-01 3.065e-01 1.635e-03 2.329e-03 5.929e-03 -1.000 1.509e-02 -1.487 1.757 0.405 -0.873 -1.592 -2.159 -3.014 -3.671 -3.782
0.01471 0.00000 9.00000 2.3020122051 2.5794692469    2.300  2.546  3.6369  1.753    7  0.000  0.368     6.22     4.43     3.25     2.41     1.96  4 -3.74e-10      0.00 6.784e-01 3.065e-01 1.635e-03 2.329e-03 5.929e-03 -1.000 1.509e-02 -1.595 1.722 0.346 -0.955 -1.683 -2.258 -3.129 -3.791 -3.908
0.01471 0.00000 9.00000 2.3022718430 2.5794772323    2.300  2.587  3.6306  1.687    7  0.000  0.367     7.10     5.00     3.65     2.71     2.21  4  -4.6e-10      0.00 6.784e-01 3.065e-01 1.635e-03 2.329e-03 5.929e-03 -1.000 1.509e-02 -1.698 1.761 0.331 -1.008 -1.754 -2.347 -3.244 -3.921 -4.048
0.01471 0.00000 9.00000 2.3025074005 2.5794844752    2.300  2.626  3.6275  1.636    7  0.000  0.367     7.85     5.48     3.98     2.96     2.41  4 -5.51e-10      0.00 6.784e-01 3.065e-01 1.635e-03 2.329e-03 5.929e-03 -1.000 1.509e-02 -1.795 1.723 0.278 -1.081 -1.834 -2.436 -3.347 -4.028 -4.161
0.01471 0.00000 9.00000 2.3027291298 2.5794912914    2.300  2.664  3.6241  1.585    7  0.000  0.367     8.68     6.01     4.35     3.24     2.64  4 -6.57e-10      0.00 6.784e-01 3.065e-01 1.634e-03 2.329e-03 5.929e-03 -1.000 1.509e-02 -1.889 1.697 0.232 -1.146 -1.907 -2.520 -3.446 -4.134 -4.273
0.01471 0.00000 9.00000 2.3029398918 2.5794977691    2.300  2.700  3.6207  1.535    7  0.000  0.367     9.58     6.58     4.74     3.54     2.88  4 -7.88e-10      0.00 6.784e-01 3.065e-01 1.633e-03 2.331e-03 5.929e-03 -1.000 1.509e-02 -1.980 1.673 0.189 -1.209 -1.978 -2.600 -3.542 -4.237 -4.382
0.01471 0.00000 9.00000 2.3031427860 2.5795040037    2.300  2.736  3.6176  1.487    7  0.000  0.367    10.53     7.17     5.15     3.85     3.14  4 -9.31e-10      0.00 6.784e-01 3.065e-01 1.632e-03 2.332e-03 5.929e-03 -1.000 1.509e-02 -2.069 1.651 0.144 -1.271 -2.049 -2.681 -3.637 -4.339 -4.490
0.01471 0.00000 9.00000 2.3033413887 2.5795101051    2.300  2.771  3.6147  1.439    7  0.000  0.367    11.55     7.81     5.59     4.18     3.41  4  -1.1e-09      0.00 6.784e-01 3.065e-01 1.631e-03 2.334e-03 5.929e-03 -1.000 1.509e-02 -2.158 1.656 0.104 -1.328 -2.118 -2.763 -3.733 -4.442 -4.597
0.01471 0.00000 9.00000 2.3035397530 2.5795161980    2.300  2.808  3.6117  1.390    7  0.000  0.366    12.72     8.53     6.08     4.55     3.72  4 -1.31e-09      0.00 6.784e-01 3.065e-01 1.629e-03 2.335e-03 5.929e-03 -1.000 1.509e-02 -2.250 1.663 0.063 -1.387 -2.190 -2.848 -3.832 -4.550 -4.709
0.01471 0.00000 9.00000 2.3037390709 2.5795223190    2.300  2.853  3.6080  1.331    7  0.000  0.366    14.30     9.50     6.74     5.05     4.13  4 -1.62e-09      0.00 6.784e-01 3.065e-01 1.628e-03 2.337e-03 5.929e-03 -1.000 1.509e-02 -2.361 1.671 0.016 -1.456 -2.274 -2.950 -3.951 -4.680 -4.845
0.01471 0.00000 9.00000 2.3039219379 2.5795279338    2.300  2.920  3.6022  1.241    7  0.000  0.366    17.08    11.18     7.88     5.92     4.83  4  -2.2e-09      0.00 6.784e-01 3.065e-01 1.626e-03 2.340e-03 5.929e-03 -1.000 1.509e-02 -2.529 1.687 -0.050 -1.555 -2.397 -3.102 -4.132 -4.876 -5.050
0.01471 0.00000 9.00000 2.3040256500 2.5795311177    2.299  2.981  3.5969  1.158    7  0.000  0.365    20.10    12.99     9.09     6.84     5.59  4 -2.92e-09      0.00 6.784e-01 3.065e-01 1.624e-03 2.342e-03 5.929e-03 -1.000 1.509e-02 -2.682 1.700 -0.105 -1.637 -2.503 -3.240 -4.297 -5.057 -5.238
0.01471 0.00000 9.00000 2.3040902615 2.5795331011    2.299  3.025  3.5930  1.099    7  0.000  0.365    22.59    14.46    10.07     7.59     6.20  4 -3.57e-09      0.00 6.784e-01 3.065e-01 1.623e-03 2.343e-03 5.929e-03 -1.000 1.509e-02 -2.791 1.709 -0.141 -1.692 -2.575 -3.338 -4.415 -5.185 -5.373
0.01471 0.00000 9.00000 2.3041431904 2.5795347257    2.299  3.061  3.5897  1.049    7  0.000  0.365    24.90    15.81    10.96     8.28     6.77  4 -4.23e-09      0.00 6.784e-01 3.065e-01 1.623e-03 2.343e-03 5.929e-03 -1.000 1.509e-02 -2.882 1.718 -0.170 -1.736 -2.635 -3.418 -4.513 -5.292 -5.485
0.01471 0.00000 9.00000 2.3041915894 2.5795362113    2.299  3.093  3.5867  1.005    7  0.000  0.365    27.19    17.14    11.84     8.95     7.32  4  -4.9e-09      0.00 6.784e-01 3.065e-01 1.623e-03 2.343e-03 5.928e-03 -1.000 1.509e-02 -2.964 1.722 -0.191 -1.768 -2.682 -3.490 -4.601 -5.389 -5.586
0.01471 0.00000 9.00000 2.3042385578 2.5795376528    2.298  3.124  3.5838  0.963    7  0.000  0.365    29.54    18.49    12.73     9.64     7.88  4 -5.58e-09      0.00 6.784e-01 3.065e-01 1.623e-03 2.343e-03 5.928e-03 -1.000 1.509e-02 -3.040 1.731 -0.208 -1.797 -2.725 -3.557 -4.685 -5.480 -5.681
0.01471 0.00000 9.00000 2.3042879105 2.5795391675    2.298  3.154  3.5810  0.921    7  0.000  0.365    32.04    19.92    13.67    10.36     8.47  4 -6.44e-09      0.00 6.784e-01 3.065e-01 1.623e-03 2.343e-03 5.928e-03 -1.000 1.509e-02 -3.115 1.740 -0.224 -1.825 -2.767 -3.623 -4.767 -5.569 -5.774
0.01471 0.00000 9.00000 2.3043391705 2.5795407406    2.298  3.182  3.5783  0.882    7  0.000  0.365    34.63    21.40    14.64    11.10     9.08  4 -7.31e-09      0.00 6.784e-01 3.065e-01 1.623e-03 2.343e-03 5.928e-03 -1.000 1.509e-02 -3.186 1.747 -0.233 -1.841 -2.798 -3.684 -4.845 -5.653 -5.864
0.01471 0.00000 9.00000 2.3043949604 2.5795424527    2.297  3.212  3.5753  0.841    7  0.000  0.365    37.57    23.06    15.72    11.93     9.77  4 -8.31e-09      0.00 6.784e-01 3.065e-01 1.623e-03 2.343e-03 5.928e-03 -1.000 1.509e-02 -3.260 1.753 -0.237 -1.852 -2.826 -3.746 -4.926 -5.742 -5.957
0.01471 0.00000 9.00000 2.3044548035 2.5795442890    2.296  3.240  3.5724  0.801    7  0.000  0.365    40.63    24.77    16.83    12.80    10.47  3 -9.43e-09      0.00 6.784e-01 3.065e-01 1.623e-03 2.343e-03 5.928e-03 -1.000 1.509e-02 -3.330 1.760 -0.241 -1.862 -2.853 -3.806 -5.005 -5.827 -6.046
0.01471 0.00000 9.00000 2.3044965267 2.5795455692    2.296  3.251  3.5714  0.786    7  0.000  0.365    41.83    25.45    17.27    13.13    10.75  3 -9.96e-09      0.00 6.784e-01 3.065e-01 1.623e-03 2.344e-03 5.928e-03 -1.000 1.509e-02 -3.357 1.762 -0.243 -1.866 -2.864 -3.828 -5.034 -5.858 -6.079
0.01471 0.00000 9.00000 2.3045105934 2.5795460008    2.296  3.258  3.5707  0.776    7  0.000  0.365    42.66    25.91    17.57    13.36    10.94  3 -1.02e-08      0.00 6.784e-01 3.065e-01 1.623e-03 2.344e-03 5.928e-03 -1.000 1.509e-02 -3.374 1.764 -0.244 -1.868 -2.870 -3.843 -5.053 -5.880 -6.102
0.01471 0.00000 9.00000 2.3045117855 2.5795460374    2.296  3.257  3.5707  0.776    7  0.000  0.365    42.63    25.89    17.56    13.36    10.93  3 -1.02e-08      0.00 6.784e-01 3.065e-01 1.623e-03 2.344e-03 5.928e-03 -1.000 1.509e-02 -3.373 1.764 -0.243 -1.868 -2.870 -3.842 -5.052 -5.879 -6.101
0.01471 0.00000 9.00000 2.3045122623 2.5795460520    2.296  3.257  3.5707  0.776    7  0.000  0.365    42.63    25.89    17.56    13.35    10.93  3 -1.02e-08      0.00 6.784e-01 3.065e-01 1.623e-03 2.344e-03 5.928e-03 -1.000 1.509e-02 -3.373 1.764 -0.243 -1.868 -2.870 -3.842 -5.052 -5.879 -6.101
0.01471 0.00000 9.00000 2.3045125008 2.5795460594    2.296  3.257  3.5707  0.777    7  0.000  0.365    42.61    25.88    17.55    13.35    10.93  3 -1.02e-08      0.00 6.784e-01 3.065e-01 1.623e-03 2.344e-03 5.928e-03 -1.000 1.509e-02 -3.373 1.764 -0.243 -1.868 -2.870 -3.842 -5.052 -5.878 -6.101
0.01471 0.00000 9.00000 2.3045127392 2.5795460667    2.296  3.257  3.5707  0.777    7  0.000  0.365    42.60    25.88    17.55    13.35    10.93  3 -1.02e-08      0.00 6.784e-01 3.065e-01 1.623e-03 2.344e-03 5.928e-03 -1.000 1.509e-02 -3.373 1.764 -0.243 -1.868 -2.870 -3.842 -5.052 -5.878 -6.100
0.01471 0.00000 9.00000 2.3045129776 2.5795460740    2.296  3.257  3.5707  0.777    7  0.000  0.365    42.60    25.88    17.55    13.35    10.93  3 -1.02e-08      0.00 6.784e-01 3.065e-01 1.623e-03 2.344e-03 5.928e-03 -1.000 1.509e-02 -3.373 1.764 -0.243 -1.868 -2.870 -3.842 -5.052 -5.878 -6.100
0.01471 0.00000 9.00000 2.3045132160 2.5795460813    2.296  3.257  3.5707  0.776    7  0.000  0.365    42.64    25.90    17.56    13.36    10.93  3 -1.02e-08      0.00 6.784e-01 3.065e-01 1.623e-03 2.344e-03 5.928e-03 -1.000 1.509e-02 -3.374 1.764 -0.243 -1.868 -2.870 -3.842 -5.053 -5.879 -6.101
0.01471 0.00000 9.00000 2.3045134544 2.5795460886    2.296  3.258  3.5706  0.776    7  0.000  0.365    42.70    25.93    17.58    13.37    10.95  3 -1.02e-08      0.00 6.784e-01 3.065e-01 1.623e-03 2.344e-03 5.928e-03 -1.000 1.509e-02 -3.375 1.764 -0.243 -1.868 -2.870 -3.843 -5.054 -5.880 -6.103
0.01471 0.00000 9.00000 2.3045144081 2.5795461179    2.296  3.260  3.5704  0.773    7  0.000  0.365    42.94    26.06    17.67    13.44    11.00  3 -1.03e-08      0.00 6.784e-01 3.065e-01 1.623e-03 2.344e-03 5.928e-03 -1.000 1.509e-02 -3.380 1.765 -0.244 -1.869 -2.872 -3.848 -5.060 -5.887 -6.109
0.01471 0.00000 9.00000 2.3045170307 2.5795461984    2.296  3.265  3.5699  0.766    7  0.000  0.365    43.51    26.38    17.88    13.60    11.13  3 -1.05e-08      0.00 6.784e-01 3.065e-01 1.623e-03 2.344e-03 5.928e-03 -1.000 1.509e-02 -3.392 1.766 -0.244 -1.870 -2.877 -3.858 -5.073 -5.901 -6.124
0.01471 0.00000 9.00000 2.3045198917 2.5795462861    2.296  3.272  3.5692  0.756    7  0.000  0.365    44.37    26.86    18.18    13.84    11.33  3 -1.09e-08      0.00 6.784e-01 3.065e-01 1.623e-03 2.344e-03 5.928e-03 -1.000 1.509e-02 -3.409 1.766 -0.243 -1.868 -2.880 -3.872 -5.092 -5.922 -6.147
0.01471 0.00000 9.00000 2.3045232296 2.5795463886    2.296  3.285  3.5678  0.737    7  0.000  0.365    46.04    27.79    18.79    14.30    11.71  3 -1.15e-08      0.00 6.784e-01 3.065e-01 1.623e-03 2.344e-03 5.928e-03 -1.000 1.509e-02 -3.443 1.768 -0.239 -1.865 -2.887 -3.898 -5.130 -5.962 -6.189
0.01471 0.00000 9.00000 2.3045279980 2.5795465349    2.296  3.304  3.5659  0.710    7  0.000  0.365    48.53    29.16    19.67    14.99    12.27  3 -1.25e-08      0.00 6.784e-01 3.065e-01 1.623e-03 2.344e-03 5.928e-03 -1.000 1.509e-02 -3.490 1.770 -0.235 -1.860 -2.896 -3.935 -5.183 -6.019 -6.249
0.01471 0.00000 9.00000 2.3045334816 2.5795467031    2.295  3.319  3.5643  0.689    7  0.000  0.365    50.60    30.30    20.41    15.56    12.74  3 -1.34e-08      0.00 6.784e-01 3.065e-01 1.623e-03 2.344e-03 5.928e-03 -1.000 1.509e-02 -3.527 1.772 -0.230 -1.855 -2.902 -3.965 -5.225 -6.064 -6.297
0.01471 0.00000 9.00000 2.3045411110 2.5795469372    2.295  3.332  3.5629  0.671    7  0.000  0.365    52.49    31.34    21.07    16.07    13.16  3 -1.41e-08      0.00 6.784e-01 3.065e-01 1.623e-03 2.344e-03 5.928e-03 -1.000 1.509e-02 -3.560 1.774 -0.226 -1.851 -2.909 -3.991 -5.261 -6.104 -6.339
0.01471 0.00000 9.00000 2.3045558929 2.5795473907    2.295  3.169  3.5793  0.899    7  0.000  0.365    33.44    20.72    14.20    10.76     8.80  4 -6.85e-09      0.00 6.784e-01 3.065e-01 1.623e-03 2.344e-03 5.928e-03 -1.000 1.509e-02 -3.152 1.751 -0.223 -1.829 -2.780 -3.654 -4.808 -5.614 -5.822
0.01471 0.00000 9.00000 2.3045570850 2.5795474273    2.295  3.219  3.5745  0.829    7  0.000  0.365    38.40    23.52    16.02    12.17     9.96  4 -8.61e-09      0.00 6.784e-01 3.065e-01 1.623e-03 2.344e-03 5.928e-03 -1.000 1.509e-02 -3.279 1.756 -0.237 -1.853 -2.833 -3.762 -4.948 -5.765 -5.981
0.01471 0.00000 9.00000 2.3045573235 2.5795474346    2.295  3.220  3.5744  0.828    7  0.000  0.365    38.48    23.57    16.05    12.19     9.98  4 -8.65e-09      0.00 6.784e-01 3.065e-01 1.623e-03 2.344e-03 5.928e-03 -1.000 1.509e-02 -3.281 1.757 -0.237 -1.853 -2.833 -3.764 -4.950 -5.767 -5.984
0.01471 0.00000 9.00000 2.3045575619 2.5795474419    2.295  3.221  3.5743  0.827    7  0.000  0.365    38.59    23.63    16.09    12.22    10.00  4 -8.69e-09      0.00 6.784e-01 3.065e-01 1.623e-03 2.344e-03 5.928e-03 -1.000 1.509e-02 -3.283 1.757 -0.237 -1.853 -2.834 -3.766 -4.952 -5.770 -5.987
0.01471 0.00000 9.00000 2.3045578003 2.5795474493    2.295  3.221  3.5743  0.826    7  0.000  0.365    38.61    23.64    16.10    12.23    10.01  4  -8.7e-09      0.00 6.784e-01 3.065e-01 1.623e-03 2.344e-03 5.928e-03 -1.000 1.509e-02 -3.283 1.757 -0.237 -1.853 -2.834 -3.766 -4.953 -5.771 -5.987
0.01471 0.00000 9.00000 2.3045580387 2.5795474566    2.295  3.222  3.5742  0.826    7  0.000  0.365    38.68    23.68    16.13    12.25    10.03  4 -8.74e-09      0.00 6.784e-01 3.065e-01 1.623e-03 2.344e-03 5.928e-03 -1.000 1.509e-02 -3.285 1.757 -0.237 -1.854 -2.835 -3.768 -4.955 -5.773 -5.990
0.01471 0.00000 9.00000 2.3045582771 2.5795474639    2.295  3.215  3.5749  0.836    7  0.000  0.365    37.93    23.26    15.85    12.04     9.85  4 -8.45e-09      0.00 6.784e-01 3.065e-01 1.623e-03 2.344e-03 5.928e-03 -1.000 1.509e-02 -3.267 1.756 -0.235 -1.851 -2.828 -3.752 -4.935 -5.751 -5.967
0.01471 0.00000 9.00000 2.3045585155 2.5795474712    2.295  3.209  3.5754  0.843    7  0.000  0.365    37.37    22.95    15.65    11.88     9.72  4 -8.23e-09      0.00 6.784e-01 3.065e-01 1.623e-03 2.344e-03 5.928e-03 -1.000 1.509e-02 -3.254 1.755 -0.234 -1.848 -2.822 -3.741 -4.920 -5.735 -5.950
0.01471 0.00000 9.00000 2.3045587540 2.5795474785    2.295  3.197  3.5767  0.861    7  0.000  0.365    36.11    22.23    15.18    11.52     9.43  4 -7.75e-09      0.00 6.784e-01 3.065e-01 1.623e-03 2.344e-03 5.928e-03 -1.000 1.509e-02 -3.222 1.753 -0.232 -1.843 -2.810 -3.714 -4.885 -5.698 -5.910
0.01471 0.00000 9.00000 2.3045589924 2.5795474858    2.295  3.193  3.5770  0.866    7  0.000  0.365    35.72    22.02    15.04    11.41     9.34  4 -7.61e-09      0.00 6.784e-01 3.065e-01 1.623e-03 2.344e-03 5.928e-03 -1.000 1.509e-02 -3.213 1.753 -0.231 -1.841 -2.806 -3.706 -4.875 -5.686 -5.898
0.01471 0.00000 9.00000 2.3045592308 2.5795474931    2.295  3.193  3.5771  0.866    7  0.000  0.365    35.70    22.00    15.03    11.41     9.33  4  -7.6e-09      0.00 6.784e-01 3.065e-01 1.623e-03 2.344e-03 5.928e-03 -1.000 1.509e-02 -3.212 1.753 -0.231 -1.841 -2.806 -3.705 -4.874 -5.685 -5.897
0.01471 0.00000 9.00000 2.3045594692 2.5795475005    2.295  3.193  3.5771  0.867    7  0.000  0.365    35.68    21.99    15.02    11.40     9.33  4  -7.6e-09      0.00 6.784e-01 3.065e-01 1.623e-03 2.344e-03 5.928e-03 -1.000 1.509e-02 -3.211 1.753 -0.231 -1.841 -2.806 -3.705 -4.873 -5.685 -5.897
0.01471 0.00000 9.00000 2.3045597076 2.5795475078    2.295  3.192  3.5771  0.867    7  0.000  0.365    35.65    21.97    15.01    11.39     9.32  4  -7.6e-09      0.00 6.784e-01 3.065e-01 1.623e-03 2.344e-03 5.928e-03 -1.000 1.509e-02 -3.211 1.752 -0.231 -1.841 -2.805 -3.704 -4.873 -5.684 -5.896
0.01471 0.00000 9.00000 2.3045599461 2.5795475151    2.295  3.192  3.5771  0.867    7  0.000  0.365    35.64    21.97    15.01    11.39     9.32  4 -7.59e-09      0.00 6.784e-01 3.065e-01 1.623e-03 2.344e-03 5.928e-03 -1.000 1.509e-02 -3.210 1.752 -0.231 -1.841 -2.805 -3.704 -4.872 -5.683 -5.895
0.01471 0.00000 9.00000 2.3045604229 2.5795475297    2.295  3.191  3.5772  0.868    7  0.000  0.365    35.57    21.93    14.99    11.37     9.30  4 -7.58e-09      0.00 6.784e-01 3.065e-01 1.623e-03 2.344e-03 5.928e-03 -1.000 1.509e-02 -3.209 1.752 -0.231 -1.841 -2.805 -3.703 -4.871 -5.682 -5.893
0.01471 0.00000 9.00000 2.3045606613 2.5795475370    2.295  3.191  3.5772  0.869    7  0.000  0.365    35.54    21.91    14.97    11.36     9.29  4 -7.58e-09      0.00 6.784e-01 3.065e-01 1.623e-03 2.344e-03 5.928e-03 -1.000 1.509e-02 -3.208 1.752 -0.231 -1.841 -2.804 -3.702 -4.870 -5.680 -5.892
0.01471 0.00000 9.00000 2.3045611382 2.5795475517    2.295  3.191  3.5773  0.869    7  0.000  0.365    35.50    21.89    14.96    11.35     9.29  4 -7.57e-09      0.00 6.784e-01 3.065e-01 1.623e-03 2.344e-03 5.928e-03 -1.000 1.509e-02 -3.207 1.752 -0.231 -1.841 -2.804 -3.701 -4.869 -5.679 -5.891
0.01471 0.00000 9.00000 2.3045613766 2.5795475590    2.295  3.190  3.5773  0.870    7  0.000  0.365    35.46    21.87    14.94    11.34     9.28  4 -7.57e-09      0.00 6.784e-01 3.065e-01 1.623e-03 2.344e-03 5.928e-03 -1.000 1.509e-02 -3.206 1.752 -0.231 -1.841 -2.804 -3.700 -4.867 -5.678 -5.890
0.01471 0.00000 9.00000 2.3045618534 2.5795475736    2.295  3.190  3.5774  0.870    7  0.000  0.365    35.41    21.84    14.93    11.32     9.27  4 -7.56e-09      0.00 6.784e-01 3.065e-01 1.623e-03 2.344e-03 5.928e-03 -1.000 1.509e-02 -3.205 1.752 -0.231 -1.840 -2.803 -3.699 -4.866 -5.677 -5.888
0.01471 0.00000 9.00000 2.3045673370 2.5795477419    2.295  3.211  3.5753  0.842    7  0.000  0.365    37.48    23.01    15.69    11.91     9.75  4 -8.28e-09      0.00 6.784e-01 3.065e-01 1.623e-03 2.344e-03 5.928e-03 -1.000 1.509e-02 -3.257 1.755 -0.235 -1.849 -2.824 -3.743 -4.923 -5.739 -5.953
0.01471 0.00000 9.00000 2.3045711517 2.5795478589    2.295  3.243  3.5721  0.797    7  0.000  0.365    40.96    24.96    16.95    12.89    10.55  3 -9.53e-09      0.00 6.784e-01 3.065e-01 1.623e-03 2.344e-03 5.928e-03 -1.000 1.509e-02 -3.337 1.762 -0.240 -1.862 -2.855 -3.811 -5.012 -5.835 -6.055
0.01471 0.00000 9.00000 2.3045747280 2.5795479686    2.295  3.274  3.5689  0.753    7  0.000  0.365    44.67    27.03    18.29    13.92    11.40  3  -1.1e-08      0.00 6.784e-01 3.065e-01 1.623e-03 2.344e-03 5.928e-03 -1.000 1.509e-02 -3.414 1.769 -0.239 -1.864 -2.879 -3.875 -5.098 -5.929 -6.154
0.01471 0.00000 9.00000 2.3045785427 2.5795480857    2.295  3.303  3.5659  0.711    7  0.538  0.365    48.44    29.11    19.64    14.97    12.25  3 -1.25e-08      0.00 6.784e-01 3.065e-01 1.623e-03 2.344e-03 5.928e-03 -1.000 1.509e-02 -3.487 1.772 -0.232 -1.857 -2.893 -3.933 -5.180 -6.017 -6.247
0.01471 0.00000 9.00000 2.3045833111 2.5795482320    2.295  3.333  3.5627  0.669    7  0.538  0.365    52.69    31.45    21.14    16.13    13.21  3 -1.42e-08      0.00 6.784e-01 3.065e-01 1.623e-03 2.344e-03 5.928e-03 -1.000 1.509e-02 -3.562 1.776 -0.223 -1.847 -2.906 -3.992 -5.264 -6.108 -6.343
0.01471 0.00000 9.00000 2.3045890331 2.5795484075    2.295  3.363  3.5594  0.625    7  0.538  0.365    57.44    34.04    22.80    17.41    14.26  3 -1.63e-08      0.00 6.784e-01 3.065e-01 1.623e-03 2.344e-03 5.928e-03 -1.000 1.509e-02 -3.639 1.781 -0.210 -1.833 -2.917 -4.051 -5.350 -6.201 -6.441
0.01471 0.00000 9.00000 2.3045959473 2.5795486196    2.295  3.391  3.5564  0.585    7  0.537  0.365    62.14    36.59    24.43    18.68    15.30  3 -1.84e-08      0.00 6.784e-01 3.065e-01 1.623e-03 2.344e-03 5.928e-03 -1.000 1.509e-02 -3.708 1.783 -0.186 -1.803 -2.915 -4.100 -5.429 -6.285 -6.530
0.01471 0.00000 9.00000 2.3046059608 2.5795489269    2.294  3.421  3.5530  0.541    7  0.529  0.365    67.69    39.58    26.33    20.15    16.51  3 -2.09e-08      0.00 6.784e-01 3.065e-01 1.623e-03 2.344e-03 5.928e-03 -1.000 1.509e-02 -3.783 1.787 -0.157 -1.766 -2.910 -4.151 -5.513 -6.377 -6.627
0.01471 0.00000 9.00000 2.3046100140 2.5795490512    2.294  3.427  3.5524  0.533    7  0.529  0.365    68.77    40.15    26.70    20.44    16.75  3 -2.11e-08      0.00 6.784e-01 3.065e-01 1.623e-03 2.344e-03 5.928e-03 -1.000 1.509e-02 -3.797 1.787 -0.153 -1.760 -2.910 -4.162 -5.529 -6.394 -6.645
0.01471 0.00000 9.00000 2.3046107292 2.5795490732    2.294  3.427  3.5524  0.533    8  0.529  0.385    68.78    40.16    26.70    20.44    16.75  3 -2.14e-08      0.00 6.784e-01 3.068e-01 1.719e-03 2.345e-03 5.951e-03 -1.000 1.484e-02 -3.797 1.787 -0.153 -1.760 -2.910 -4.162 -5.529 -6.394 -6.645
0.01471 0.00000 9.00000 2.3046116829 2.5795491024    2.293  3.176  3.5769  0.882    8  0.529  0.385    34.60    21.38    14.63    11.10     9.08  4 -7.15e-09      0.00 6.784e-01 3.068e-01 1.719e-03 2.345e-03 5.951e-03 -1.000 1.484e-02 -3.170 1.784 -0.190 -1.797 -2.762 -3.663 -4.832 -5.645 -5.857
0.01471 0.00000 9.00000 2.3046119213 2.5795491097    2.293  3.148  3.5798  0.922    8  0.529  0.385    31.97    19.89    13.65    10.34     8.46  4 -6.29e-09      0.00 6.784e-01 3.068e-01 1.719e-03 2.345e-03 5.951e-03 -1.000 1.484e-02 -3.099 1.778 -0.186 -1.787 -2.735 -3.603 -4.753 -5.559 -5.766
0.01471 0.00000 9.00000 2.3046140671 2.5795491756    2.293  2.930  3.6019  1.228    8  0.529  0.385    17.50    11.44     8.05     6.05     4.94  4 -2.34e-09      0.00 6.784e-01 3.068e-01 1.719e-03 2.345e-03 5.951e-03 -1.000 1.484e-02 -2.555 1.678 -0.068 -1.576 -2.421 -3.127 -4.159 -4.904 -5.078
0.01471 0.00000 9.00000 2.3046171665 2.5795492707    2.293  2.890  3.6058  1.284    8  0.529  0.385    15.68    10.35     7.31     5.49     4.48  4 -1.95e-09      0.00 6.784e-01 3.068e-01 1.719e-03 2.345e-03 5.951e-03 -1.000 1.484e-02 -2.456 1.654 -0.038 -1.525 -2.352 -3.038 -4.051 -4.785 -4.953
0.01471 0.00000 9.00000 2.3046216965 2.5795494096    2.293  2.960  3.5986  1.185    8  0.529  0.385    19.06    12.37     8.68     6.53     5.33  4 -2.69e-09      0.00 6.784e-01 3.068e-01 1.719e-03 2.345e-03 5.951e-03 -1.000 1.484e-02 -2.631 1.700 -0.085 -1.610 -2.468 -3.193 -4.241 -4.996 -5.175
0.01471 0.00000 9.00000 2.3046274185 2.5795495852    2.293  3.113  3.5829  0.968    8  0.529  0.385    29.18    18.29    12.60     9.53     7.80  4  -5.4e-09      0.00 6.784e-01 3.068e-01 1.719e-03 2.345e-03 5.951e-03 -1.000 1.484e-02 -3.013 1.770 -0.166 -1.754 -2.686 -3.527 -4.660 -5.458 -5.660
0.01471 0.00000 9.00000 2.3046348095 2.5795498119    2.292  3.268  3.5670  0.750    8  0.529  0.385    44.85    27.13    18.36    13.97    11.44  3 -1.07e-08      0.00 6.784e-01 3.068e-01 1.719e-03 2.345e-03 5.951e-03 -1.000 1.484e-02 -3.400 1.813 -0.180 -1.799 -2.826 -3.850 -5.089 -5.924 -6.152
0.01471 0.00000 9.00000 2.3046433926 2.5795500753    2.292  3.378  3.5556  0.595    8  0.530  0.385    60.93    35.93    24.01    18.35    15.03  3 -1.73e-08      0.00 6.784e-01 3.068e-01 1.719e-03 2.345e-03 5.951e-03 -1.000 1.484e-02 -3.674 1.820 -0.133 -1.742 -2.861 -4.060 -5.397 -6.256 -6.502
0.01471 0.00000 9.00000 2.3046538830 2.5795503971    2.292  3.437  3.5492  0.510    8  0.530  0.385    72.05    41.91    27.81    21.31    17.46  3 -2.24e-08      0.00 6.784e-01 3.068e-01 1.719e-03 2.345e-03 5.951e-03 -1.000 1.484e-02 -3.824 1.821 -0.083 -1.677 -2.858 -4.164 -5.565 -6.437 -6.693
0.01471 0.00000 9.00000 2.3046658039 2.5795507628    2.292  3.464  3.5462  0.471    8  0.530  0.385    77.76    44.94    29.73    22.80    18.69  3  -2.5e-08      0.00 6.784e-01 3.068e-01 1.719e-03 2.345e-03 5.951e-03 -1.000 1.484e-02 -3.890 1.824 -0.039 -1.621 -2.839 -4.201 -5.642 -6.518 -6.779
0.01471 0.00000 9.00000 2.3046793938 2.5795511797    2.291  3.478  3.5445  0.450    8  0.531  0.385    81.00    46.66    30.82    23.65    19.38  3 -2.66e-08      0.00 6.784e-01 3.068e-01 1.719e-03 2.345e-03 5.951e-03 -1.000 1.484e-02 -3.924 1.828 -0.009 -1.584 -2.824 -4.219 -5.682 -6.561 -6.825
0.01471 0.00000 9.00000 2.3046796322 2.5795511870    2.291  3.315  3.5607  0.678    8  0.531  0.385    51.74    30.93    20.81    15.87    13.00  3 -1.32e-08      0.00 6.784e-01 3.068e-01 1.719e-03 2.345e-03 5.951e-03 -1.000 1.484e-02 -3.518 1.841 -0.136 -1.752 -2.823 -3.938 -5.225 -6.075 -6.312
0.01471 0.00000 9.00000 2.3046808243 2.5795512236    2.291  3.205  3.5720  0.833    8  0.531  0.385    38.08    23.35    15.91    12.08     9.89  4 -8.13e-09      0.00 6.784e-01 3.068e-01 1.719e-03 2.345e-03 5.951e-03 -1.000 1.484e-02 -3.242 1.830 -0.152 -1.765 -2.757 -3.716 -4.917 -5.742 -5.961
0.01471 0.00000 9.00000 2.3046832085 2.5795512967    2.291  2.988  3.5940  1.137    8  0.531  0.385    20.91    13.47     9.41     7.09     5.79  4 -3.07e-09      0.00 6.784e-01 3.068e-01 1.719e-03 2.345e-03 5.951e-03 -1.000 1.484e-02 -2.701 1.753 -0.074 -1.616 -2.494 -3.250 -4.322 -5.090 -5.275
0.01471 0.00000 9.00000 2.3046867847 2.5795514065    2.291  2.948  3.5981  1.194    8  0.531  0.385    18.69    12.15     8.53     6.41     5.24  4 -2.55e-09      0.00 6.784e-01 3.068e-01 1.719e-03 2.345e-03 5.951e-03 -1.000 1.484e-02 -2.600 1.735 -0.048 -1.572 -2.432 -3.161 -4.211 -4.968 -5.147
0.01471 0.00000 9.00000 2.3046920300 2.5795515674    2.290  3.017  3.5911  1.097    8  0.531  0.385    22.64    14.49    10.09     7.61     6.22  4  -3.5e-09      0.00 6.784e-01 3.068e-01 1.719e-03 2.345e-03 5.951e-03 -1.000 1.484e-02 -2.773 1.767 -0.092 -1.647 -2.539 -3.313 -4.400 -5.177 -5.366
0.01471 0.00000 9.00000 2.3046987057 2.5795517722    2.290  3.168  3.5757  0.885    8  0.531  0.385    34.39    21.27    14.55    11.04     9.03  4 -6.91e-09      0.00 6.784e-01 3.068e-01 1.719e-03 2.345e-03 5.951e-03 -1.000 1.484e-02 -3.150 1.821 -0.147 -1.752 -2.722 -3.638 -4.815 -5.631 -5.844
0.01471 0.00000 9.00000 2.3047068119 2.5795520208    2.290  3.320  3.5602  0.671    8  0.532  0.385    52.45    31.32    21.06    16.06    13.15  3 -1.35e-08      0.00 6.784e-01 3.068e-01 1.719e-03 2.345e-03 5.951e-03 -1.000 1.484e-02 -3.530 1.842 -0.135 -1.750 -2.825 -3.947 -5.239 -6.089 -6.327
0.01471 0.00000 9.00000 2.3047168255 2.5795523280    2.290  3.428  3.5492  0.519    8  0.532  0.385    70.77    41.23    27.38    20.97    17.18  3 -2.15e-08      0.00 6.784e-01 3.068e-01 1.719e-03 2.345e-03 5.951e-03 -1.000 1.484e-02 -3.800 1.838 -0.060 -1.652 -2.833 -4.140 -5.541 -6.413 -6.670
0.01471 0.00000 9.00000 2.3047287464 2.5795526937    2.290  3.486  3.5432  0.436    8  0.533  0.385    83.22    47.83    31.56    24.22    19.86  3 -2.76e-08      0.00 6.784e-01 3.068e-01 1.719e-03 2.345e-03 5.951e-03 -1.000 1.484e-02 -3.946 1.834 0.016 -1.553 -2.810 -4.228 -5.707 -6.588 -6.855
0.01471 0.00000 9.00000 2.3047423363 2.5795531106    2.289  3.512  3.5405  0.400    8  0.533  0.385    89.38    51.07    33.59    25.81    21.16  2 -3.07e-08      0.00 6.784e-01 3.068e-01 1.719e-03 2.345e-03 5.951e-03 -1.000 1.484e-02 -4.009 1.834 0.053 -1.506 -2.797 -4.266 -5.780 -6.665 -6.937
0.01471 0.00000 9.00000 2.3047580719 2.5795535933    2.289  3.525  3.5391  0.382    8  0.534  0.385    92.70    52.81    34.68    26.66    21.86  2 -3.25e-08      0.00 6.784e-01 3.068e-01 1.719e-03 2.345e-03 5.951e-03 -1.000 1.484e-02 -4.041 1.834 0.077 -1.475 -2.786 -4.282 -5.816 -6.704 -6.978
0.01471 0.00000 9.00000 2.3047583103 2.5795536006    2.288  3.370  3.5547  0.598    8  0.534  0.385    60.46    35.68    23.85    18.23    14.93  3 -1.68e-08      0.00 6.784e-01 3.068e-01 1.719e-03 2.345e-03 5.951e-03 -1.000 1.484e-02 -3.655 1.847 -0.091 -1.696 -2.822 -4.035 -5.380 -6.241 -6.488
0.01471 0.00000 9.00000 2.3047597408 2.5795536445    2.288  3.260  3.5660  0.753    8  0.534  0.385    44.56    26.97    18.26    13.90    11.38  3 -1.04e-08      0.00 6.784e-01 3.068e-01 1.719e-03 2.345e-03 5.951e-03 -1.000 1.484e-02 -3.381 1.844 -0.138 -1.753 -2.787 -3.826 -5.072 -5.911 -6.139
0.01471 0.00000 9.00000 2.3047621250 2.5795537176    2.288  3.045  3.5880  1.056    8  0.534  0.385    24.52    15.59    10.82     8.17     6.68  4 -3.99e-09      0.00 6.784e-01 3.068e-01 1.719e-03 2.345e-03 5.951e-03 -1.000 1.484e-02 -2.843 1.783 -0.103 -1.669 -2.575 -3.374 -4.477 -5.262 -5.456
0.01471 0.00000 9.00000 2.3047659397 2.5795538346    2.288  3.003  3.5923  1.115    8  0.534  0.385    21.83    14.02     9.77     7.37     6.02  4  -3.3e-09      0.00 6.784e-01 3.068e-01 1.719e-03 2.345e-03 5.951e-03 -1.000 1.484e-02 -2.739 1.764 -0.081 -1.630 -2.516 -3.283 -4.363 -5.137 -5.324
0.01471 0.00000 9.00000 2.3047711849 2.5795539955    2.288  3.071  3.5854  1.020    8  0.534  0.385    26.35    16.66    11.52     8.71     7.12  4 -4.49e-09      0.00 6.784e-01 3.068e-01 1.719e-03 2.345e-03 5.951e-03 -1.000 1.484e-02 -2.908 1.791 -0.115 -1.691 -2.610 -3.430 -4.548 -5.340 -5.538
0.01471 0.00000 9.00000 2.3047780991 2.5795542076    2.288  3.218  3.5703  0.812    8  0.534  0.385    39.68    24.25    16.49    12.53    10.26  4 -8.66e-09      0.00 6.784e-01 3.068e-01 1.719e-03 2.345e-03 5.951e-03 -1.000 1.484e-02 -3.276 1.840 -0.147 -1.762 -2.765 -3.743 -4.955 -5.785 -6.006
0.01471 0.00000 9.00000 2.3047869205 2.5795544782    2.288  3.367  3.5550  0.603    8  0.535  0.385    59.92    35.39    23.67    18.09    14.81  3 -1.65e-08      0.00 6.784e-01 3.068e-01 1.719e-03 2.345e-03 5.951e-03 -1.000 1.484e-02 -3.647 1.848 -0.092 -1.697 -2.820 -4.029 -5.370 -6.231 -6.477
0.01471 0.00000 9.00000 2.3047974110 2.5795548000    2.287  3.471  3.5443  0.455    8  0.535  0.385    80.15    46.21    30.53    23.43    19.20  3 -2.59e-08      0.00 6.784e-01 3.068e-01 1.719e-03 2.345e-03 5.951e-03 -1.000 1.484e-02 -3.908 1.843 0.012 -1.560 -2.802 -4.200 -5.666 -6.545 -6.810
0.01471 0.00000 9.00000 2.3048098087 2.5795551803    2.287  3.527  3.5386  0.377    8  0.536  0.385    93.53    53.24    34.95    26.87    22.04  2 -3.28e-08      0.00 6.784e-01 3.068e-01 1.719e-03 2.345e-03 5.951e-03 -1.000 1.484e-02 -4.046 1.839 0.095 -1.452 -2.773 -4.279 -5.823 -6.712 -6.987
0.01471 0.00000 9.00000 2.3048241138 2.5795556191    2.287  3.550  3.5362  0.344    8  0.536  0.385    99.78    56.50    36.99    28.47    23.34  2 -3.62e-08      0.00 6.784e-01 3.068e-01 1.719e-03 2.345e-03 5.951e-03 -1.000 1.484e-02 -4.104 1.837 0.139 -1.395 -2.754 -4.304 -5.890 -6.781 -7.061
0.01471 0.00000 9.00000 2.3048405647 2.5795561237    2.286  3.560  3.5351  0.329    8  0.537  0.385   102.75    58.04    37.96    29.22    23.96  2 -3.79e-08      0.00 6.784e-01 3.068e-01 1.719e-03 2.345e-03 5.951e-03 -1.000 1.484e-02 -4.131 1.835 0.158 -1.371 -2.746 -4.316 -5.920 -6.812 -7.094
0.01471 0.00000 9.00000 2.3048408031 2.5795561310    2.286  3.416  3.5500  0.533    8  0.537  0.385    68.71    40.13    26.68    20.43    16.74  3 -2.05e-08      0.00 6.784e-01 3.068e-01 1.719e-03 2.345e-03 5.951e-03 -1.000 1.484e-02 -3.769 1.848 -0.057 -1.651 -2.823 -4.116 -5.508 -6.379 -6.633
0.01471 0.00000 9.00000 2.3048422337 2.5795561749    2.286  3.307  3.5613  0.687    8  0.537  0.385    50.71    30.37    20.45    15.59    12.77  3 -1.28e-08      0.00 6.784e-01 3.068e-01 1.719e-03 2.345e-03 5.951e-03 -1.000 1.484e-02 -3.497 1.847 -0.130 -1.744 -2.812 -3.919 -5.202 -6.050 -6.286
0.01471 0.00000 9.00000 2.3048448563 2.5795562553    2.285  3.094  3.5834  0.989    8  0.537  0.385    27.98    17.60    12.15     9.19     7.51  4 -4.99e-09      0.00 6.784e-01 3.068e-01 1.719e-03 2.345e-03 5.951e-03 -1.000 1.484e-02 -2.964 1.793 -0.131 -1.715 -2.643 -3.480 -4.609 -5.406 -5.607
0.01471 0.00000 9.00000 2.3048491478 2.5795563870    2.285  3.051  3.5879  1.050    8  0.538  0.385    24.83    15.78    10.94     8.26     6.75  4 -4.11e-09      0.00 6.784e-01 3.068e-01 1.719e-03 2.345e-03 5.951e-03 -1.000 1.484e-02 -2.857 1.775 -0.114 -1.682 -2.589 -3.388 -4.492 -5.277 -5.471
0.01471 0.00000 9.00000 2.3048548698 2.5795565625    2.285  3.118  3.5810  0.955    8  0.538  0.385    29.90    18.71    12.87     9.75     7.97  4 -5.55e-09      0.00 6.784e-01 3.068e-01 1.719e-03 2.345e-03 5.951e-03 -1.000 1.484e-02 -3.024 1.805 -0.140 -1.734 -2.674 -3.532 -4.674 -5.478 -5.683
0.01471 0.00000 9.00000 2.3048624992 2.5795567965    2.285  3.261  3.5660  0.751    8  0.538  0.385    44.69    27.05    18.30    13.93    11.41  3 -1.05e-08      0.00 6.784e-01 3.068e-01 1.719e-03 2.345e-03 5.951e-03 -1.000 1.484e-02 -3.383 1.842 -0.141 -1.757 -2.790 -3.829 -5.075 -5.913 -6.142
0.01471 0.00000 9.00000 2.3048717976 2.5795570817    2.285  3.406  3.5509  0.547    8  0.539  0.385    66.92    39.17    26.07    19.95    16.35  3 -1.97e-08      0.00 6.784e-01 3.068e-01 1.719e-03 2.345e-03 5.951e-03 -1.000 1.484e-02 -3.745 1.849 -0.063 -1.659 -2.822 -4.099 -5.481 -6.350 -6.603
0.01471 0.00000 9.00000 2.3048832417 2.5795574327    2.284  3.507  3.5403  0.402    8  0.539  0.385    88.94    50.84    33.45    25.70    21.07  2 -3.04e-08      0.00 6.784e-01 3.068e-01 1.719e-03 2.345e-03 5.951e-03 -1.000 1.484e-02 -3.999 1.846 0.072 -1.484 -2.778 -4.253 -5.770 -6.656 -6.928
0.01471 0.00000 9.00000 2.3048965931 2.5795578422    2.284  3.561  3.5346  0.326    8  0.540  0.385   103.36    58.36    38.15    29.37    24.09  2 -3.81e-08      0.00 6.784e-01 3.068e-01 1.719e-03 2.345e-03 5.951e-03 -1.000 1.484e-02 -4.133 1.841 0.175 -1.351 -2.733 -4.311 -5.924 -6.817 -7.099
0.01471 0.00000 9.00000 2.3049120903 2.5795583175    2.283  3.583  3.5323  0.294    8  0.541  0.385   109.98    61.78    40.28    31.04    25.46  2 -4.19e-08      0.00 6.784e-01 3.068e-01 1.719e-03 2.345e-03 5.951e-03 -1.000 1.484e-02 -4.188 1.839 0.218 -1.295 -2.714 -4.335 -5.987 -6.883 -7.170
0.01471 0.00000 9.00000 2.3049299717 2.5795588660    2.283  3.593  3.5313  0.281    8  0.542  0.385   113.03    63.35    41.26    31.81    26.09  2 -4.37e-08      0.00 6.784e-01 3.068e-01 1.719e-03 2.345e-03 5.951e-03 -1.000 1.484e-02 -4.213 1.837 0.235 -1.273 -2.708 -4.347 -6.015 -6.912 -7.201
0.01471 0.00000 9.00000 2.3049302101 2.5795588733    2.282  3.460  3.5453  0.469    8  0.542  0.385    77.89    45.02    29.78    22.84    18.72  3 -2.49e-08      0.00 6.784e-01 3.068e-01 1.719e-03 2.345e-03 5.951e-03 -1.000 1.484e-02 -3.880 1.846 0.001 -1.575 -2.804 -4.182 -5.635 -6.513 -6.776
0.01471 0.00000 9.00000 2.3049316406 2.5795589171    2.282  3.353  3.5567  0.622    8  0.542  0.385    57.60    34.14    22.86    17.46    14.30  3 -1.57e-08      0.00 6.784e-01 3.068e-01 1.719e-03 2.345e-03 5.951e-03 -1.000 1.484e-02 -3.611 1.846 -0.107 -1.716 -2.824 -4.005 -5.330 -6.188 -6.431
0.01471 0.00000 9.00000 2.3049345016 2.5795590049    2.282  3.142  3.5790  0.922    8  0.542  0.385    31.90    19.86    13.63    10.33     8.45  4 -6.23e-09      0.00 6.784e-01 3.068e-01 1.719e-03 2.345e-03 5.951e-03 -1.000 1.484e-02 -3.085 1.804 -0.156 -1.757 -2.708 -3.586 -4.741 -5.550 -5.758
0.01471 0.00000 9.00000 2.3049387932 2.5795591365    2.282  3.099  3.5836  0.984    8  0.542  0.385    28.23    17.75    12.24     9.26     7.57  4 -5.13e-09      0.00 6.784e-01 3.068e-01 1.719e-03 2.345e-03 5.951e-03 -1.000 1.484e-02 -2.976 1.781 -0.146 -1.730 -2.658 -3.493 -4.621 -5.417 -5.618
0.01471 0.00000 9.00000 2.3049449921 2.5795593266    2.281  3.164  3.5767  0.891    8  0.542  0.385    33.92    21.01    14.38    10.91     8.92  4 -6.87e-09      0.00 6.784e-01 3.068e-01 1.719e-03 2.345e-03 5.951e-03 -1.000 1.484e-02 -3.140 1.811 -0.158 -1.762 -2.728 -3.632 -4.802 -5.616 -5.828
0.01471 0.00000 9.00000 2.3049528599 2.5795595679    2.281  3.304  3.5618  0.691    8  0.543  0.385    50.30    30.15    20.30    15.48    12.67  3 -1.27e-08      0.00 6.784e-01 3.068e-01 1.719e-03 2.345e-03 5.951e-03 -1.000 1.484e-02 -3.490 1.843 -0.136 -1.752 -2.816 -3.915 -5.194 -6.041 -6.276
0.01471 0.00000 9.00000 2.3049626350 2.5795598677    2.281  3.445  3.5468  0.491    8  0.543  0.385    74.69    43.32    28.70    22.00    18.03  3 -2.33e-08      0.00 6.784e-01 3.068e-01 1.719e-03 2.345e-03 5.951e-03 -1.000 1.484e-02 -3.842 1.848 -0.017 -1.598 -2.808 -4.159 -5.591 -6.467 -6.727
0.01471 0.00000 9.00000 2.3049745560 2.5795602333    2.280  3.544  3.5362  0.349    8  0.544  0.385    98.69    55.94    36.64    28.19    23.12  2 -3.55e-08      0.00 6.784e-01 3.068e-01 1.719e-03 2.345e-03 5.951e-03 -1.000 1.484e-02 -4.089 1.847 0.151 -1.382 -2.740 -4.289 -5.874 -6.765 -7.045
0.01471 0.00000 9.00000 2.3049886227 2.5795606647    2.280  3.596  3.5306  0.274    8  0.545  0.385   114.41    64.06    41.70    32.15    26.38  2 -4.43e-08      0.00 6.784e-01 3.068e-01 1.719e-03 2.345e-03 5.951e-03 -1.000 1.484e-02 -4.220 1.845 0.260 -1.241 -2.689 -4.342 -6.025 -6.923 -7.213
0.01471 0.00000 9.00000 2.3050050735 2.5795611693    2.279  3.618  3.5282  0.243    8  0.546  0.385   121.76    67.82    44.04    33.98    27.88  2 -4.87e-08      0.00 6.784e-01 3.068e-01 1.719e-03 2.345e-03 5.951e-03 -1.000 1.484e-02 -4.274 1.844 0.321 -1.165 -2.658 -4.352 -6.088 -6.988 -7.283
0.01471 0.00000 9.00000 2.3050236702 2.5795617396    2.278  3.628  3.5270  0.228    8  0.547  0.385   125.34    69.65    45.17    34.87    28.61  2 -5.08e-08      0.00 6.784e-01 3.068e-01 1.719e-03 2.345e-03 5.951e-03 -1.000 1.484e-02 -4.300 1.844 0.351 -1.127 -2.642 -4.355 -6.117 -7.019 -7.316
0.01471 0.00000 9.00000 2.3050239086 2.5795617469    2.278  3.508  3.5399  0.399    8  0.547  0.385    89.39    51.08    33.59    25.82    21.17  2 -3.06e-08      0.00 6.784e-01 3.068e-01 1.719e-03 2.345e-03 5.951e-03 -1.000 1.484e-02 -3.999 1.852 0.085 -1.469 -2.768 -4.249 -5.772 -6.658 -6.931
0.01471 0.00000 9.00000 2.3050253391 2.5795617908    2.278  3.402  3.5514  0.551    8  0.547  0.385    66.24    38.81    25.84    19.78    16.20  3 -1.95e-08      0.00 6.784e-01 3.068e-01 1.719e-03 2.345e-03 5.951e-03 -1.000 1.484e-02 -3.734 1.850 -0.066 -1.664 -2.822 -4.092 -5.469 -6.337 -6.589
0.01471 0.00000 9.00000 2.3050282001 2.5795618785    2.278  3.194  3.5739  0.849    8  0.547  0.385    36.84    22.66    15.46    11.74     9.60  4 -7.89e-09      0.00 6.784e-01 3.068e-01 1.719e-03 2.345e-03 5.951e-03 -1.000 1.484e-02 -3.215 1.814 -0.166 -1.777 -2.759 -3.696 -4.885 -5.705 -5.922
0.01471 0.00000 9.00000 2.3050322533 2.5795620028    2.277  3.149  3.5787  0.913    8  0.547  0.385    32.45    20.17    13.83    10.49     8.58  4 -6.47e-09      0.00 6.784e-01 3.068e-01 1.719e-03 2.345e-03 5.951e-03 -1.000 1.484e-02 -3.103 1.798 -0.166 -1.768 -2.722 -3.603 -4.760 -5.568 -5.777
0.01471 0.00000 9.00000 2.3050382137 2.5795621856    2.277  3.213  3.5718  0.822    8  0.548  0.385    38.87    23.80    16.20    12.31    10.07  4 -8.59e-09      0.00 6.784e-01 3.068e-01 1.719e-03 2.345e-03 5.951e-03 -1.000 1.484e-02 -3.262 1.821 -0.166 -1.781 -2.775 -3.735 -4.938 -5.763 -5.982
0.01471 0.00000 9.00000 2.3050458431 2.5795624196    2.277  3.349  3.5571  0.627    8  0.548  0.385    57.04    33.84    22.67    17.32    14.18  3 -1.55e-08      0.00 6.784e-01 3.068e-01 1.719e-03 2.345e-03 5.951e-03 -1.000 1.484e-02 -3.601 1.847 -0.109 -1.719 -2.824 -3.998 -5.319 -6.176 -6.419
0.01471 0.00000 9.00000 2.3050553799 2.5795627120    2.276  3.484  3.5423  0.432    8  0.549  0.385    83.77    48.13    31.74    24.37    19.98  3 -2.78e-08      0.00 6.784e-01 3.068e-01 1.719e-03 2.345e-03 5.951e-03 -1.000 1.484e-02 -3.941 1.854 0.052 -1.511 -2.779 -4.214 -5.705 -6.588 -6.856
0.01471 0.00000 9.00000 2.3050670624 2.5795630703    2.276  3.579  3.5319  0.295    8  0.550  0.385   109.74    61.65    40.20    30.98    25.41  2 -4.16e-08      0.00 6.784e-01 3.068e-01 1.719e-03 2.345e-03 5.951e-03 -1.000 1.484e-02 -4.179 1.854 0.245 -1.263 -2.690 -4.319 -5.979 -6.876 -7.163
0.01471 0.00000 9.00000 2.3050806522 2.5795634870    2.275  3.630  3.5263  0.223    8  0.550  0.385   126.58    70.28    45.56    35.18    28.86  2 -5.13e-08      0.00 6.784e-01 3.068e-01 1.719e-03 2.345e-03 5.951e-03 -1.000 1.484e-02 -4.304 1.853 0.382 -1.090 -2.619 -4.344 -6.123 -7.026 -7.325
0.01471 0.00000 9.00000 2.3050963879 2.5795639696    2.274  3.650  3.5240  0.192    8  0.551  0.385   134.36    74.23    48.00    37.09    30.44  2  -5.6e-08      0.00 6.784e-01 3.068e-01 1.719e-03 2.345e-03 5.951e-03 -1.000 1.484e-02 -4.356 1.854 0.448 -1.007 -2.584 -4.347 -6.183 -7.089 -7.392
0.01471 0.00000 9.00000 2.3051145077 2.5795645252    2.273  3.660  3.5229  0.178    8  0.553  0.385   138.09    76.12    49.17    38.01    31.19  2 -5.84e-08      0.00 6.784e-01 3.068e-01 1.719e-03 2.345e-03 5.951e-03 -1.000 1.484e-02 -4.379 1.855 0.479 -0.968 -2.567 -4.349 -6.211 -7.117 -7.423
0.01471 0.00000 9.00000 2.3051149845 2.5795645398    2.273  3.554  3.5344  0.330    8  0.553  0.385   102.47    57.90    37.86    29.15    23.91  2 -3.75e-08      0.00 6.784e-01 3.068e-01 1.719e-03 2.345e-03 5.951e-03 -1.000 1.484e-02 -4.116 1.857 0.199 -1.323 -2.709 -4.291 -5.907 -6.801 -7.084
0.01471 0.00000 9.00000 2.3051164150 2.5795645837    2.273  3.448  3.5461  0.483    8  0.553  0.385    75.78    43.91    29.07    22.29    18.27  3  -2.4e-08      0.00 6.784e-01 3.068e-01 1.719e-03 2.345e-03 5.951e-03 -1.000 1.484e-02 -3.851 1.854 -0.001 -1.580 -2.798 -4.161 -5.602 -6.479 -6.741
0.01471 0.00000 9.00000 2.3051190376 2.5795646641    2.272  3.244  3.5688  0.778    8  0.553  0.385    42.37    25.77    17.47    13.29    10.88  3 -9.91e-09      0.00 6.784e-01 3.068e-01 1.719e-03 2.345e-03 5.951e-03 -1.000 1.484e-02 -3.340 1.826 -0.168 -1.787 -2.801 -3.799 -5.024 -5.856 -6.080
0.01471 0.00000 9.00000 2.3051235676 2.5795648030    2.272  3.198  3.5738  0.844    8  0.553  0.385    37.19    22.86    15.59    11.84     9.69  4  -8.1e-09      0.00 6.784e-01 3.068e-01 1.719e-03 2.345e-03 5.951e-03 -1.000 1.484e-02 -3.225 1.808 -0.175 -1.787 -2.769 -3.706 -4.896 -5.715 -5.932
0.01471 0.00000 9.00000 2.3051297665 2.5795649931    2.272  3.261  3.5669  0.753    8  0.554  0.385    44.47    26.94    18.23    13.88    11.36  3 -1.07e-08      0.00 6.784e-01 3.068e-01 1.719e-03 2.345e-03 5.951e-03 -1.000 1.484e-02 -3.383 1.829 -0.162 -1.780 -2.808 -3.833 -5.072 -5.908 -6.135
0.01471 0.00000 9.00000 2.3051376343 2.5795652344    2.271  3.393  3.5523  0.563    8  0.554  0.385    64.71    37.99    25.32    19.37    15.87  3 -1.89e-08      0.00 6.784e-01 3.068e-01 1.719e-03 2.345e-03 5.951e-03 -1.000 1.484e-02 -3.712 1.850 -0.073 -1.672 -2.822 -4.076 -5.444 -6.310 -6.561
0.01471 0.00000 9.00000 2.3051476479 2.5795655414    2.271  3.524  3.5377  0.373    8  0.555  0.385    94.14    53.57    35.15    27.04    22.17  2 -3.32e-08      0.00 6.784e-01 3.068e-01 1.719e-03 2.345e-03 5.951e-03 -1.000 1.484e-02 -4.041 1.859 0.135 -1.405 -2.739 -4.261 -5.821 -6.710 -6.987
0.01471 0.00000 9.00000 2.3051598072 2.5795659143    2.270  3.617  3.5274  0.239    8  0.556  0.385   122.56    68.23    44.29    34.18    28.04  2 -4.89e-08      0.00 6.784e-01 3.068e-01 1.719e-03 2.345e-03 5.951e-03 -1.000 1.484e-02 -4.272 1.859 0.360 -1.119 -2.626 -4.333 -6.088 -6.990 -7.286
0.01471 0.00000 9.00000 2.3051741123 2.5795663529    2.269  3.666  3.5218  0.167    8  0.557  0.385   141.07    77.62    50.09    38.74    31.79  2 -6.01e-08      0.00 6.784e-01 3.068e-01 1.719e-03 2.345e-03 5.951e-03 -1.000 1.484e-02 -4.395 1.861 0.516 -0.924 -2.543 -4.342 -6.229 -7.137 -7.445
0.01471 0.00000 9.00000 2.3051908016 2.5795668646    2.268  3.687  3.5194  0.136    8  0.558  0.385   149.91    82.07    52.83    40.89    33.56  2 -6.69e-08      0.00 6.784e-01 3.068e-01 1.719e-03 2.345e-03 5.951e-03 -1.000 1.484e-02 -4.448 1.862 0.589 -0.831 -2.502 -4.341 -6.290 -7.200 -7.514
0.01471 0.00000 9.00000 2.3052096367 2.5795674421    2.267  3.698  3.5182  0.121    8  0.559  0.385   154.56    84.40    54.26    42.01    34.48  2 -7.47e-08      0.00 6.784e-01 3.068e-01 1.719e-03 2.345e-03 5.951e-03 -1.000 1.484e-02 -4.474 1.863 0.632 -0.775 -2.475 -4.332 -6.320 -7.232 -7.548
0.01471 0.00000 9.00000 2.3052098751 2.5795674495    2.267  3.609  3.5281  0.248    8  0.559  0.385   120.23    67.04    43.55    33.61    27.57  2 -4.77e-08      0.00 6.784e-01 3.068e-01 1.719e-03 2.345e-03 5.951e-03 -1.000 1.484e-02 -4.254 1.861 0.343 -1.141 -2.634 -4.329 -6.067 -6.968 -7.263
0.01471 0.00000 9.00000 2.3052113056 2.5795674933    2.267  3.502  3.5402  0.405    8  0.559  0.385    88.32    50.53    33.24    25.55    20.94  2 -3.03e-08      0.00 6.784e-01 3.068e-01 1.719e-03 2.345e-03 5.951e-03 -1.000 1.484e-02 -3.984 1.859 0.086 -1.469 -2.763 -4.238 -5.755 -6.642 -6.913
0.01471 0.00000 9.00000 2.3052141666 2.5795675810    2.266  3.300  3.5630  0.697    8  0.559  0.385    49.62    29.79    20.07    15.30    12.53  3 -1.28e-08      0.00 6.784e-01 3.068e-01 1.719e-03 2.345e-03 5.951e-03 -1.000 1.484e-02 -3.481 1.831 -0.155 -1.774 -2.829 -3.912 -5.182 -6.025 -6.259
0.01471 0.00000 9.00000 2.3052184582 2.5795677126    2.266  3.253  3.5684  0.766    8  0.560  0.385    43.28    26.28    17.80    13.55    11.09  3 -1.04e-08      0.00 6.784e-01 3.068e-01 1.719e-03 2.345e-03 5.951e-03 -1.000 1.484e-02 -3.361 1.818 -0.178 -1.798 -2.815 -3.819 -5.046 -5.879 -6.104
0.01471 0.00000 9.00000 2.3052244186 2.5795678954    2.266  3.313  3.5615  0.678    8  0.560  0.385    51.49    30.81    20.73    15.81    12.95  3 -1.35e-08      0.00 6.784e-01 3.068e-01 1.719e-03 2.345e-03 5.951e-03 -1.000 1.484e-02 -3.513 1.834 -0.150 -1.768 -2.834 -3.937 -5.218 -6.065 -6.301
0.01471 0.00000 9.00000 2.3052320480 2.5795681293    2.265  3.439  3.5473  0.495    8  0.561  0.385    73.88    42.90    28.43    21.80    17.86  3 -2.33e-08      0.00 6.784e-01 3.068e-01 1.719e-03 2.345e-03 5.951e-03 -1.000 1.484e-02 -3.828 1.853 -0.020 -1.604 -2.808 -4.149 -5.576 -6.451 -6.710
0.01471 0.00000 9.00000 2.3052418232 2.5795684290    2.264  3.564  3.5331  0.313    8  0.561  0.385   105.79    59.62    38.93    29.99    24.60  2 -3.96e-08      0.00 6.784e-01 3.068e-01 1.719e-03 2.345e-03 5.951e-03 -1.000 1.484e-02 -4.141 1.863 0.231 -1.284 -2.691 -4.297 -5.936 -6.832 -7.117
0.01471 0.00000 9.00000 2.3052535057 2.5795687872    2.263  3.651  3.5231  0.186    8  0.562  0.385   135.88    75.00    48.47    37.47    30.75  2  -5.7e-08      0.00 6.784e-01 3.068e-01 1.719e-03 2.345e-03 5.951e-03 -1.000 1.484e-02 -4.358 1.867 0.486 -0.962 -2.555 -4.332 -6.188 -7.095 -7.400
0.01471 0.00000 9.00000 2.3052670956 2.5795692039    2.262  3.696  3.5179  0.120    8  0.563  0.385   154.78    84.51    54.32    42.07    34.53  2 -7.45e-08      0.00 6.784e-01 3.068e-01 1.719e-03 2.345e-03 5.951e-03 -1.000 1.484e-02 -4.471 1.870 0.651 -0.752 -2.460 -4.320 -6.319 -7.230 -7.547
0.01471 0.00000 9.00000 2.3052830696 2.5795696936    2.261  3.715  3.5158  0.093    8  0.564  0.385   163.16    88.69    56.89    44.09    36.19  2    -9e-08      0.00 6.784e-01 3.068e-01 1.719e-03 2.345e-03 5.951e-03 -1.000 1.484e-02 -4.517 1.871 0.726 -0.653 -2.412 -4.304 -6.371 -7.285 -7.606
0.01471 0.00000 9.00000 2.3053014278 2.5795702565    2.260  3.722  3.5150  0.082    8  0.566  0.385   166.89    90.54    58.02    44.98    36.92  2 -9.77e-08      0.00 6.784e-01 3.068e-01 1.719e-03 2.345e-03 5.951e-03 -1.000 1.484e-02 -4.536 1.871 0.757 -0.613 -2.394 -4.298 -6.393 -7.308 -7.631
0.01471 0.00000 9.00000 2.3053016663 2.5795702638    2.259  3.651  3.5231  0.185    8  0.566  0.385   136.09    75.10    48.53    37.52    30.79  2 -5.74e-08      0.00 6.784e-01 3.068e-01 1.719e-03 2.345e-03 5.951e-03 -1.000 1.484e-02 -4.358 1.867 0.487 -0.961 -2.554 -4.332 -6.189 -7.095 -7.401
0.01471 0.00000 9.00000 2.3053030968 2.5795703077    2.259  3.542  3.5357  0.344    8  0.566  0.385    99.38    56.30    36.86    28.38    23.27  2 -3.64e-08      0.00 6.784e-01 3.068e-01 1.719e-03 2.345e-03 5.951e-03 -1.000 1.484e-02 -4.086 1.860 0.175 -1.355 -2.720 -4.279 -5.873 -6.765 -7.045
0.01471 0.00000 9.00000 2.3053054810 2.5795703808    2.259  3.345  3.5586  0.633    8  0.566  0.385    56.17    33.38    22.37    17.09    14.00  3 -1.57e-08      0.00 6.784e-01 3.068e-01 1.719e-03 2.345e-03 5.951e-03 -1.000 1.484e-02 -3.592 1.832 -0.142 -1.758 -2.849 -3.998 -5.305 -6.158 -6.399
0.01471 0.00000 9.00000 2.3053092957 2.5795704977    2.258  3.296  3.5642  0.705    8  0.566  0.385    48.78    29.33    19.77    15.08    12.34  3 -1.27e-08      0.00 6.784e-01 3.068e-01 1.719e-03 2.345e-03 5.951e-03 -1.000 1.484e-02 -3.469 1.818 -0.175 -1.795 -2.843 -3.906 -5.167 -6.008 -6.240
0.01471 0.00000 9.00000 2.3053145409 2.5795706585    2.258  3.355  3.5574  0.618    8  0.567  0.385    57.93    34.33    22.98    17.56    14.38  3 -1.64e-08      0.00 6.784e-01 3.068e-01 1.719e-03 2.345e-03 5.951e-03 -1.000 1.484e-02 -3.618 1.834 -0.131 -1.745 -2.847 -4.016 -5.335 -6.191 -6.434
0.01471 0.00000 9.00000 2.3053216934 2.5795708778    2.257  3.477  3.5432  0.439    8  0.567  0.385    82.35    47.39    31.27    24.01    19.68  3 -2.77e-08      0.00 6.784e-01 3.068e-01 1.719e-03 2.345e-03 5.951e-03 -1.000 1.484e-02 -3.922 1.855 0.037 -1.531 -2.787 -4.205 -5.684 -6.565 -6.832
0.01471 0.00000 9.00000 2.3053302765 2.5795711409    2.256  3.597  3.5292  0.263    8  0.568  0.385   116.71    65.24    42.43    32.73    26.85  2  -4.6e-08      0.00 6.784e-01 3.068e-01 1.719e-03 2.345e-03 5.951e-03 -1.000 1.484e-02 -4.224 1.866 0.317 -1.174 -2.646 -4.322 -6.033 -6.933 -7.226
0.01471 0.00000 9.00000 2.3053407669 2.5795714626    2.255  3.681  3.5194  0.139    8  0.569  0.385   148.89    81.55    52.50    40.64    33.36  2 -6.53e-08      0.00 6.784e-01 3.068e-01 1.719e-03 2.345e-03 5.951e-03 -1.000 1.484e-02 -4.434 1.875 0.606 -0.812 -2.485 -4.324 -6.277 -7.187 -7.500
0.01471 0.00000 9.00000 2.3053534031 2.5795718500    2.254  3.725  3.5142  0.074    8  0.570  0.385   169.25    91.71    58.73    45.54    37.39  2 -1.02e-07      0.00 6.784e-01 3.068e-01 1.719e-03 2.345e-03 5.951e-03 -1.000 1.484e-02 -4.544 1.879 0.795 -0.565 -2.365 -4.282 -6.403 -7.319 -7.644
0.01471 0.00000 9.00000 2.3053677082 2.5795722885    2.252  3.744  3.5120  0.047    8  0.571  0.385   178.67    96.38    61.58    47.79    39.24  2 -1.24e-07      0.00 6.784e-01 3.068e-01 1.719e-03 2.345e-03 5.951e-03 -1.000 1.484e-02 -4.590 1.882 0.875 -0.459 -2.314 -4.263 -6.457 -7.375 -7.704
0.01471 0.00000 9.00000 2.3053841591 2.5795727928    2.250  3.753  3.5109  0.033    8  0.572  0.385   183.37    98.69    62.99    48.90    40.15  2 -1.36e-07      0.00 6.784e-01 3.068e-01 1.719e-03 2.345e-03 5.951e-03 -1.000 1.484e-02 -4.612 1.884 0.914 -0.409 -2.289 -4.254 -6.482 -7.401 -7.733
0.01471 0.00000 9.00000 2.3053843975 2.5795728001    2.250  3.697  3.5174  0.115    8  0.572  0.385   156.16    85.19    54.74    42.40    34.80  2 -7.65e-08      0.00 6.784e-01 3.068e-01 1.719e-03 2.345e-03 5.951e-03 -1.000 1.484e-02 -4.473 1.879 0.679 -0.717 -2.438 -4.306 -6.322 -7.234 -7.552
0.01471 0.00000 9.00000 2.3053855896 2.5795728367    2.250  3.587  3.5304  0.277    8  0.572  0.385   113.37    63.53    41.36    31.90    26.17  2 -4.44e-08      0.00 6.784e-01 3.068e-01 1.719e-03 2.345e-03 5.951e-03 -1.000 1.484e-02 -4.197 1.867 0.287 -1.213 -2.662 -4.318 -6.002 -6.901 -7.191
0.01471 0.00000 9.00000 2.3053879738 2.5795729098    2.249  3.392  3.5534  0.564    8  0.573  0.385    64.38    37.83    25.21    19.30    15.81  3 -1.95e-08      0.00 6.784e-01 3.068e-01 1.719e-03 2.345e-03 5.951e-03 -1.000 1.484e-02 -3.710 1.836 -0.102 -1.708 -2.847 -4.082 -5.439 -6.302 -6.552
0.01471 0.00000 9.00000 2.3053915501 2.5795730194    2.249  3.341  3.5594  0.638    8  0.573  0.385    55.57    33.06    22.16    16.93    13.86  3 -1.57e-08      0.00 6.784e-01 3.068e-01 1.719e-03 2.345e-03 5.951e-03 -1.000 1.484e-02 -3.584 1.825 -0.159 -1.779 -2.862 -3.996 -5.295 -6.146 -6.386
0.01471 0.00000 9.00000 2.3053967953 2.5795731802    2.248  3.399  3.5526  0.553    8  0.573  0.385    65.70    38.54    25.66    19.65    16.09  3 -2.01e-08      0.00 6.784e-01 3.068e-01 1.719e-03 2.345e-03 5.951e-03 -1.000 1.484e-02 -3.728 1.838 -0.095 -1.699 -2.845 -4.094 -5.459 -6.324 -6.574
0.01471 0.00000 9.00000 2.3054034710 2.5795733849    2.247  3.516  3.5388  0.381    8  0.574  0.385    92.25    52.59    34.53    26.56    21.78  2  -3.3e-08      0.00 6.784e-01 3.068e-01 1.719e-03 2.345e-03 5.951e-03 -1.000 1.484e-02 -4.019 1.860 0.112 -1.437 -2.753 -4.254 -5.795 -6.683 -6.958
0.01471 0.00000 9.00000 2.3054115772 2.5795736334    2.246  3.630  3.5252  0.212    8  0.575  0.385   128.86    71.44    46.26    35.75    29.33  2 -5.34e-08      0.00 6.784e-01 3.068e-01 1.719e-03 2.345e-03 5.951e-03 -1.000 1.484e-02 -4.306 1.873 0.436 -1.027 -2.578 -4.322 -6.129 -7.033 -7.334
0.01471 0.00000 9.00000 2.3054215908 2.5795739403    2.245  3.709  3.5157  0.095    8  0.576  0.385   162.37    88.29    56.63    43.90    36.03  2 -8.75e-08      0.00 6.784e-01 3.068e-01 1.719e-03 2.345e-03 5.951e-03 -1.000 1.484e-02 -4.503 1.885 0.746 -0.631 -2.393 -4.287 -6.358 -7.272 -7.594
0.01471 0.00000 9.00000 2.3054335117 2.5795743058    2.243  3.750  3.5108  0.034    8  0.577  0.385   182.91    98.46    62.85    48.80    40.06  2 -1.33e-07      0.00 6.784e-01 3.068e-01 1.719e-03 2.345e-03 5.951e-03 -1.000 1.484e-02 -4.605 1.891 0.926 -0.394 -2.277 -4.244 -6.475 -7.395 -7.726
0.01471 0.00000 9.00000 2.3054471016 2.5795747224    2.241  3.766  3.5088  0.010    8  0.578  0.385   191.81   102.84    65.51    50.90    41.79  2 -1.58e-07      0.00 6.784e-01 3.068e-01 1.719e-03 2.345e-03 5.951e-03 -1.000 1.484e-02 -4.645 1.893 0.993 -0.308 -2.235 -4.226 -6.521 -7.443 -7.779
0.01471 0.00000 9.00000 2.3054628372 2.5795752047    2.239  3.772  3.5080 -0.000    8  0.579  0.385   195.68   104.73    66.66    51.81    42.54  2 -1.69e-07      0.00 6.784e-01 3.068e-01 1.719e-03 2.345e-03 5.951e-03 -1.000 1.484e-02 -4.661 1.894 1.020 -0.273 -2.217 -4.217 -6.540 -7.463 -7.800
0.01471 0.00000 9.00000 2.3054630756 2.5795752120    2.238  3.732  3.5128  0.059    8  0.579  0.385   173.89    94.00    60.12    46.65    38.30  2 -1.11e-07      0.00 6.784e-01 3.068e-01 1.719e-03 2.345e-03 5.951e-03 -1.000 1.484e-02 -4.560 1.891 0.854 -0.490 -2.322 -4.258 -6.423 -7.341 -7.668
0.01471 0.00000 9.00000 2.3054642677 2.5795752486    2.238  3.621  3.5262  0.224    8  0.579  0.385   125.68    69.82    45.26    34.96    28.68  2 -5.19e-08      0.00 6.784e-01 3.068e-01 1.719e-03 2.345e-03 5.951e-03 -1.000 1.484e-02 -4.282 1.875 0.408 -1.062 -2.593 -4.320 -6.102 -7.005 -7.303
0.01471 0.00000 9.00000 2.3054666519 2.5795753217    2.238  3.430  3.5492  0.507    8  0.579  0.385    71.84    41.84    27.75    21.28    17.43  3 -2.33e-08      0.00 6.784e-01 3.068e-01 1.719e-03 2.345e-03 5.951e-03 -1.000 1.484e-02 -3.804 1.843 -0.062 -1.658 -2.838 -4.144 -5.545 -6.417 -6.673
0.01471 0.00000 9.00000 2.3054702282 2.5795754313    2.237  3.378  3.5555  0.584    8  0.580  0.385    61.75    36.42    24.31    18.60    15.23  3 -1.87e-08      0.00 6.784e-01 3.068e-01 1.719e-03 2.345e-03 5.951e-03 -1.000 1.484e-02 -3.674 1.830 -0.127 -1.739 -2.859 -4.060 -5.397 -6.256 -6.502
0.01471 0.00000 9.00000 2.3054752350 2.5795755848    2.236  3.434  3.5486  0.500    8  0.580  0.385    72.90    42.40    28.11    21.55    17.66  3 -2.38e-08      0.00 6.784e-01 3.068e-01 1.719e-03 2.345e-03 5.951e-03 -1.000 1.484e-02 -3.816 1.844 -0.053 -1.646 -2.834 -4.151 -5.559 -6.431 -6.689
0.01471 0.00000 9.00000 2.3054816723 2.5795757821    2.235  3.547  3.5350  0.332    8  0.581  0.385   101.47    57.40    37.53    28.91    23.71  2 -3.84e-08      0.00 6.784e-01 3.068e-01 1.719e-03 2.345e-03 5.951e-03 -1.000 1.484e-02 -4.098 1.867 0.194 -1.333 -2.710 -4.281 -5.887 -6.780 -7.062
0.01471 0.00000 9.00000 2.3054900169 2.5795760379    2.233  3.658  3.5216  0.168    8  0.582  0.385   140.32    77.24    49.84    38.56    31.64  2 -6.08e-08      0.00 6.784e-01 3.068e-01 1.719e-03 2.345e-03 5.951e-03 -1.000 1.484e-02 -4.374 1.884 0.547 -0.889 -2.513 -4.316 -6.209 -7.117 -7.426
0.01471 0.00000 9.00000 2.3054997921 2.5795763375    2.232  3.734  3.5123  0.054    8  0.582  0.385   175.60    94.84    60.63    47.06    38.63  2 -1.15e-07      0.00 6.784e-01 3.068e-01 1.719e-03 2.345e-03 5.951e-03 -1.000 1.484e-02 -4.564 1.897 0.880 -0.457 -2.303 -4.247 -6.430 -7.348 -7.676
0.01471 0.00000 9.00000 2.3055114746 2.5795766956    2.230  3.773  3.5074 -0.005    8  0.583  0.385   197.31   105.52    67.13    52.19    42.85  2 -1.73e-07      0.00 6.784e-01 3.068e-01 1.719e-03 2.345e-03 5.951e-03 -1.000 1.484e-02 -4.662 1.902 1.049 -0.237 -2.194 -4.201 -6.543 -7.467 -7.805
0.01471 0.00000 9.00000 2.3055248260 2.5795771049    2.227  3.789  3.5054 -0.030    8  0.585  0.385   207.11   110.30    70.04    54.48    44.74  2 -2.05e-07      0.00 6.784e-01 3.068e-01 1.719e-03 2.345e-03 5.951e-03 -1.000 1.484e-02 -4.703 1.905 1.122 -0.144 -2.147 -4.177 -6.590 -7.515 -7.858
0.01471 0.00000 9.00000 2.3055403233 2.5795775799    2.225  3.796  3.5044 -0.041    8  0.586  0.385   211.85   112.61    71.43    55.59    45.65  2 -2.22e-07      0.00 6.784e-01 3.068e-01 1.719e-03 2.345e-03 5.951e-03 -1.000 1.484e-02 -4.721 1.908 1.159 -0.098 -2.123 -4.164 -6.611 -7.537 -7.882
0.01471 0.00000 9.00000 2.3055405617 2.5795775872    2.224  3.770  3.5076 -0.003    8  0.586  0.385   196.30   105.02    66.82    51.95    42.65  2 -1.69e-07      0.00 6.784e-01 3.068e-01 1.719e-03 2.345e-03 5.951e-03 -1.000 1.484e-02 -4.655 1.906 1.049 -0.239 -2.193 -4.197 -6.536 -7.459 -7.797
0.01471 0.00000 9.00000 2.3055415154 2.5795776164    2.224  3.658  3.5213  0.164    8  0.586  0.385   141.23    77.69    50.11    38.78    31.82  2 -6.18e-08      0.00 6.784e-01 3.068e-01 1.719e-03 2.345e-03 5.951e-03 -1.000 1.484e-02 -4.376 1.890 0.562 -0.872 -2.503 -4.311 -6.212 -7.120 -7.430
0.01471 0.00000 9.00000 2.3055436611 2.5795776822    2.223  3.470  3.5443  0.444    8  0.586  0.385    81.22    46.82    30.89    23.73    19.45  3 -2.82e-08      0.00 6.784e-01 3.068e-01 1.719e-03 2.345e-03 5.951e-03 -1.000 1.484e-02 -3.906 1.854 0.016 -1.559 -2.802 -4.199 -5.664 -6.542 -6.808
0.01471 0.00000 9.00000 2.3055467606 2.5795777772    2.223  3.417  3.5509  0.524    8  0.587  0.385    69.41    40.55    26.93    20.64    16.91  3 -2.25e-08      0.00 6.784e-01 3.068e-01 1.719e-03 2.345e-03 5.951e-03 -1.000 1.484e-02 -3.772 1.840 -0.084 -1.686 -2.849 -4.126 -5.509 -6.377 -6.631
0.01471 0.00000 9.00000 2.3055512905 2.5795779160    2.222  3.472  3.5441  0.441    8  0.587  0.385    81.68    47.06    31.05    23.85    19.55  3 -2.85e-08      0.00 6.784e-01 3.068e-01 1.719e-03 2.345e-03 5.951e-03 -1.000 1.484e-02 -3.910 1.855 0.021 -1.554 -2.800 -4.201 -5.669 -6.548 -6.813
0.01471 0.00000 9.00000 2.3055572510 2.5795780987    2.220  3.580  3.5307  0.279    8  0.588  0.385   112.49    63.08    41.07    31.69    25.99  2  -4.5e-08      0.00 6.784e-01 3.068e-01 1.719e-03 2.345e-03 5.951e-03 -1.000 1.484e-02 -4.181 1.878 0.291 -1.212 -2.656 -4.306 -5.985 -6.883 -7.173
0.01471 0.00000 9.00000 2.3055644035 2.5795783180    2.219  3.686  3.5177  0.121    8  0.588  0.385   153.63    83.91    53.93    41.79    34.30  2 -7.14e-08      0.00 6.784e-01 3.068e-01 1.719e-03 2.345e-03 5.951e-03 -1.000 1.484e-02 -4.444 1.898 0.690 -0.709 -2.422 -4.286 -6.293 -7.205 -7.522
0.01471 0.00000 9.00000 2.3055732250 2.5795785884    2.217  3.758  3.5087  0.012    8  0.589  0.385   190.35   102.09    65.04    50.55    41.50  2 -1.51e-07      0.00 6.784e-01 3.068e-01 1.719e-03 2.345e-03 5.951e-03 -1.000 1.484e-02 -4.625 1.912 1.019 -0.280 -2.209 -4.201 -6.502 -7.424 -7.760
0.01471 0.00000 9.00000 2.3055834770 2.5795789026    2.214  3.795  3.5040 -0.044    8  0.590  0.385   212.57   112.94    71.62    55.75    45.78  2 -2.22e-07      0.00 6.784e-01 3.068e-01 1.719e-03 2.345e-03 5.951e-03 -1.000 1.484e-02 -4.717 1.917 1.182 -0.070 -2.103 -4.149 -6.609 -7.536 -7.881
0.01471 0.00000 9.00000 2.3055956364 2.5795792753    2.212  3.810  3.5021 -0.067    8  0.591  0.385   222.35   117.68    74.49    58.02    47.65  2  -2.6e-07      0.00 6.784e-01 3.068e-01 1.719e-03 2.345e-03 5.951e-03 -1.000 1.484e-02 -4.754 1.923 1.256 0.023 -2.055 -4.122 -6.652 -7.580 -7.930
0.01471 0.00000 9.00000 2.3056092262 2.5795796918    2.208  3.816  3.5012 -0.077    8  0.593  0.385   226.88   119.87    75.81    59.06    48.51  2 -2.79e-07      0.00 6.784e-01 3.068e-01 1.719e-03 2.345e-03 5.951e-03 -1.000 1.484e-02 -4.770 1.926 1.292 0.068 -2.031 -4.109 -6.670 -7.600 -7.951
0.01471 0.00000 9.00000 2.3056094646 2.5795796991    2.208  3.803  3.5028 -0.057    8  0.593  0.385   218.30   115.71    73.30    57.08    46.87  2 -2.43e-07      0.00 6.784e-01 3.068e-01 1.719e-03 2.345e-03 5.951e-03 -1.000 1.484e-02 -4.737 1.924 1.232 -0.008 -2.069 -4.129 -6.632 -7.560 -7.908
0.01471 0.00000 9.00000 2.3056104183 2.5795797283    2.208  3.690  3.5168  0.111    8  0.593  0.385   156.49    85.33    54.80    42.48    34.86  2  -7.6e-08      0.00 6.784e-01 3.068e-01 1.720e-03 2.345e-03 5.951e-03 -1.000 1.484e-02 -4.456 1.905 0.727 -0.662 -2.396 -4.272 -6.307 -7.220 -7.538
0.01471 0.00000 9.00000 2.3056125641 2.5795797941    2.207  3.505  3.5399  0.388    8  0.593  0.385    90.52    51.71    33.97    26.14    21.42  2 -3.35e-08      0.00 6.784e-01 3.068e-01 1.720e-03 2.345e-03 5.951e-03 -1.000 1.484e-02 -3.994 1.867 0.093 -1.464 -2.764 -4.245 -5.766 -6.652 -6.925
0.01471 0.00000 9.00000 2.3056156635 2.5795798891    2.206  3.451  3.5468  0.470    8  0.593  0.386    77.01    44.60    29.49    22.64    18.55  3 -2.66e-08      0.00 6.784e-01 3.068e-01 1.722e-03 2.345e-03 5.951e-03 -1.000 1.484e-02 -3.857 1.851 -0.023 -1.610 -2.822 -4.174 -5.607 -6.482 -6.743
0.01471 0.00000 9.00000 2.3056201935 2.5795800279    2.205  3.505  3.5400  0.388    8  0.594  0.386    90.47    51.68    33.95    26.12    21.41  2 -3.35e-08      0.00 6.784e-01 3.068e-01 1.723e-03 2.345e-03 5.951e-03 -1.000 1.484e-02 -3.993 1.867 0.093 -1.464 -2.764 -4.244 -5.765 -6.651 -6.924
0.01471 0.00000 9.00000 2.3056259155 2.5795802033    2.203  3.610  3.5268  0.230    8  0.594  0.386   123.56    68.74    44.57    34.45    28.25  2  -5.2e-08      0.00 6.783e-01 3.068e-01 1.725e-03 2.345e-03 5.951e-03 -1.000 1.484e-02 -4.255 1.890 0.406 -1.068 -2.588 -4.304 -6.072 -6.975 -7.273
0.01471 0.00000 9.00000 2.3056330681 2.5795804225    2.201  3.711  3.5140  0.078    8  0.595  0.387   167.06    90.58    58.01    45.01    36.95  2 -9.53e-08      0.00 6.783e-01 3.068e-01 1.726e-03 2.345e-03 5.951e-03 -1.000 1.484e-02 -4.508 1.914 0.837 -0.520 -2.323 -4.241 -6.368 -7.284 -7.609
0.01471 0.00000 9.00000 2.3056416512 2.5795806856    2.199  3.780  3.5052 -0.027    8  0.596  0.387   205.44   109.44    69.49    54.08    44.40  2 -1.96e-07      0.00 6.783e-01 3.068e-01 1.727e-03 2.345e-03 5.951e-03 -1.000 1.484e-02 -4.681 1.926 1.149 -0.115 -2.120 -4.151 -6.568 -7.494 -7.837
0.01471 0.00000 9.00000 2.3056519032 2.5795809998    2.196  3.816  3.5007 -0.081    8  0.597  0.387   228.54   120.64    76.27    59.44    48.82  2 -2.84e-07      0.00 6.783e-01 3.068e-01 1.727e-03 2.345e-03 5.951e-03 -1.000 1.484e-02 -4.769 1.937 1.322 0.103 -2.007 -4.091 -6.671 -7.601 -7.954
0.01471 0.00000 9.00000 2.3056635857 2.5795813578    2.192  3.830  3.4988 -0.104    8  0.598  0.386   238.86   125.60    79.26    61.81    50.77  2 -3.31e-07      0.00 6.783e-01 3.068e-01 1.724e-03 2.345e-03 5.951e-03 -1.000 1.484e-02 -4.804 1.943 1.387 0.183 -1.965 -4.066 -6.712 -7.644 -8.001
0.01471 0.00000 9.00000 2.3056771755 2.5795817743    2.188  3.836  3.4979 -0.114    8  0.599  0.385   243.85   127.99    80.69    62.95    51.71  2 -3.55e-07      0.00 6.784e-01 3.068e-01 1.719e-03 2.345e-03 5.951e-03 -1.000 1.484e-02 -4.820 1.946 1.416 0.217 -1.946 -4.054 -6.730 -7.664 -8.022
0.01471 0.00000 9.00000 2.3056774139 2.5795817816    2.188  3.835  3.4979 -0.114    8  0.599  0.393   243.54   127.84    80.60    62.88    51.65  2 -3.53e-07      0.00 6.783e-01 3.069e-01 1.752e-03 2.345e-03 5.951e-03 -1.000 1.487e-02 -4.819 1.947 1.416 0.217 -1.946 -4.054 -6.729 -7.662 -8.021
0.01471 0.00000 9.00000 2.3056783676 2.5795818109    2.188  3.723  3.5122  0.056    8  0.600  0.393   174.03    94.02    60.10    46.68    38.31  2  -1.1e-07      0.00 6.783e-01 3.069e-01 1.754e-03 2.345e-03 5.951e-03 -1.000 1.487e-02 -4.537 1.924 0.911 -0.425 -2.272 -4.217 -6.403 -7.321 -7.649
0.01471 0.00000 9.00000 2.3056802750 2.5795818693    2.187  3.541  3.5353  0.330    8  0.600  0.393   101.29    57.32    37.47    28.88    23.68  2    -4e-08      0.00 6.783e-01 3.069e-01 1.756e-03 2.345e-03 5.951e-03 -1.000 1.487e-02 -4.083 1.880 0.198 -1.332 -2.705 -4.271 -5.871 -6.764 -7.045
0.01471 0.00000 9.00000 2.3056831360 2.5795819570    2.186  3.485  3.5424  0.414    8  0.600  0.394    85.77    49.23    32.40    24.92    20.43  2 -3.17e-08      0.00 6.782e-01 3.069e-01 1.759e-03 2.345e-03 5.951e-03 -1.000 1.488e-02 -3.943 1.865 0.053 -1.516 -2.785 -4.218 -5.708 -6.590 -6.858
0.01471 0.00000 9.00000 2.3056871891 2.5795820812    2.184  3.539  3.5356  0.333    8  0.600  0.395   100.64    56.98    37.26    28.72    23.55  2 -3.97e-08      0.00 6.782e-01 3.069e-01 1.762e-03 2.345e-03 5.951e-03 -1.000 1.488e-02 -4.077 1.880 0.193 -1.339 -2.707 -4.268 -5.864 -6.756 -7.037
0.01471 0.00000 9.00000 2.3056924343 2.5795822420    2.182  3.640  3.5226  0.179    8  0.601  0.395   136.42    75.25    48.59    37.61    30.85  2 -6.07e-08      0.00 6.782e-01 3.069e-01 1.765e-03 2.345e-03 5.951e-03 -1.000 1.489e-02 -4.331 1.906 0.541 -0.903 -2.507 -4.293 -6.163 -7.070 -7.376
0.01471 0.00000 9.00000 2.3056988716 2.5795824392    2.180  3.738  3.5100  0.031    8  0.602  0.396   182.79    98.33    62.72    48.75    40.02  2  -1.3e-07      0.00 6.782e-01 3.069e-01 1.768e-03 2.345e-03 5.951e-03 -1.000 1.489e-02 -4.574 1.933 0.998 -0.313 -2.214 -4.191 -6.447 -7.368 -7.701
0.01471 0.00000 9.00000 2.3057067394 2.5795826804    2.177  3.804  3.5014 -0.071    8  0.603  0.396   223.38   118.11    74.72    58.23    47.82  2  -2.6e-07      0.00 6.782e-01 3.069e-01 1.768e-03 2.345e-03 5.951e-03 -1.000 1.489e-02 -4.741 1.947 1.305 0.080 -2.012 -4.087 -6.641 -7.570 -7.921
0.01471 0.00000 9.00000 2.3057162762 2.5795829726    2.174  3.838  3.4969 -0.124    8  0.603  0.395   247.95   129.92    81.84    63.87    52.47  2 -3.73e-07      0.00 6.782e-01 3.069e-01 1.764e-03 2.345e-03 5.951e-03 -1.000 1.488e-02 -4.826 1.958 1.455 0.263 -1.917 -4.032 -6.739 -7.674 -8.034
0.01471 0.00000 9.00000 2.3057270050 2.5795833014    2.170  3.853  3.4949 -0.147    8  0.605  0.393   259.36   135.36    85.11    66.47    54.60  2 -4.35e-07      0.00 6.783e-01 3.069e-01 1.755e-03 2.345e-03 5.951e-03 -1.000 1.487e-02 -4.862 1.964 1.518 0.337 -1.877 -4.007 -6.780 -7.717 -8.082
0.01471 0.00000 9.00000 2.3057394028 2.5795836814    2.165  3.859  3.4938 -0.159    8  0.606  0.389   265.43   138.23    86.83    67.84    55.73  2  -4.7e-07      0.00 6.783e-01 3.068e-01 1.738e-03 2.345e-03 5.951e-03 -1.000 1.486e-02 -4.879 1.970 1.554 0.379 -1.854 -3.991 -6.800 -7.738 -8.105
0.01471 0.00000 9.00000 2.3057396412 2.5795836887    2.165  3.870  3.4924 -0.175    8  0.606  0.417   274.11   142.35    89.30    69.80    57.34  2 -5.25e-07      0.01 6.779e-01 3.071e-01 1.861e-03 2.344e-03 5.952e-03 -1.000 1.499e-02 -4.905 1.975 1.600 0.433 -1.825 -3.973 -6.830 -7.770 -8.140
0.01471 0.00000 9.00000 2.3057405949 2.5795837179    2.164  3.757  3.5070 -0.003    8  0.606  0.417   195.27   104.42    66.42    51.68    42.43  2 -1.62e-07      0.00 6.779e-01 3.071e-01 1.862e-03 2.344e-03 5.952e-03 -1.000 1.499e-02 -4.623 1.944 1.106 -0.176 -2.140 -4.150 -6.505 -7.428 -7.767
0.01471 0.00000 9.00000 2.3057422638 2.5795837690    2.164  3.578  3.5302  0.268    8  0.606  0.417   114.21    63.97    41.60    32.13    26.35  2 -4.82e-08      0.00 6.779e-01 3.071e-01 1.863e-03 2.344e-03 5.952e-03 -1.000 1.499e-02 -4.176 1.899 0.322 -1.179 -2.632 -4.293 -5.982 -6.881 -7.172
0.01471 0.00000 9.00000 2.3057448864 2.5795838494    2.162  3.521  3.5376  0.354    8  0.606  0.418    96.16    54.67    35.80    27.59    22.62  2  -3.8e-08      0.00 6.779e-01 3.071e-01 1.864e-03 2.344e-03 5.952e-03 -1.000 1.499e-02 -4.032 1.884 0.155 -1.390 -2.727 -4.251 -5.813 -6.702 -6.979
0.01471 0.00000 9.00000 2.3057487011 2.5795839663    2.161  3.573  3.5308  0.275    8  0.607  0.418   112.53    63.11    41.06    31.72    26.00  2 -4.74e-08      0.00 6.779e-01 3.071e-01 1.866e-03 2.344e-03 5.952e-03 -1.000 1.499e-02 -4.162 1.899 0.309 -1.195 -2.639 -4.288 -5.966 -6.864 -7.154
0.01471 0.00000 9.00000 2.3057537079 2.5795841198    2.158  3.671  3.5180  0.126    8  0.607  0.418   151.16    82.64    53.12    41.19    33.80  2 -7.11e-08      0.00 6.779e-01 3.071e-01 1.867e-03 2.344e-03 5.952e-03 -1.000 1.499e-02 -4.407 1.929 0.708 -0.694 -2.399 -4.258 -6.254 -7.166 -7.482
0.01471 0.00000 9.00000 2.3057599068 2.5795843097    2.156  3.764  3.5058 -0.017    8  0.608  0.418   200.34   106.88    67.91    52.87    43.40  2 -1.77e-07      0.00 6.779e-01 3.071e-01 1.867e-03 2.344e-03 5.952e-03 -1.000 1.499e-02 -4.639 1.952 1.155 -0.114 -2.105 -4.128 -6.525 -7.451 -7.792
0.01471 0.00000 9.00000 2.3057672977 2.5795845362    2.152  3.827  3.4975 -0.114    8  0.609  0.418   242.65   127.32    80.26    62.64    51.45  2 -3.42e-07      0.00 6.779e-01 3.071e-01 1.865e-03 2.344e-03 5.952e-03 -1.000 1.499e-02 -4.797 1.971 1.453 0.257 -1.911 -4.021 -6.709 -7.642 -8.001
0.01471 0.00000 9.00000 2.3057761192 2.5795848065    2.148  3.859  3.4931 -0.164    8  0.610  0.416   267.75   139.27    87.44    68.34    56.14  2 -4.79e-07      0.00 6.780e-01 3.071e-01 1.859e-03 2.344e-03 5.952e-03 -1.000 1.498e-02 -4.876 1.983 1.589 0.419 -1.825 -3.967 -6.800 -7.739 -8.107
0.01471 0.00000 9.00000 2.3057863712 2.5795851207    2.144  3.871  3.4913 -0.185    8  0.611  0.414   279.00   144.59    90.62    70.87    58.22  2  -5.5e-07      0.01 6.780e-01 3.070e-01 1.849e-03 2.344e-03 5.952e-03 -1.000 1.497e-02 -4.908 1.995 1.655 0.494 -1.784 -3.939 -6.836 -7.777 -8.150
0.01471 0.00000 9.00000 2.3057980537 2.5795854787    2.138  3.877  3.4903 -0.195    8  0.612  0.411   284.62   147.23    92.19    72.13    59.26  2 -5.87e-07      0.01 6.780e-01 3.070e-01 1.833e-03 2.344e-03 5.952e-03 -1.000 1.496e-02 -4.921 2.004 1.692 0.536 -1.759 -3.921 -6.852 -7.795 -8.169
0.01471 0.00000 9.00000 2.3057982922 2.5795854860    2.138  3.897  3.4876 -0.226    8  0.612  0.453   302.64   155.71    97.26    76.16    62.57  2 -7.24e-07      0.01 6.775e-01 3.074e-01 2.024e-03 2.342e-03 5.953e-03 -1.000 1.516e-02 -4.972 2.013 1.748 0.580 -1.737 -3.907 -6.910 -7.855 -8.235
0.01471 0.00000 9.00000 2.3057992458 2.5795855152    2.137  3.784  3.5025 -0.054    8  0.612  0.453   215.09   114.01    72.21    56.29    46.21  2 -2.24e-07      0.00 6.775e-01 3.074e-01 2.024e-03 2.342e-03 5.953e-03 -1.000 1.516e-02 -4.689 1.970 1.291 0.057 -2.010 -4.071 -6.585 -7.514 -7.862
0.01471 0.00000 9.00000 2.3058009148 2.5795855664    2.136  3.607  3.5256  0.215    8  0.612  0.454   126.36    70.15    45.42    35.15    28.82  2 -5.65e-08      0.00 6.775e-01 3.074e-01 2.026e-03 2.342e-03 5.953e-03 -1.000 1.516e-02 -4.248 1.923 0.472 -0.994 -2.537 -4.274 -6.070 -6.974 -7.274
0.01471 0.00000 9.00000 2.3058035374 2.5795856467    2.135  3.549  3.5333  0.304    8  0.612  0.454   105.86    59.69    38.92    30.05    24.63  2 -4.44e-08      0.00 6.775e-01 3.074e-01 2.028e-03 2.342e-03 5.953e-03 -1.000 1.516e-02 -4.101 1.907 0.265 -1.254 -2.658 -4.261 -5.897 -6.791 -7.076
0.01471 0.00000 9.00000 2.3058073521 2.5795857636    2.132  3.599  3.5265  0.225    8  0.613  0.455   123.65    68.78    44.56    34.48    28.27  2  -5.5e-08      0.00 6.775e-01 3.074e-01 2.030e-03 2.342e-03 5.953e-03 -1.000 1.516e-02 -4.229 1.923 0.447 -1.026 -2.551 -4.273 -6.047 -6.950 -7.248
0.01471 0.00000 9.00000 2.3058123589 2.5795859171    2.129  3.694  3.5139  0.080    8  0.613  0.455   164.88    89.43    57.26    44.48    36.50  2 -8.94e-08      0.00 6.774e-01 3.074e-01 2.031e-03 2.342e-03 5.953e-03 -1.000 1.516e-02 -4.465 1.955 0.882 -0.472 -2.277 -4.196 -6.325 -7.242 -7.567
0.01471 0.00000 9.00000 2.3058185577 2.5795861070    2.126  3.783  3.5020 -0.058    8  0.614  0.455   216.55   114.69    72.62    56.62    46.48  2 -2.28e-07      0.00 6.774e-01 3.074e-01 2.032e-03 2.342e-03 5.953e-03 -1.000 1.517e-02 -4.688 1.979 1.318 0.089 -1.988 -4.055 -6.586 -7.516 -7.865
0.01471 0.00000 9.00000 2.3058259487 2.5795863335    2.121  3.843  3.4939 -0.151    8  0.614  0.455   260.33   135.65    85.24    66.63    54.73  2 -4.27e-07      0.00 6.774e-01 3.074e-01 2.030e-03 2.342e-03 5.953e-03 -1.000 1.516e-02 -4.838 2.000 1.585 0.412 -1.817 -3.953 -6.760 -7.698 -8.064
0.01471 0.00000 9.00000 2.3058347702 2.5795866038    2.116  3.873  3.4897 -0.199    8  0.615  0.453   285.86   147.72    92.46    72.37    59.45  2 -5.87e-07      0.01 6.775e-01 3.074e-01 2.025e-03 2.342e-03 5.953e-03 -1.000 1.516e-02 -4.912 2.020 1.723 0.569 -1.732 -3.896 -6.845 -7.788 -8.164
0.01471 0.00000 9.00000 2.3058450222 2.5795869180    2.110  3.884  3.4880 -0.218    8  0.616  0.451   296.95   152.91    95.56    74.84    61.49  2 -6.66e-07      0.01 6.775e-01 3.074e-01 2.014e-03 2.342e-03 5.953e-03 -1.000 1.515e-02 -4.940 2.029 1.761 0.596 -1.716 -3.885 -6.878 -7.822 -8.202
0.01471 0.00000 9.00000 2.3058567047 2.5795872759    2.103  3.889  3.4871 -0.227    8  0.617  0.447   302.15   155.32    96.99    75.99    62.43  2 -7.05e-07      0.01 6.776e-01 3.073e-01 1.996e-03 2.343e-03 5.953e-03 -1.000 1.513e-02 -4.951 2.036 1.781 0.612 -1.706 -3.877 -6.891 -7.836 -8.217
0.01471 0.00000 9.00000 2.3058569431 2.5795872832    2.103  3.918  3.4832 -0.272    8  0.618  0.507   330.42   168.51   104.84    82.24    67.58  1 -9.56e-07      0.02 6.767e-01 3.078e-01 2.265e-03 2.340e-03 5.955e-03 -1.000 1.541e-02 -5.024 2.065 1.870 0.672 -1.673 -3.855 -6.972 -7.922 -8.312
0.01471 0.00000 9.00000 2.3058576584 2.5795873052    2.102  3.805  3.4983 -0.099    8  0.618  0.507   234.24   123.14    77.70    60.67    49.81  2 -2.95e-07      0.00 6.767e-01 3.078e-01 2.265e-03 2.340e-03 5.955e-03 -1.000 1.541e-02 -4.742 2.001 1.462 0.263 -1.889 -3.992 -6.651 -7.584 -7.941
0.01471 0.00000 9.00000 2.3058593273 2.5795873563    2.101  3.631  3.5215  0.167    8  0.618  0.507   138.14    76.08    49.06    38.03    31.19  2 -6.55e-08      0.00 6.767e-01 3.078e-01 2.266e-03 2.340e-03 5.955e-03 -1.000 1.541e-02 -4.308 1.951 0.616 -0.820 -2.445 -4.249 -6.143 -7.051 -7.360
0.01471 0.00000 9.00000 2.3058619499 2.5795874367    2.099  3.571  3.5295  0.259    8  0.618  0.507   115.21    64.48    41.88    32.40    26.56  2 -5.13e-08      0.00 6.767e-01 3.078e-01 2.266e-03 2.340e-03 5.955e-03 -1.000 1.541e-02 -4.158 1.932 0.370 -1.126 -2.591 -4.263 -5.966 -6.866 -7.158
0.01471 0.00000 9.00000 2.3058652878 2.5795875389    2.096  3.622  3.5227  0.181    8  0.618  0.508   134.53    74.26    47.93    37.15    30.47  2 -6.34e-08      0.00 6.767e-01 3.078e-01 2.266e-03 2.340e-03 5.954e-03 -1.000 1.541e-02 -4.284 1.951 0.583 -0.861 -2.464 -4.249 -6.116 -7.023 -7.329
0.01471 0.00000 9.00000 2.3058698177 2.5795876777    2.093  3.714  3.5102  0.038    8  0.619  0.507   178.51    96.11    61.32    47.71    39.15  2 -1.16e-07      0.00 6.767e-01 3.078e-01 2.266e-03 2.340e-03 5.954e-03 -1.000 1.541e-02 -4.514 1.985 1.048 -0.262 -2.159 -4.134 -6.387 -7.307 -7.640
0.01471 0.00000 9.00000 2.3058755398 2.5795878531    2.089  3.800  3.4983 -0.097    8  0.619  0.507   233.06   122.54    77.32    60.39    49.58  2 -2.88e-07      0.00 6.767e-01 3.078e-01 2.264e-03 2.340e-03 5.954e-03 -1.000 1.541e-02 -4.730 2.010 1.470 0.272 -1.879 -3.982 -6.640 -7.573 -7.930
0.01471 0.00000 9.00000 2.3058824539 2.5795880649    2.084  3.858  3.4903 -0.188    8  0.620  0.506   279.08   144.39    90.44    70.80    58.15  2 -5.31e-07      0.01 6.768e-01 3.078e-01 2.260e-03 2.340e-03 5.954e-03 -1.000 1.541e-02 -4.875 2.034 1.726 0.575 -1.717 -3.878 -6.807 -7.749 -8.123
0.01471 0.00000 9.00000 2.3058905602 2.5795883133    2.078  3.887  3.4861 -0.235    8  0.621  0.505   306.14   157.06    98.00    76.83    63.11  2 -7.25e-07      0.01 6.768e-01 3.078e-01 2.253e-03 2.340e-03 5.954e-03 -1.000 1.540e-02 -4.948 2.054 1.817 0.643 -1.680 -3.852 -6.890 -7.836 -8.219
0.01471 0.00000 9.00000 2.3059000969 2.5795886055    2.071  3.898  3.4843 -0.255    8  0.622  0.502   318.45   162.77   101.39    79.54    65.34  1 -8.26e-07      0.01 6.768e-01 3.078e-01 2.242e-03 2.340e-03 5.954e-03 -1.000 1.539e-02 -4.976 2.071 1.863 0.676 -1.659 -3.836 -6.922 -7.871 -8.258
0.01471 0.00000 9.00000 2.3059108257 2.5795889343    2.063  3.903  3.4833 -0.266    8  0.623  0.498   324.86   165.70   103.12    80.93    66.49  1  -8.8e-07      0.01 6.769e-01 3.078e-01 2.225e-03 2.340e-03 5.954e-03 -1.000 1.537e-02 -4.988 2.084 1.891 0.697 -1.644 -3.824 -6.936 -7.886 -8.275
0.01471 0.00000 9.00000 2.3059110641 2.5795889416    2.062  3.940  3.4782 -0.323    8  0.623  0.571   359.76   183.71   113.80    89.45    73.50  1 -1.29e-06      0.03 6.759e-01 3.084e-01 2.552e-03 2.337e-03 5.955e-03 -1.000 1.571e-02 -5.080 2.140 2.009 0.774 -1.601 -3.797 -7.035 -7.993 -8.395
0.01471 0.00000 9.00000 2.3059117794 2.5795889635    2.061  3.827  3.4936 -0.148    8  0.623  0.571   257.33   134.01    84.20    65.88    54.09  2 -3.99e-07      0.00 6.759e-01 3.084e-01 2.552e-03 2.337e-03 5.955e-03 -1.000 1.571e-02 -4.798 2.036 1.631 0.462 -1.770 -3.907 -6.721 -7.659 -8.025
0.01471 0.00000 9.00000 2.3059134483 2.5795890146    2.060  3.656  3.5170  0.116    8  0.623  0.571   152.19    83.07    53.33    41.43    33.98  2 -7.68e-08      0.00 6.759e-01 3.084e-01 2.552e-03 2.337e-03 5.955e-03 -1.000 1.571e-02 -4.369 1.986 0.804 -0.586 -2.316 -4.190 -6.220 -7.133 -7.451
0.01471 0.00000 9.00000 2.3059160709 2.5795890950    2.058  3.595  3.5252  0.209    8  0.623  0.571   126.40    70.15    45.37    35.16    28.83  2    -6e-08      0.00 6.759e-01 3.084e-01 2.552e-03 2.337e-03 5.955e-03 -1.000 1.571e-02 -4.217 1.963 0.522 -0.941 -2.492 -4.235 -6.040 -6.944 -7.245
0.01471 0.00000 9.00000 2.3059194088 2.5795891972    2.054  3.645  3.5183  0.131    8  0.623  0.571   147.59    80.77    51.92    40.32    33.07  2  -7.4e-08      0.00 6.759e-01 3.084e-01 2.552e-03 2.337e-03 5.955e-03 -1.000 1.571e-02 -4.342 1.986 0.757 -0.648 -2.346 -4.201 -6.188 -7.099 -7.415
0.01471 0.00000 9.00000 2.3059239388 2.5795893360    2.050  3.734  3.5058 -0.010    8  0.624  0.571   195.06   104.11    66.15    51.57    42.32  2 -1.55e-07      0.00 6.759e-01 3.084e-01 2.552e-03 2.337e-03 5.955e-03 -1.000 1.571e-02 -4.566 2.017 1.222 -0.044 -2.033 -4.056 -6.452 -7.378 -7.719
0.01471 0.00000 9.00000 2.3059296608 2.5795895114    2.044  3.818  3.4941 -0.141    8  0.624  0.571   253.33   132.05    83.01    64.95    53.33  2 -3.75e-07      0.00 6.759e-01 3.084e-01 2.550e-03 2.337e-03 5.955e-03 -1.000 1.571e-02 -4.776 2.046 1.628 0.456 -1.767 -3.900 -6.698 -7.635 -8.000
0.01471 0.00000 9.00000 2.3059365749 2.5795897232    2.038  3.874  3.4861 -0.231    8  0.625  0.570   302.18   155.01    96.73    75.87    62.32  2 -6.79e-07      0.01 6.759e-01 3.084e-01 2.547e-03 2.337e-03 5.955e-03 -1.000 1.571e-02 -4.916 2.075 1.841 0.669 -1.651 -3.823 -6.858 -7.805 -8.186
0.01471 0.00000 9.00000 2.3059446812 2.5795899716    2.030  3.902  3.4820 -0.277    8  0.626  0.569   331.02   168.36   104.66    82.21    67.53  1  -9.2e-07      0.01 6.759e-01 3.084e-01 2.541e-03 2.337e-03 5.955e-03 -1.000 1.570e-02 -4.985 2.108 1.938 0.737 -1.610 -3.793 -6.937 -7.889 -8.280
0.01471 0.00000 9.00000 2.3059542179 2.5795902638    2.021  3.913  3.4801 -0.297    8  0.626  0.567   344.38   174.52   108.31    85.13    69.93  1 -1.05e-06      0.02 6.759e-01 3.084e-01 2.532e-03 2.337e-03 5.955e-03 -1.000 1.569e-02 -5.013 2.130 1.989 0.774 -1.586 -3.774 -6.968 -7.923 -8.318
0.01471 0.00000 9.00000 2.3059649467 2.5795905925    2.011  3.918  3.4790 -0.308    8  0.627  0.564   348.93   177.84   110.26    86.70    71.23  1 -1.12e-06      0.02 6.760e-01 3.083e-01 2.519e-03 2.337e-03 5.955e-03 -1.000 1.568e-02 -5.025 2.143 2.014 0.791 -1.574 -3.765 -6.982 -7.938 -8.335
0.01471 0.00000 9.00000 2.3059651852 2.5795905998    2.011  3.962  3.4729 -0.377    8  0.627  0.647   383.23   201.20   124.05    97.73    80.31  1 -1.77e-06      0.04 6.748e-01 3.091e-01 2.889e-03 2.333e-03 5.955e-03 -1.000 1.607e-02 -5.134 2.247 2.163 0.880 -1.526 -3.740 -7.094 -8.060 -8.476
0.01471 0.00000 9.00000 2.3059659004 2.5795906217    2.010  3.849  3.4885 -0.202    8  0.628  0.647   284.50   146.60    91.69    71.89    59.03  2 -5.47e-07      0.01 6.748e-01 3.091e-01 2.889e-03 2.333e-03 5.955e-03 -1.000 1.607e-02 -4.852 2.080 1.808 0.653 -1.650 -3.816 -6.790 -7.734 -8.109
0.01471 0.00000 9.00000 2.3059675694 2.5795906728    2.008  3.680  3.5120  0.061    8  0.628  0.647   168.76    91.19    58.26    45.37    37.21  2 -9.41e-08      0.00 6.748e-01 3.091e-01 2.889e-03 2.333e-03 5.955e-03 -1.000 1.607e-02 -4.429 2.029 1.029 -0.301 -2.154 -4.102 -6.296 -7.215 -7.543
0.01471 0.00000 9.00000 2.3059699535 2.5795907459    2.005  3.618  3.5204  0.156    8  0.628  0.647   139.60    76.74    49.41    38.38    31.47  2 -7.12e-08      0.00 6.748e-01 3.091e-01 2.888e-03 2.333e-03 5.955e-03 -1.000 1.607e-02 -4.275 2.007 0.704 -0.724 -2.371 -4.193 -6.114 -7.023 -7.334
0.01471 0.00000 9.00000 2.3059732914 2.5795908482    2.001  3.667  3.5134  0.078    8  0.628  0.646   163.02    88.36    56.53    44.00    36.09  2 -8.76e-08      0.00 6.748e-01 3.091e-01 2.887e-03 2.333e-03 5.955e-03 -1.000 1.607e-02 -4.398 2.030 0.976 -0.371 -2.188 -4.114 -6.260 -7.177 -7.502
0.01471 0.00000 9.00000 2.3059775829 2.5795909796    1.995  3.755  3.5010 -0.061    8  0.629  0.646   214.68   113.45    71.77    56.08    46.02  2  -2.1e-07      0.00 6.748e-01 3.091e-01 2.885e-03 2.333e-03 5.955e-03 -1.000 1.606e-02 -4.617 2.062 1.438 0.222 -1.876 -3.953 -6.518 -7.449 -7.800
0.01471 0.00000 9.00000 2.3059830666 2.5795911477    1.988  3.836  3.4894 -0.190    8  0.629  0.645   277.55   143.23    89.65    70.30    57.72  2 -4.98e-07      0.00 6.748e-01 3.091e-01 2.882e-03 2.333e-03 5.955e-03 -1.000 1.606e-02 -4.820 2.093 1.808 0.658 -1.640 -3.803 -6.756 -7.699 -8.073
0.01471 0.00000 9.00000 2.3059895039 2.5795913449    1.980  3.890  3.4814 -0.278    8  0.630  0.644   330.10   167.61   104.16    81.88    67.25  1 -8.87e-07      0.01 6.749e-01 3.091e-01 2.878e-03 2.333e-03 5.955e-03 -1.000 1.606e-02 -4.956 2.133 1.976 0.775 -1.572 -3.754 -6.910 -7.862 -8.253
0.01471 0.00000 9.00000 2.3059973717 2.5795915859    1.970  3.917  3.4772 -0.324    8  0.630  0.643   353.28   181.90   112.61    88.65    72.82  1  -1.2e-06      0.02 6.749e-01 3.091e-01 2.871e-03 2.333e-03 5.955e-03 -1.000 1.605e-02 -5.023 2.172 2.067 0.835 -1.537 -3.732 -6.985 -7.942 -8.342
0.01471 0.00000 9.00000 2.3060064316 2.5795918635    1.959  3.928  3.4752 -0.345    8  0.631  0.641   362.89   188.72   116.63    91.88    75.48  1 -1.36e-06      0.03 6.749e-01 3.091e-01 2.861e-03 2.334e-03 5.955e-03 -1.000 1.604e-02 -5.049 2.216 2.125 0.873 -1.512 -3.715 -7.012 -7.972 -8.379
0.01471 0.00000 9.00000 2.3060166836 2.5795921776    1.946  3.932  3.4740 -0.357    8  0.632  0.638   368.16   192.65   118.93    93.74    77.01  1 -1.46e-06      0.03 6.750e-01 3.090e-01 2.848e-03 2.334e-03 5.955e-03 -1.000 1.603e-02 -5.061 2.245 2.163 0.900 -1.493 -3.700 -7.024 -7.987 -8.396
0.01471 0.00000 9.00000 2.3060169220 2.5795921849    1.945  3.983  3.4669 -0.436    8  0.632  0.728   410.63   222.18   136.28   107.65    88.46  1 -2.48e-06      0.06 6.737e-01 3.099e-01 3.251e-03 2.329e-03 5.955e-03 -1.000 1.645e-02 -5.187 2.398 2.350 1.012 -1.432 -3.668 -7.148 -8.125 -8.558
0.01471 0.00000 9.00000 2.3060176373 2.5795922068    1.944  3.870  3.4827 -0.260    8  0.632  0.728   317.74   161.67   100.59    79.09    64.94  1 -7.67e-07      0.01 6.737e-01 3.099e-01 3.251e-03 2.329e-03 5.955e-03 -1.000 1.645e-02 -4.905 2.138 1.965 0.776 -1.560 -3.738 -6.858 -7.807 -8.195
0.01471 0.00000 9.00000 2.3060190678 2.5795922506    1.941  3.703  3.5063  0.000    8  0.632  0.728   188.82   100.84    64.09    50.04    41.04  2 -1.34e-07      0.00 6.737e-01 3.099e-01 3.250e-03 2.329e-03 5.955e-03 -1.000 1.645e-02 -4.487 2.082 1.273 0.002 -1.975 -3.992 -6.372 -7.296 -7.636
0.01471 0.00000 9.00000 2.3060214520 2.5795923237    1.937  3.640  3.5150  0.097    8  0.632  0.728   155.56    84.59    54.19    42.20    34.60  2 -8.62e-08      0.00 6.737e-01 3.099e-01 3.249e-03 2.329e-03 5.955e-03 -1.000 1.645e-02 -4.330 2.063 0.953 -0.413 -2.190 -4.093 -6.187 -7.102 -7.424
0.01471 0.00000 9.00000 2.3060245514 2.5795924186    1.932  3.689  3.5079  0.019    8  0.633  0.727   181.82    97.42    62.01    48.40    39.69  2 -1.18e-07      0.00 6.737e-01 3.099e-01 3.247e-03 2.329e-03 5.955e-03 -1.000 1.645e-02 -4.452 2.085 1.223 -0.063 -2.006 -4.006 -6.331 -7.255 -7.591
0.01471 0.00000 9.00000 2.3060288429 2.5795925501    1.925  3.774  3.4954 -0.118    8  0.633  0.727   238.89   124.75    78.51    61.52    50.48  2 -2.93e-07      0.00 6.737e-01 3.099e-01 3.245e-03 2.329e-03 5.955e-03 -1.000 1.644e-02 -4.666 2.116 1.664 0.487 -1.711 -3.833 -6.585 -7.521 -7.882
0.01471 0.00000 9.00000 2.3060340881 2.5795927108    1.916  3.853  3.4837 -0.246    8  0.634  0.726   307.88   156.94    97.75    76.86    63.10  1 -6.78e-07      0.01 6.737e-01 3.099e-01 3.241e-03 2.329e-03 5.955e-03 -1.000 1.644e-02 -4.864 2.152 1.963 0.782 -1.547 -3.722 -6.814 -7.763 -8.147
0.01471 0.00000 9.00000 2.3060405254 2.5795929080    1.905  3.906  3.4758 -0.333    8  0.634  0.725   352.70   183.25   113.33    89.33    73.36  1 -1.19e-06      0.02 6.737e-01 3.098e-01 3.236e-03 2.329e-03 5.955e-03 -1.000 1.644e-02 -4.994 2.211 2.128 0.890 -1.484 -3.682 -6.961 -7.918 -8.320
0.01471 0.00000 9.00000 2.3060479164 2.5795931345    1.893  3.932  3.4714 -0.379    8  0.635  0.723   375.12   198.87   122.52    96.71    79.44  1  -1.6e-06      0.03 6.737e-01 3.098e-01 3.229e-03 2.330e-03 5.955e-03 -1.000 1.643e-02 -5.059 2.294 2.244 0.964 -1.438 -3.651 -7.028 -7.993 -8.407
0.01471 0.00000 9.00000 2.3060564995 2.5795933974    1.878  3.942  3.4692 -0.401    8  0.636  0.721   385.88   206.69   127.09   100.41    82.48  1 -1.83e-06      0.04 6.738e-01 3.098e-01 3.219e-03 2.330e-03 5.955e-03 -1.000 1.642e-02 -5.085 2.342 2.307 1.007 -1.409 -3.630 -7.055 -8.023 -8.444
0.01471 0.00000 9.00000 2.3060665131 2.5795937042    1.862  3.946  3.4677 -0.415    8  0.637  0.718   392.29   211.58   129.93   102.72    84.38  1 -1.98e-06      0.05 6.738e-01 3.098e-01 3.206e-03 2.330e-03 5.955e-03 -1.000 1.640e-02 -5.096 2.373 2.348 1.036 -1.388 -3.615 -7.067 -8.037 -8.462
0.01471 0.00000 9.00000 2.3060667515 2.5795937115    1.861  4.003  3.4596 -0.505    8  0.637  0.814   444.28   248.53   151.52   120.08    98.67  1 -3.57e-06      0.09 6.724e-01 3.107e-01 3.633e-03 2.325e-03 5.954e-03 -1.000 1.686e-02 -5.236 2.623 2.603 1.196 -1.302 -3.570 -7.195 -8.186 -8.641
0.01471 0.00000 9.00000 2.3060674667 2.5795937334    1.859  3.890  3.4757 -0.328    8  0.637  0.813   346.92   180.57   111.68    88.09    72.33  1 -1.11e-06      0.02 6.724e-01 3.107e-01 3.631e-03 2.325e-03 5.954e-03 -1.000 1.685e-02 -4.955 2.225 2.150 0.918 -1.452 -3.648 -6.925 -7.881 -8.281
0.01471 0.00000 9.00000 2.3060688972 2.5795937772    1.856  3.725  3.4995 -0.068    8  0.637  0.812   214.44   112.89    71.31    55.86    45.82  2 -1.98e-07      0.00 6.725e-01 3.107e-01 3.627e-03 2.325e-03 5.954e-03 -1.000 1.685e-02 -4.542 2.156 1.586 0.387 -1.740 -3.832 -6.448 -7.381 -7.734
0.01471 0.00000 9.00000 2.3060710430 2.5795938430    1.851  3.661  3.5085  0.030    8  0.637  0.811   175.94    94.38    60.10    46.96    38.50  2 -1.07e-07      0.00 6.725e-01 3.107e-01 3.622e-03 2.325e-03 5.954e-03 -1.000 1.684e-02 -4.383 2.138 1.260 -0.031 -1.961 -3.954 -6.260 -7.183 -7.518
0.01471 0.00000 9.00000 2.3060741425 2.5795939379    1.844  3.709  3.5012 -0.049    8  0.637  0.809   205.86   108.75    68.80    53.88    44.19  2 -1.72e-07      0.00 6.725e-01 3.107e-01 3.614e-03 2.325e-03 5.954e-03 -1.000 1.684e-02 -4.503 2.160 1.530 0.315 -1.774 -3.849 -6.404 -7.334 -7.684
0.01471 0.00000 9.00000 2.3060781956 2.5795940621    1.835  3.793  3.4887 -0.185    8  0.638  0.808   269.93   138.87    86.89    68.30    56.04  1  -4.2e-07      0.00 6.725e-01 3.107e-01 3.606e-03 2.325e-03 5.954e-03 -1.000 1.683e-02 -4.713 2.191 1.921 0.772 -1.523 -3.686 -6.651 -7.594 -7.968
0.01471 0.00000 9.00000 2.3060832024 2.5795942155    1.823  3.870  3.4771 -0.310    8  0.638  0.806   335.73   174.02   107.76    85.02    69.79  1 -9.56e-07      0.01 6.725e-01 3.106e-01 3.597e-03 2.325e-03 5.954e-03 -1.000 1.682e-02 -4.904 2.235 2.146 0.926 -1.435 -3.626 -6.872 -7.826 -8.223
0.01471 0.00000 9.00000 2.3060891628 2.5795943981    1.809  3.920  3.4693 -0.396    8  0.639  0.804   377.35   202.62   124.59    98.54    80.92  1 -1.66e-06      0.03 6.726e-01 3.106e-01 3.589e-03 2.326e-03 5.954e-03 -1.000 1.681e-02 -5.030 2.344 2.325 1.036 -1.371 -3.589 -7.006 -7.972 -8.389
0.01471 0.00000 9.00000 2.3060963154 2.5795946172    1.793  3.945  3.4650 -0.442    8  0.639  0.802   401.23   219.66   134.56   106.59    87.54  1 -2.22e-06      0.05 6.726e-01 3.106e-01 3.583e-03 2.326e-03 5.954e-03 -1.000 1.680e-02 -5.092 2.427 2.429 1.103 -1.332 -3.569 -7.069 -8.042 -8.471
0.01471 0.00000 9.00000 2.3061046600 2.5795948728    1.774  3.955  3.4627 -0.465    8  0.640  0.802   412.95   228.41   139.64   110.72    90.93  1 -2.55e-06      0.06 6.726e-01 3.106e-01 3.580e-03 2.326e-03 5.954e-03 -1.000 1.680e-02 -5.117 2.506 2.511 1.158 -1.296 -3.543 -7.091 -8.069 -8.505
0.01471 0.00000 9.00000 2.3061141968 2.5795951650    1.753  3.959  3.4612 -0.480    8  0.641  0.802   420.19   234.09   142.92   113.41    93.13  1 -2.77e-06      0.07 6.726e-01 3.106e-01 3.583e-03 2.326e-03 5.954e-03 -1.000 1.680e-02 -5.127 2.571 2.576 1.205 -1.263 -3.518 -7.098 -8.080 -8.523
0.01471 0.00000 9.00000 2.3061144352 2.5795951723    1.752  4.021  3.4522 -0.578    8  0.641  0.880   482.86   279.57   169.32   134.71   110.68  1 -5.31e-06      0.36 6.715e-01 3.114e-01 3.929e-03 2.322e-03 5.953e-03 -1.000 1.717e-02 -5.282 4.092 3.648 1.955 -0.809 -3.192 -7.069 -8.147 -8.708
0.01471 0.00000 9.00000 2.3061151505 2.5795951942    1.750  3.909  3.4684 -0.402    8  0.641  0.880   375.97   203.20   124.84    98.87    81.16  1 -1.65e-06      0.05 6.715e-01 3.114e-01 3.929e-03 2.322e-03 5.953e-03 -1.000 1.717e-02 -5.002 2.498 2.450 1.133 -1.294 -3.521 -6.964 -7.938 -8.364
0.01471 0.00000 9.00000 2.3061163425 2.5795952307    1.745  3.745  3.4920 -0.145    8  0.641  0.880   247.06   127.73    80.13    63.03    51.68  1 -3.02e-07      0.00 6.715e-01 3.114e-01 3.931e-03 2.322e-03 5.953e-03 -1.000 1.717e-02 -4.593 2.249 1.897 0.743 -1.511 -3.657 -6.521 -7.461 -7.829
0.01471 0.00000 9.00000 2.3061184883 2.5795952964    1.738  3.681  3.5010 -0.046    8  0.641  0.881   202.27   106.66    67.45    52.92    43.38  2 -1.56e-07      0.00 6.714e-01 3.114e-01 3.933e-03 2.322e-03 5.953e-03 -1.000 1.717e-02 -4.431 2.233 1.609 0.396 -1.696 -3.772 -6.332 -7.263 -7.613
0.01471 0.00000 9.00000 2.3061215878 2.5795953914    1.728  3.728  3.4938 -0.126    8  0.642  0.882   236.91   122.91    77.22    60.73    49.79  1 -2.62e-07      0.00 6.714e-01 3.114e-01 3.936e-03 2.322e-03 5.953e-03 -1.000 1.718e-02 -4.551 2.253 1.848 0.682 -1.539 -3.672 -6.474 -7.412 -7.776
0.01471 0.00000 9.00000 2.3061254025 2.5795955082    1.714  3.810  3.4817 -0.259    8  0.642  0.883   304.59   156.19    97.06    76.62    62.85  1 -6.34e-07      0.01 6.714e-01 3.114e-01 3.940e-03 2.322e-03 5.952e-03 -1.000 1.718e-02 -4.756 2.301 2.143 0.950 -1.389 -3.568 -6.710 -7.661 -8.051
0.01471 0.00000 9.00000 2.3061301708 2.5795956543    1.698  3.885  3.4708 -0.382    8  0.643  0.884   361.19   194.38   119.58    94.74    77.75  1 -1.42e-06      0.04 6.714e-01 3.114e-01 3.945e-03 2.322e-03 5.952e-03 -1.000 1.719e-02 -4.942 2.473 2.412 1.118 -1.293 -3.511 -6.905 -7.874 -8.294
0.01471 0.00000 9.00000 2.3061361313 2.5795958369    1.679  3.934  3.4637 -0.464    8  0.643  0.885   404.59   224.97   137.46   109.19    89.63  1 -2.46e-06      0.10 6.714e-01 3.114e-01 3.951e-03 2.322e-03 5.952e-03 -1.000 1.719e-02 -5.064 2.767 2.689 1.294 -1.193 -3.450 -7.007 -7.998 -8.450
0.01471 0.00000 9.00000 2.3061430454 2.5795960487    1.656  3.958  3.4601 -0.509    8  0.644  0.887   429.14   242.96   147.89   117.66    96.60  1  -3.3e-06      0.17 6.714e-01 3.114e-01 3.958e-03 2.321e-03 5.952e-03 -1.000 1.720e-02 -5.125 3.117 2.961 1.474 -1.083 -3.372 -7.032 -8.045 -8.527
0.01471 0.00000 9.00000 2.3061511517 2.5795962970    1.630  3.967  3.4585 -0.531    8  0.645  0.888   440.96   252.09   153.14   121.98   100.14  1 -3.84e-06      0.25 6.713e-01 3.114e-01 3.966e-03 2.321e-03 5.952e-03 -1.000 1.721e-02 -5.148 3.558 3.261 1.685 -0.952 -3.274 -7.002 -8.041 -8.556
0.01471 0.00000 9.00000 2.3061602116 2.5795965745    1.600  3.971  3.4577 -0.546    8  0.646  0.891   448.09   257.95   156.47   124.76   102.41  1 -4.24e-06      0.29 6.713e-01 3.115e-01 3.976e-03 2.321e-03 5.952e-03 -1.000 1.722e-02 -5.159 3.780 3.414 1.794 -0.884 -3.223 -6.985 -8.038 -8.569
0.01471 0.00000 9.00000 2.3061602116 2.5795965745    1.600  4.039  3.4488 -0.650    8  0.646  0.968   491.29    -1.00    -1.00    -1.00    -1.00  0 -8.55e-06      0.00 6.702e-01 3.122e-01 4.320e-03 2.317e-03 5.951e-03 -1.000 1.759e-02 -5.327 2.193 2.428 1.105 -1.379 -3.670 -7.386 -8.347 -8.780
0.01471 0.00000 9.00000 2.3061606884 2.5795965892    1.600  3.927  3.4637 -0.478    8  0.646  0.968   406.23   228.08   139.12   110.73    90.87  1 -2.68e-06      0.00 6.702e-01 3.122e-01 4.319e-03 2.317e-03 5.951e-03 -1.000 1.759e-02 -5.048 2.257 2.357 1.070 -1.334 -3.562 -7.064 -8.022 -8.434
0.01471 0.00000 9.00000 2.3061616421 2.5795966184    1.599  3.766  3.4856 -0.229    8  0.646  0.967   283.63   145.33    90.46    71.52    58.63  1 -4.98e-07      0.00 6.702e-01 3.122e-01 4.317e-03 2.317e-03 5.951e-03 -1.000 1.758e-02 -4.644 2.306 2.096 0.932 -1.382 -3.552 -6.594 -7.538 -7.917
0.01471 0.00000 9.00000 2.3061628342 2.5795966549    1.598  3.700  3.4954 -0.125    8  0.646  0.966   232.85   120.27    75.51    59.53    48.78  1 -2.51e-07      0.00 6.702e-01 3.122e-01 4.313e-03 2.318e-03 5.951e-03 -1.000 1.758e-02 -4.480 2.301 1.850 0.673 -1.525 -3.647 -6.399 -7.335 -7.696
0.01471 0.00000 9.00000 2.3061647415 2.5795967133    1.596  3.747  3.4904 -0.192    8  0.646  0.965   266.99   135.92    84.86    67.03    54.94  1 -4.09e-07      0.00 6.702e-01 3.122e-01 4.307e-03 2.318e-03 5.951e-03 -1.000 1.757e-02 -4.598 2.288 1.987 0.840 -1.448 -3.608 -6.533 -7.473 -7.845
0.01471 0.00000 9.00000 2.3061671257 2.5795967863    1.594  3.827  3.4809 -0.311    8  0.646  0.964   318.70   168.34   104.09    82.48    67.64  1 -9.39e-07      0.00 6.702e-01 3.122e-01 4.301e-03 2.318e-03 5.951e-03 -1.000 1.757e-02 -4.798 2.260 2.132 0.935 -1.411 -3.594 -6.764 -7.711 -8.099
0.01471 0.00000 9.00000 2.3061699867 2.5795968740    1.592  3.900  3.4726 -0.417    8  0.647  0.962   371.32   203.97   125.03    99.36    81.51  1 -1.99e-06      0.00 6.703e-01 3.122e-01 4.292e-03 2.318e-03 5.951e-03 -1.000 1.756e-02 -4.979 2.223 2.213 0.962 -1.419 -3.623 -6.970 -7.922 -8.324
0.01471 0.00000 9.00000 2.3061735630 2.5795969835    1.588  3.947  3.4682 -0.483    8  0.647  0.959   407.89   229.54   139.95   111.42    91.43  1 -3.25e-06      0.16 6.703e-01 3.121e-01 4.281e-03 2.318e-03 5.951e-03 -1.000 1.755e-02 -5.097 3.054 2.807 1.351 -1.188 -3.455 -6.986 -7.993 -8.467
0.01471 0.00000 9.00000 2.3061776161 2.5795971077    1.585  3.970  3.4681 -0.508    8  0.647  0.956   422.22   239.78   145.90   116.25    95.40  1 -4.11e-06      0.27 6.704e-01 3.121e-01 4.269e-03 2.318e-03 5.951e-03 -1.000 1.753e-02 -5.155 3.578 3.135 1.565 -1.069 -3.371 -6.969 -8.010 -8.525
0.01471 0.00000 9.00000 2.3061826229 2.5795972611    1.580  3.979  3.4715 -0.504    8  0.648  0.953   419.97   238.29   145.02   115.55    94.82  0 -4.46e-06      0.30 6.704e-01 3.121e-01 4.254e-03 2.318e-03 5.951e-03 -1.000 1.752e-02 -5.178 3.671 3.135 1.551 -1.101 -3.405 -6.964 -8.011 -8.534
0.01471 0.00000 9.00000 2.3061881065 2.5795974290    1.575  3.983  3.4773 -0.486    8  0.648  0.949   408.71   230.44   140.45   111.86    91.79  0 -4.55e-06      0.30 6.705e-01 3.120e-01 4.236e-03 2.318e-03 5.951e-03 -1.000 1.750e-02 -5.187 3.611 2.991 1.434 -1.211 -3.505 -6.957 -8.000 -8.517
0.01471 0.00000 9.00000 2.3061881065 2.5795974290    1.575  4.054  3.4649 -0.607    8  0.648  1.027   486.45   286.55   172.94   138.18   113.45  0 -9.63e-06      0.00 6.693e-01 3.128e-01 4.584e-03 2.315e-03 5.950e-03  7.182 1.787e-02 -5.364 3.028 -0.145 -2.533 -3.985 -5.220 -7.046 -8.128 -8.573
0.01471 0.00000 9.00000 2.3061885834 2.5795974436    1.575  3.942  3.4847 -0.416    8  0.648  1.027   369.33   203.01   124.44    98.92    81.15  0 -2.96e-06      0.00 6.693e-01 3.128e-01 4.583e-03 2.315e-03 5.950e-03  7.177 1.787e-02 -5.085 2.666 -0.326 -2.583 -3.913 -5.044 -6.762 -7.811 -8.217
0.01471 0.00000 9.00000 2.3061892986 2.5795974655    1.574  3.782  3.5134 -0.141    8  0.648  1.026   239.88   123.36    77.33    61.02    50.00  1 -5.39e-07      0.00 6.693e-01 3.128e-01 4.580e-03 2.315e-03 5.950e-03  7.167 1.786e-02 -4.684 2.211 -0.577 -2.646 -3.813 -4.797 -6.353 -7.321 -7.672
0.01471 0.00000 9.00000 2.3061907291 2.5795975094    1.573  3.715  3.5259 -0.025    8  0.649  1.025   189.64    99.98    63.27    49.78    40.76  1 -2.66e-07      0.00 6.693e-01 3.128e-01 4.576e-03 2.315e-03 5.950e-03  7.151 1.786e-02 -4.518 2.040 -0.683 -2.677 -3.779 -4.704 -6.189 -7.114 -7.443
0.01471 0.00000 9.00000 2.3061923981 2.5795975605    1.571  3.762  3.5186 -0.101    8  0.649  1.024   221.39   114.81    72.20    56.92    46.63  1 -4.36e-07      0.00 6.694e-01 3.128e-01 4.570e-03 2.315e-03 5.950e-03  7.127 1.785e-02 -4.635 2.169 -0.627 -2.673 -3.815 -4.775 -6.306 -7.257 -7.598
0.01471 0.00000 9.00000 2.3061947823 2.5795976335    1.569  3.841  3.5056 -0.233    8  0.649  1.022   282.91   145.54    90.55    71.64    58.72  1 -1.01e-06      0.00 6.694e-01 3.128e-01 4.562e-03 2.315e-03 5.950e-03  7.094 1.785e-02 -4.832 2.396 -0.515 -2.652 -3.867 -4.891 -6.502 -7.499 -7.861
0.01471 0.00000 9.00000 2.3061974049 2.5795977139    1.567  3.912  3.4940 -0.351    8  0.649  1.020   335.27   180.05   110.95    88.06    72.21  0 -2.13e-06      0.00 6.694e-01 3.128e-01 4.552e-03 2.315e-03 5.950e-03  7.050 1.784e-02 -5.009 2.647 -0.401 -2.627 -3.913 -4.998 -6.682 -7.718 -8.099
0.01471 0.00000 9.00000 2.3062009811 2.5795978234    1.564  3.958  3.4870 -0.425    8  0.650  1.018   373.25   205.97   126.15   100.33    82.30  0 -3.47e-06      0.00 6.695e-01 3.127e-01 4.541e-03 2.315e-03 5.950e-03  6.989 1.782e-02 -5.124 2.840 -0.324 -2.611 -3.944 -5.066 -6.800 -7.857 -8.249
0.01471 0.00000 9.00000 2.3062050343 2.5795979475    1.560  3.980  3.4846 -0.458    8  0.650  1.014   391.17   218.50   133.46   106.25    87.17  0  -4.4e-06      0.00 6.695e-01 3.127e-01 4.527e-03 2.315e-03 5.950e-03  6.904 1.781e-02 -5.180 2.878 -0.316 -2.623 -3.972 -5.108 -6.857 -7.919 -8.316
0.01471 0.00000 9.00000 2.3062098026 2.5795980936    1.556  3.988  3.4851 -0.466    8  0.651  1.011   395.18   221.40   135.15   107.62    88.29  0 -4.81e-06      0.00 6.696e-01 3.127e-01 4.511e-03 2.315e-03 5.950e-03  6.778 1.779e-02 -5.201 2.855 -0.342 -2.649 -3.997 -5.132 -6.878 -7.939 -8.335
0.01471 0.00000 9.00000 2.3062150478 2.5795982543    1.551  3.991  3.4869 -0.463    8  0.651  1.007   393.17   220.12   134.39   107.02    87.80  0 -4.96e-06      0.00 6.696e-01 3.126e-01 4.492e-03 2.316e-03 5.950e-03  6.570 1.777e-02 -5.209 2.800 -0.387 -2.686 -4.024 -5.150 -6.887 -7.942 -8.335
0.01471 0.00000 9.00000 2.3062150478 2.5795982543    1.551  4.066  3.4722 -0.596    8  0.651  1.085   476.78   280.02   169.12   135.16   110.94  0  -1.1e-05      0.04 6.685e-01 3.134e-01 4.840e-03 2.312e-03 5.949e-03  7.674 1.814e-02 -5.394 2.700 -0.300 -2.636 -4.052 -5.258 -7.045 -8.114 -8.574
0.01471 0.00000 9.00000 2.3062155247 2.5795982689    1.551  3.954  3.4940 -0.398    8  0.651  1.085   357.55   195.52   120.01    95.40    78.24  0 -3.35e-06      0.00 6.685e-01 3.134e-01 4.839e-03 2.312e-03 5.949e-03  7.672 1.814e-02 -5.116 2.230 -0.598 -2.782 -4.058 -5.142 -6.793 -7.804 -8.201
0.01471 0.00000 9.00000 2.3062162399 2.5795982908    1.550  3.795  3.5253 -0.113    8  0.651  1.084   226.20   116.90    73.43    57.94    47.46  1 -6.09e-07      0.00 6.685e-01 3.134e-01 4.836e-03 2.312e-03 5.949e-03  7.669 1.814e-02 -4.717 1.764 -0.882 -2.872 -3.981 -4.913 -6.390 -7.303 -7.644
0.01471 0.00000 9.00000 2.3062174320 2.5795983273    1.549  3.728  3.5381  0.005    8  0.651  1.083   178.15    94.45    59.90    47.11    38.57  1 -2.99e-07      0.00 6.685e-01 3.134e-01 4.831e-03 2.312e-03 5.949e-03  7.664 1.813e-02 -4.550 1.583 -0.982 -2.897 -3.943 -4.818 -6.224 -7.093 -7.410
0.01471 0.00000 9.00000 2.3062191010 2.5795983784    1.547  3.774  3.5281 -0.082    8  0.652  1.081   212.36   110.48    69.57    54.85    44.92  1 -4.94e-07      0.00 6.685e-01 3.134e-01 4.825e-03 2.312e-03 5.949e-03  7.656 1.813e-02 -4.666 1.734 -0.892 -2.864 -3.958 -4.877 -6.339 -7.243 -7.578
0.01471 0.00000 9.00000 2.3062214851 2.5795984515    1.545  3.852  3.5116 -0.227    8  0.652  1.080   278.70   143.38    89.23    70.62    57.88  0 -1.14e-06      0.00 6.685e-01 3.133e-01 4.817e-03 2.312e-03 5.949e-03  7.646 1.812e-02 -4.860 1.981 -0.732 -2.802 -3.981 -4.977 -6.531 -7.491 -7.856
0.01471 0.00000 9.00000 2.3062241077 2.5795985318    1.543  3.921  3.4962 -0.358    8  0.652  1.077   337.05   181.81   111.95    88.92    72.91  0 -2.44e-06      0.00 6.686e-01 3.133e-01 4.806e-03 2.312e-03 5.949e-03  7.633 1.811e-02 -5.034 2.226 -0.572 -2.737 -3.998 -5.071 -6.708 -7.714 -8.106
0.01471 0.00000 9.00000 2.3062274456 2.5795986340    1.540  3.966  3.4853 -0.448    8  0.653  1.075   383.51   213.66   130.60   103.98    85.29  0    -4e-06      0.00 6.686e-01 3.133e-01 4.794e-03 2.312e-03 5.949e-03  7.617 1.809e-02 -5.146 2.436 -0.444 -2.678 -4.000 -5.128 -6.826 -7.859 -8.272
0.01471 0.00000 9.00000 2.3062312603 2.5795987509    1.536  3.988  3.4783 -0.498    8  0.653  1.071   412.22   233.86   142.36   113.51    93.13  0 -5.14e-06      0.00 6.687e-01 3.133e-01 4.779e-03 2.312e-03 5.949e-03  7.598 1.808e-02 -5.200 2.568 -0.349 -2.623 -3.983 -5.146 -6.879 -7.929 -8.354
0.01471 0.00000 9.00000 2.3062357903 2.5795988896    1.532  3.996  3.4734 -0.527    8  0.653  1.067   429.43   246.20   149.51   119.32    97.90  0 -5.74e-06      0.00 6.687e-01 3.132e-01 4.763e-03 2.313e-03 5.949e-03  7.574 1.806e-02 -5.220 2.668 -0.266 -2.566 -3.952 -5.140 -6.896 -7.955 -8.389
0.01471 0.00000 9.00000 2.3062410355 2.5795990503    1.528  3.999  3.4687 -0.550    8  0.654  1.063   443.76   256.58   155.52   124.20   101.92  0 -6.09e-06      0.00 6.688e-01 3.132e-01 4.744e-03 2.313e-03 5.949e-03  7.546 1.804e-02 -5.227 2.784 -0.176 -2.501 -3.913 -5.124 -6.903 -7.971 -8.412
0.01471 0.00000 9.00000 2.3062410355 2.5795990503    1.528  4.076  3.4529 -0.691    8  0.654  1.141   479.97    -1.00    -1.00    -1.00    -1.00  0  -1.4e-05      0.57 6.676e-01 3.139e-01 5.090e-03 2.309e-03 5.947e-03  7.895 1.841e-02 -5.421 4.962 1.340 -1.332 -3.046 -4.476 -6.650 -7.918 -8.670
0.01471 0.00000 9.00000 2.3062415123 2.5795990649    1.527  3.965  3.4750 -0.492    8  0.654  1.141   407.55   230.79   140.55   112.07    91.94  0 -4.27e-06      0.06 6.676e-01 3.139e-01 5.088e-03 2.309e-03 5.947e-03  7.894 1.841e-02 -5.144 2.859 -0.101 -2.410 -3.806 -4.997 -6.776 -7.854 -8.317
0.01471 0.00000 9.00000 2.3062422276 2.5795990868    1.527  3.807  3.5062 -0.209    8  0.654  1.140   270.21   138.36    86.23    68.24    55.91  1 -7.86e-07      0.00 6.677e-01 3.139e-01 5.085e-03 2.309e-03 5.947e-03  7.892 1.841e-02 -4.748 2.178 -0.527 -2.616 -3.815 -4.836 -6.415 -7.397 -7.770
0.01471 0.00000 9.00000 2.3062434196 2.5795991233    1.525  3.740  3.5186 -0.092    8  0.654  1.139   215.96   112.01    70.47    55.60    45.53  1 -3.84e-07      0.00 6.677e-01 3.139e-01 5.081e-03 2.309e-03 5.947e-03  7.889 1.840e-02 -4.579 2.017 -0.626 -2.640 -3.776 -4.736 -6.248 -7.189 -7.539
0.01471 0.00000 9.00000 2.3062450886 2.5795991744    1.524  3.786  3.5074 -0.183    8  0.654  1.138   259.85   132.09    82.49    65.24    53.45  1 -6.37e-07      0.00 6.677e-01 3.139e-01 5.074e-03 2.309e-03 5.947e-03  7.884 1.840e-02 -4.694 2.187 -0.504 -2.583 -3.775 -4.789 -6.361 -7.340 -7.710
0.01471 0.00000 9.00000 2.3062472343 2.5795992402    1.522  3.862  3.4894 -0.332    8  0.655  1.136   322.92   172.85   106.64    84.68    69.42  0 -1.47e-06      0.01 6.677e-01 3.139e-01 5.066e-03 2.309e-03 5.947e-03  7.878 1.839e-02 -4.886 2.524 -0.290 -2.483 -3.774 -4.878 -6.554 -7.586 -7.993
0.01471 0.00000 9.00000 2.3062498569 2.5795993205    1.519  3.931  3.4725 -0.469    8  0.655  1.133   393.74   221.28   135.00   107.60    88.26  0 -3.12e-06      0.03 6.678e-01 3.139e-01 5.055e-03 2.309e-03 5.948e-03  7.870 1.837e-02 -5.056 2.903 -0.030 -2.334 -3.730 -4.927 -6.702 -7.780 -8.233
0.01471 0.00000 9.00000 2.3062529564 2.5795994154    1.516  3.974  3.4595 -0.566    8  0.655  1.130   452.70   263.31   159.38   127.37   104.52  0 -5.12e-06      0.06 6.678e-01 3.138e-01 5.043e-03 2.310e-03 5.948e-03  7.861 1.836e-02 -5.166 3.315 0.213 -2.187 -3.670 -4.938 -6.800 -7.903 -8.399
0.01471 0.00000 9.00000 2.3062567711 2.5795995323    1.513  3.996  3.4502 -0.625    8  0.656  1.127   477.60    -1.00    -1.00    -1.00    -1.00  0 -6.62e-06      0.09 6.678e-01 3.138e-01 5.028e-03 2.310e-03 5.948e-03  7.850 1.835e-02 -5.219 3.642 0.425 -2.042 -3.590 -4.911 -6.833 -7.951 -8.479
0.01471 0.00000 9.00000 2.3062610626 2.5795996637    1.508  4.003  3.4423 -0.666    8  0.656  1.123   476.94    -1.00    -1.00    -1.00    -1.00  0 -7.47e-06      0.10 6.679e-01 3.138e-01 5.011e-03 2.310e-03 5.948e-03  7.836 1.833e-02 -5.239 3.859 0.578 -1.933 -3.528 -4.887 -6.845 -7.962 -8.505
0.01471 0.00000 9.00000 2.3062660694 2.5795998171    1.504  4.006  3.4341 -0.703    8  0.657  1.119   476.18    -1.00    -1.00    -1.00    -1.00  0 -8.07e-06      0.11 6.680e-01 3.137e-01 4.991e-03 2.310e-03 5.948e-03  7.821 1.831e-02 -5.246 4.152 0.748 -1.813 -3.460 -4.857 -6.856 -7.971 -8.534
0.01471 0.00000 9.00000 2.3062660694 2.5795998171    1.504  4.087  3.4180 -0.848    8  0.657  1.196   476.17    -1.00    -1.00    -1.00    -1.00  0 -1.91e-05      1.60 6.668e-01 3.145e-01 5.335e-03 2.306e-03 5.946e-03  8.039 1.868e-02 -5.447 9.150 4.333 1.061 -1.207 -3.007 -5.852 -7.400 -8.551
0.01471 0.00000 9.00000 2.3062665462 2.5795998317    1.503  3.976  3.4398 -0.650    8  0.657  1.196   476.10    -1.00    -1.00    -1.00    -1.00  0 -5.86e-06      0.39 6.668e-01 3.145e-01 5.334e-03 2.306e-03 5.946e-03  8.038 1.867e-02 -5.170 4.879 1.361 -1.278 -2.984 -4.421 -6.542 -7.755 -8.436
0.01471 0.00000 9.00000 2.3062672615 2.5795998536    1.502  3.819  3.4708 -0.369    8  0.657  1.195   339.04   184.11   113.23    90.04    73.82  0 -1.09e-06      0.03 6.668e-01 3.145e-01 5.331e-03 2.306e-03 5.946e-03  8.037 1.867e-02 -4.778 3.096 0.219 -2.066 -3.454 -4.651 -6.423 -7.509 -7.956
0.01471 0.00000 9.00000 2.3062684536 2.5795998901    1.501  3.751  3.4839 -0.249    8  0.657  1.194   284.54   148.14    92.00    72.93    59.75  1 -5.29e-07      0.01 6.669e-01 3.145e-01 5.326e-03 2.306e-03 5.946e-03  8.034 1.867e-02 -4.607 2.836 0.059 -2.137 -3.444 -4.570 -6.267 -7.322 -7.735
0.01471 0.00000 9.00000 2.3062698841 2.5795999339    1.499  3.797  3.4739 -0.335    8  0.657  1.193   322.59   173.16   106.78    84.84    69.55  1 -8.73e-07      0.02 6.669e-01 3.145e-01 5.320e-03 2.307e-03 5.946e-03  8.031 1.866e-02 -4.722 3.037 0.186 -2.075 -3.442 -4.621 -6.374 -7.452 -7.889
0.01471 0.00000 9.00000 2.3062720299 2.5795999996    1.496  3.872  3.4576 -0.477    8  0.657  1.191   396.25   223.59   136.30   108.71    89.16  0 -1.98e-06      0.06 6.669e-01 3.144e-01 5.311e-03 2.307e-03 5.946e-03  8.027 1.865e-02 -4.911 3.502 0.443 -1.941 -3.418 -4.688 -6.547 -7.655 -8.146
0.01471 0.00000 9.00000 2.3062744141 2.5796000727    1.493  3.939  3.4425 -0.605    8  0.658  1.189   474.53    -1.00    -1.00    -1.00    -1.00  0 -4.12e-06      0.23 6.669e-01 3.144e-01 5.300e-03 2.307e-03 5.946e-03  8.021 1.864e-02 -5.079 4.357 1.007 -1.544 -3.174 -4.558 -6.580 -7.744 -8.348
0.01471 0.00000 9.00000 2.3062775135 2.5796001676    1.490  3.982  3.4317 -0.692    8  0.658  1.186   473.93    -1.00    -1.00    -1.00    -1.00  0 -6.65e-06      0.44 6.670e-01 3.144e-01 5.288e-03 2.307e-03 5.946e-03  8.015 1.863e-02 -5.186 5.340 1.634 -1.076 -2.851 -4.337 -6.527 -7.753 -8.475
0.01471 0.00000 9.00000 2.3062810898 2.5796002771    1.485  4.003  3.4250 -0.742    8  0.659  1.182   473.22    -1.00    -1.00    -1.00    -1.00  0 -8.47e-06      0.56 6.670e-01 3.144e-01 5.273e-03 2.307e-03 5.946e-03  8.007 1.861e-02 -5.238 5.858 1.977 -0.818 -2.675 -4.216 -6.493 -7.746 -8.526
0.01471 0.00000 9.00000 2.3062853813 2.5796004086    1.480  4.011  3.4203 -0.769    8  0.659  1.179   472.40    -1.00    -1.00    -1.00    -1.00  0 -9.43e-06      0.65 6.671e-01 3.143e-01 5.256e-03 2.307e-03 5.947e-03  7.998 1.859e-02 -5.257 6.249 2.253 -0.604 -2.520 -4.100 -6.441 -7.715 -8.534
0.01471 0.00000 9.00000 2.3062901497 2.5796005546    1.474  4.014  3.4159 -0.791    8  0.660  1.174   471.46    -1.00    -1.00    -1.00    -1.00  0    -1e-05      0.71 6.672e-01 3.143e-01 5.237e-03 2.307e-03 5.947e-03  7.987 1.857e-02 -5.264 6.538 2.440 -0.459 -2.415 -4.020 -6.406 -7.692 -8.541
0.01471 0.00000 9.00000 2.3062901497 2.5796005546    1.474  4.097  3.3983 -0.945    8  0.660  1.251   471.45    -1.00    -1.00    -1.00    -1.00  0 -2.46e-05      2.70 6.660e-01 3.150e-01 5.578e-03 2.304e-03 5.945e-03  8.146 1.894e-02 -5.473 12.595 6.870 3.124 0.466 -1.568 -4.973 -6.819 -8.291
0.01471 0.00000 9.00000 2.3062906265 2.5796005692    1.473  3.987  3.4214 -0.743    8  0.660  1.250   471.34    -1.00    -1.00    -1.00    -1.00  0 -7.53e-06      0.74 6.660e-01 3.150e-01 5.575e-03 2.304e-03 5.945e-03  8.145 1.893e-02 -5.197 6.537 2.491 -0.392 -2.330 -3.924 -6.306 -7.610 -8.461
0.01471 0.00000 9.00000 2.3062913418 2.5796005911    1.472  3.831  3.4542 -0.456    8  0.660  1.249   382.34   214.47   130.94   104.43    85.64  0 -1.41e-06      0.07 6.661e-01 3.150e-01 5.570e-03 2.304e-03 5.945e-03  8.143 1.893e-02 -4.807 3.715 0.636 -1.764 -3.260 -4.548 -6.428 -7.546 -8.049
0.01471 0.00000 9.00000 2.3062922955 2.5796006204    1.470  3.762  3.4685 -0.331    8  0.660  1.247   318.17   170.88   105.40    83.79    68.67  1 -6.76e-07      0.03 6.661e-01 3.150e-01 5.562e-03 2.304e-03 5.945e-03  8.140 1.892e-02 -4.635 3.265 0.393 -1.895 -3.290 -4.496 -6.279 -7.371 -7.822
0.01471 0.00000 9.00000 2.3062939644 2.5796006715    1.467  3.808  3.4586 -0.417    8  0.660  1.245   360.58   199.58   122.23    97.40    79.85  0 -1.11e-06      0.05 6.661e-01 3.150e-01 5.552e-03 2.304e-03 5.945e-03  8.136 1.891e-02 -4.749 3.567 0.551 -1.813 -3.276 -4.536 -6.385 -7.494 -7.979
0.01471 0.00000 9.00000 2.3062958717 2.5796007299    1.463  3.882  3.4424 -0.557    8  0.660  1.242   442.33   257.08   155.66   124.51   102.14  0 -2.51e-06      0.19 6.662e-01 3.149e-01 5.539e-03 2.304e-03 5.945e-03  8.131 1.890e-02 -4.936 4.332 1.039 -1.485 -3.095 -4.467 -6.466 -7.620 -8.203
0.01471 0.00000 9.00000 2.3062982559 2.5796008029    1.459  3.948  3.4278 -0.683    8  0.661  1.239   469.00    -1.00    -1.00    -1.00    -1.00  0 -5.16e-06      0.46 6.662e-01 3.149e-01 5.525e-03 2.304e-03 5.945e-03  8.125 1.888e-02 -5.100 5.567 1.816 -0.915 -2.714 -4.218 -6.430 -7.659 -8.393
0.01471 0.00000 9.00000 2.3063013554 2.5796008978    1.453  3.990  3.4181 -0.766    8  0.661  1.236   468.10    -1.00    -1.00    -1.00    -1.00  0 -8.25e-06      0.79 6.663e-01 3.149e-01 5.511e-03 2.304e-03 5.945e-03  8.119 1.887e-02 -5.206 6.793 2.662 -0.259 -2.233 -3.851 -6.273 -7.589 -8.466
0.01471 0.00000 9.00000 2.3063046932 2.5796010001    1.447  4.010  3.4129 -0.809    8  0.661  1.233   467.04    -1.00    -1.00    -1.00    -1.00  0 -1.04e-05      1.01 6.663e-01 3.148e-01 5.497e-03 2.305e-03 5.945e-03  8.113 1.885e-02 -5.256 7.523 3.165 0.136 -1.930 -3.607 -6.153 -7.530 -8.492
0.01471 0.00000 9.00000 2.3063089848 2.5796011315    1.439  4.018  3.4103 -0.829    8  0.662  1.230   465.81    -1.00    -1.00    -1.00    -1.00  0 -1.15e-05      1.09 6.663e-01 3.148e-01 5.486e-03 2.305e-03 5.945e-03  8.109 1.884e-02 -5.275 7.777 3.343 0.277 -1.821 -3.517 -6.107 -7.507 -8.500
0.01471 0.00000 9.00000 2.3063135147 2.5796012703    1.431  4.021  3.4086 -0.841    8  0.662  1.229   464.42    -1.00    -1.00    -1.00    -1.00  0 -1.22e-05      1.16 6.664e-01 3.148e-01 5.479e-03 2.305e-03 5.945e-03  8.105 1.883e-02 -5.282 7.994 3.500 0.403 -1.721 -3.432 -6.058 -7.477 -8.493
0.01471 0.00000 9.00000 2.3063135147 2.5796012703    1.430  4.107  3.3893 -1.004    8  0.662  1.287   464.39    -1.00    -1.00    -1.00    -1.00  0  -3.1e-05      3.77 6.655e-01 3.154e-01 5.740e-03 2.302e-03 5.944e-03  8.205 1.911e-02 -5.498 15.843 9.293 5.099 2.081 -0.164 -4.102 -6.237 -7.995
0.01471 0.00000 9.00000 2.3063139915 2.5796012849    1.430  3.997  3.4137 -0.797    8  0.662  1.287   464.23    -1.00    -1.00    -1.00    -1.00  0 -1.72e-07      0.00 6.655e-01 3.154e-01 5.737e-03 2.302e-03 5.944e-03  8.205 1.911e-02 -5.223 4.390 0.850 -1.765 -3.479 -4.923 -6.936 -7.992 -8.529
0.01471 0.00000 9.00000 2.3063147068 2.5796013068    1.428  3.842  3.4480 -0.506    8  0.662  1.286   406.86   232.68   141.44   113.07    92.71  0 -1.78e-06      0.16 6.655e-01 3.154e-01 5.733e-03 2.302e-03 5.944e-03  8.203 1.911e-02 -4.835 4.162 0.949 -1.527 -3.092 -4.431 -6.389 -7.537 -8.097
0.01471 0.00000 9.00000 2.3063156605 2.5796013360    1.425  3.773  3.4630 -0.377    8  0.663  1.285   336.63   184.29   113.20    90.19    73.91  0 -8.49e-07      0.05 6.655e-01 3.154e-01 5.727e-03 2.302e-03 5.944e-03  8.201 1.910e-02 -4.662 3.500 0.540 -1.794 -3.229 -4.468 -6.293 -7.400 -7.875
0.01471 0.00000 9.00000 2.3063170910 2.5796013798    1.421  3.818  3.4523 -0.466    8  0.663  1.283   383.46   216.46   131.99   105.43    86.43  0  -1.4e-06      0.09 6.656e-01 3.153e-01 5.719e-03 2.302e-03 5.944e-03  8.198 1.909e-02 -4.776 3.870 0.758 -1.662 -3.177 -4.479 -6.380 -7.506 -8.024
0.01471 0.00000 9.00000 2.3063189983 2.5796014382    1.415  3.892  3.4352 -0.610    8  0.663  1.281   461.90    -1.00    -1.00    -1.00    -1.00  0 -3.16e-06      0.31 6.656e-01 3.153e-01 5.710e-03 2.302e-03 5.944e-03  8.195 1.908e-02 -4.959 4.948 1.449 -1.170 -2.867 -4.302 -6.399 -7.588 -8.241
0.01471 0.00000 9.00000 2.3063213825 2.5796015112    1.409  3.956  3.4198 -0.739    8  0.663  1.279   460.81    -1.00    -1.00    -1.00    -1.00  0 -6.47e-06      0.72 6.656e-01 3.153e-01 5.701e-03 2.302e-03 5.944e-03  8.192 1.907e-02 -5.121 6.596 2.553 -0.328 -2.268 -3.864 -6.243 -7.541 -8.387
0.01471 0.00000 9.00000 2.3063242435 2.5796015989    1.401  3.998  3.4093 -0.824    8  0.664  1.277   459.49    -1.00    -1.00    -1.00    -1.00  0 -1.03e-05      1.20 6.656e-01 3.153e-01 5.695e-03 2.302e-03 5.944e-03  8.190 1.906e-02 -5.224 8.179 3.658 0.545 -1.592 -3.312 -5.961 -7.394 -8.424
0.01471 0.00000 9.00000 2.3063275814 2.5796017011    1.391  4.017  3.4034 -0.870    8  0.664  1.277   457.95    -1.00    -1.00    -1.00    -1.00  0 -1.32e-05      1.59 6.657e-01 3.153e-01 5.693e-03 2.302e-03 5.944e-03  8.189 1.906e-02 -5.273 9.380 4.527 1.245 -1.033 -2.840 -5.690 -7.231 -8.386
0.01471 0.00000 9.00000 2.3063313961 2.5796018179    1.380  4.024  3.4000 -0.894    8  0.665  1.278   456.16    -1.00    -1.00    -1.00    -1.00  0 -1.47e-05      1.78 6.656e-01 3.153e-01 5.698e-03 2.302e-03 5.944e-03  8.191 1.907e-02 -5.291 9.973 4.958 1.593 -0.755 -2.604 -5.552 -7.146 -8.361
0.01471 0.00000 9.00000 2.3063359261 2.5796019567    1.368  4.027  3.3973 -0.912    8  0.665  1.281   454.13    -1.00    -1.00    -1.00    -1.00  0 -1.57e-05      1.91 6.656e-01 3.153e-01 5.713e-03 2.302e-03 5.944e-03  8.196 1.908e-02 -5.298 10.376 5.256 1.835 -0.558 -2.436 -5.451 -7.082 -8.338
0.01471 0.00000 9.00000 2.3063359261 2.5796019567    1.368  4.116  3.3770 -1.082    8  0.665  1.311   454.09    -1.00    -1.00    -1.00    -1.00  0 -1.07e-06      0.06 6.652e-01 3.156e-01 5.845e-03 2.301e-03 5.944e-03  8.240 1.923e-02 -5.521 4.364 0.725 -1.937 -3.686 -5.150 -7.199 -8.265 -8.835
0.01471 0.00000 9.00000 2.3063364029 2.5796019713    1.367  4.007  3.4017 -0.874    8  0.665  1.311   453.87    -1.00    -1.00    -1.00    -1.00  0 -4.08e-07      0.02 6.652e-01 3.156e-01 5.845e-03 2.301e-03 5.944e-03  8.240 1.923e-02 -5.247 4.485 0.892 -1.746 -3.477 -4.929 -6.954 -8.009 -8.557
0.01471 0.00000 9.00000 2.3063368797 2.5796019859    1.364  3.853  3.4363 -0.583    8  0.665  1.311   449.36   264.44   159.66   128.09   105.03  0 -6.99e-08      0.00 6.652e-01 3.156e-01 5.844e-03 2.301e-03 5.944e-03  8.240 1.923e-02 -4.862 3.996 0.781 -1.697 -3.275 -4.628 -6.550 -7.637 -8.131
0.01471 0.00000 9.00000 2.3063378334 2.5796020151    1.360  3.783  3.4516 -0.453    8  0.665  1.311   370.45   208.86   127.44   101.90    83.50  0 -5.36e-08      0.00 6.652e-01 3.156e-01 5.844e-03 2.301e-03 5.944e-03  8.240 1.923e-02 -4.687 3.669 0.635 -1.746 -3.229 -4.511 -6.364 -7.459 -7.927
0.01471 0.00000 9.00000 2.3063392639 2.5796020589    1.355  3.828  3.4407 -0.544    8  0.666  1.311   423.08   245.85   148.90   119.36    97.85  0 -7.03e-08      0.00 6.652e-01 3.156e-01 5.844e-03 2.301e-03 5.944e-03  8.240 1.923e-02 -4.800 3.884 0.746 -1.702 -3.250 -4.583 -6.483 -7.572 -8.057
0.01471 0.00000 9.00000 2.3063409328 2.5796021100    1.348  3.901  3.4233 -0.688    8  0.666  1.312   450.67    -1.00    -1.00    -1.00    -1.00  0 -2.81e-07      0.01 6.651e-01 3.156e-01 5.846e-03 2.301e-03 5.943e-03  8.240 1.923e-02 -4.982 4.369 0.953 -1.612 -3.278 -4.692 -6.677 -7.751 -8.277
0.01471 0.00000 9.00000 2.3063430786 2.5796021757    1.339  3.964  3.4076 -0.817    8  0.666  1.313   449.18    -1.00    -1.00    -1.00    -1.00  0  -7.5e-07      0.04 6.651e-01 3.156e-01 5.851e-03 2.301e-03 5.943e-03  8.242 1.923e-02 -5.140 4.618 1.034 -1.602 -3.332 -4.787 -6.823 -7.891 -8.451
0.01471 0.00000 9.00000 2.3063457012 2.5796022561    1.328  4.004  3.3968 -0.904    8  0.666  1.315   447.38    -1.00    -1.00    -1.00    -1.00  0 -1.21e-06      0.09 6.651e-01 3.157e-01 5.860e-03 2.301e-03 5.943e-03  8.245 1.924e-02 -5.241 4.740 1.076 -1.597 -3.357 -4.828 -6.893 -7.971 -8.556
0.01471 0.00000 9.00000 2.3063490391 2.5796023583    1.316  4.024  3.3905 -0.952    8  0.667  1.318   445.28    -1.00    -1.00    -1.00    -1.00  0 -4.58e-07      0.02 6.651e-01 3.157e-01 5.875e-03 2.300e-03 5.943e-03  8.249 1.926e-02 -5.289 4.475 0.866 -1.778 -3.514 -4.969 -6.997 -8.050 -8.600
0.01471 0.00000 9.00000 2.3063526154 2.5796024678    1.301  4.031  3.3866 -0.980    8  0.667  1.323   442.85    -1.00    -1.00    -1.00    -1.00  0 -5.04e-07      0.02 6.650e-01 3.157e-01 5.899e-03 2.300e-03 5.943e-03  8.257 1.929e-02 -5.306 4.465 0.854 -1.792 -3.528 -4.984 -7.012 -8.067 -8.618
0.01471 0.00000 9.00000 2.3063566685 2.5796025919    1.285  4.033  3.3833 -1.001    8  0.668  1.331   440.08    -1.00    -1.00    -1.00    -1.00  0 -5.04e-07      0.02 6.649e-01 3.158e-01 5.934e-03 2.300e-03 5.943e-03  8.267 1.932e-02 -5.313 4.460 0.849 -1.797 -3.534 -4.990 -7.018 -8.073 -8.624
0.01471 0.00000 9.00000 2.3063566685 2.5796025919    1.285  4.125  3.3620 -1.178    8  0.668  1.336   440.00    -1.00    -1.00    -1.00    -1.00  0 -1.93e-06      0.11 6.648e-01 3.159e-01 5.956e-03 2.300e-03 5.943e-03  8.274 1.935e-02 -5.543 4.506 0.824 -1.858 -3.625 -5.102 -7.179 -8.263 -8.859
0.01471 0.00000 9.00000 2.3063571453 2.5796026065    1.283  4.016  3.3871 -0.969    8  0.668  1.337   439.68    -1.00    -1.00    -1.00    -1.00  0 -8.88e-07      0.06 6.648e-01 3.159e-01 5.959e-03 2.300e-03 5.943e-03  8.275 1.935e-02 -5.269 4.626 0.984 -1.679 -3.429 -4.894 -6.944 -8.012 -8.584
0.01471 0.00000 9.00000 2.3063576221 2.5796026211    1.279  3.863  3.4223 -0.677    8  0.668  1.338   439.05    -1.00    -1.00    -1.00    -1.00  0 -3.14e-07      0.02 6.648e-01 3.159e-01 5.965e-03 2.299e-03 5.943e-03  8.276 1.936e-02 -4.887 4.490 1.071 -1.497 -3.168 -4.587 -6.577 -7.653 -8.183
0.01471 0.00000 9.00000 2.3063585758 2.5796026504    1.273  3.793  3.4385 -0.544    8  0.668  1.340   415.04   242.00   146.47   117.65    96.40  0 -2.04e-07      0.01 6.647e-01 3.159e-01 5.974e-03 2.299e-03 5.943e-03  8.279 1.937e-02 -4.711 4.065 0.896 -1.566 -3.129 -4.473 -6.387 -7.481 -7.974
0.01471 0.00000 9.00000 2.3063600063 2.5796026942    1.266  3.838  3.4277 -0.635    8  0.668  1.343   436.70    -1.00    -1.00    -1.00    -1.00  0 -2.43e-07      0.01 6.647e-01 3.159e-01 5.987e-03 2.299e-03 5.943e-03  8.283 1.938e-02 -4.824 4.381 1.022 -1.514 -3.149 -4.544 -6.513 -7.597 -8.117
0.01471 0.00000 9.00000 2.3063619137 2.5796027526    1.255  3.909  3.4104 -0.779    8  0.668  1.347   434.93    -1.00    -1.00    -1.00    -1.00  0 -8.69e-07      0.08 6.646e-01 3.160e-01 6.003e-03 2.299e-03 5.943e-03  8.287 1.940e-02 -5.003 4.833 1.241 -1.402 -3.139 -4.600 -6.653 -7.738 -8.315
0.01471 0.00000 9.00000 2.3063640594 2.5796028183    1.243  3.971  3.3950 -0.907    8  0.669  1.352   432.73    -1.00    -1.00    -1.00    -1.00  0    -2e-06      0.18 6.646e-01 3.160e-01 6.024e-03 2.299e-03 5.943e-03  8.293 1.942e-02 -5.159 5.126 1.384 -1.328 -3.122 -4.616 -6.734 -7.843 -8.476
0.01471 0.00000 9.00000 2.3063666821 2.5796028986    1.228  4.011  3.3848 -0.993    8  0.669  1.357   430.08    -1.00    -1.00    -1.00    -1.00  0 -7.34e-07      0.05 6.645e-01 3.161e-01 6.049e-03 2.299e-03 5.942e-03  8.300 1.945e-02 -5.257 4.620 0.983 -1.678 -3.426 -4.890 -6.937 -8.002 -8.571
0.01471 0.00000 9.00000 2.3063700199 2.5796030008    1.210  4.030  3.3793 -1.040    8  0.670  1.364   426.97    -1.00    -1.00    -1.00    -1.00  0  -8.8e-07      0.06 6.644e-01 3.161e-01 6.079e-03 2.298e-03 5.942e-03  8.309 1.948e-02 -5.304 4.592 0.950 -1.714 -3.463 -4.929 -6.979 -8.047 -8.619
0.01471 0.00000 9.00000 2.3063735962 2.5796031104    1.190  4.036  3.3767 -1.064    8  0.670  1.372   423.40    -1.00    -1.00    -1.00    -1.00  0 -9.11e-07      0.06 6.643e-01 3.162e-01 6.114e-03 2.298e-03 5.942e-03  8.318 1.952e-02 -5.321 4.582 0.938 -1.726 -3.477 -4.943 -6.994 -8.063 -8.636
0.01471 0.00000 9.00000 2.3063778877 2.5796032418    1.167  4.039  3.3751 -1.081    8  0.671  1.381   419.36    -1.00    -1.00    -1.00    -1.00  0 -1.29e-06      0.09 6.641e-01 3.163e-01 6.154e-03 2.297e-03 5.942e-03  8.328 1.956e-02 -5.327 4.682 1.010 -1.667 -3.430 -4.904 -6.973 -8.054 -8.643
0.01471 0.00000 9.00000 2.3063778877 2.5796032418    1.166  4.134  3.3513 -1.272    8  0.671  1.385   419.18    -1.00    -1.00    -1.00    -1.00  0 -2.23e-06      0.14 6.641e-01 3.163e-01 6.172e-03 2.297e-03 5.942e-03  8.333 1.958e-02 -5.565 4.579 0.873 -1.821 -3.599 -5.083 -7.176 -8.271 -8.882
0.01471 0.00000 9.00000 2.3063783646 2.5796032564    1.163  4.025  3.3785 -1.055    8  0.671  1.386   418.63    -1.00    -1.00    -1.00    -1.00  0 -1.07e-06      0.08 6.641e-01 3.164e-01 6.175e-03 2.297e-03 5.942e-03  8.334 1.959e-02 -5.292 4.672 1.012 -1.659 -3.417 -4.888 -6.950 -8.025 -8.608
0.01471 0.00000 9.00000 2.3063788414 2.5796032710    1.158  3.873  3.4163 -0.754    8  0.671  1.387   417.56    -1.00    -1.00    -1.00    -1.00  0  -8.2e-07      0.09 6.640e-01 3.164e-01 6.179e-03 2.297e-03 5.942e-03  8.335 1.959e-02 -4.913 4.893 1.322 -1.313 -3.045 -4.503 -6.555 -7.645 -8.222
0.01471 0.00000 9.00000 2.3063797951 2.5796033002    1.148  3.802  3.4339 -0.617    8  0.671  1.388   415.89    -1.00    -1.00    -1.00    -1.00  0 -4.92e-07      0.05 6.640e-01 3.164e-01 6.187e-03 2.297e-03 5.942e-03  8.337 1.960e-02 -4.736 4.377 1.073 -1.444 -3.055 -4.432 -6.391 -7.491 -8.018
0.01471 0.00000 9.00000 2.3063812256 2.5796033440    1.136  3.847  3.4224 -0.712    8  0.671  1.391   413.58    -1.00    -1.00    -1.00    -1.00  0 -5.92e-07      0.06 6.640e-01 3.164e-01 6.197e-03 2.297e-03 5.942e-03  8.339 1.961e-02 -4.848 4.703 1.228 -1.367 -3.057 -4.488 -6.505 -7.593 -8.148
0.01471 0.00000 9.00000 2.3063828945 2.5796033951    1.119  3.918  3.4043 -0.862    8  0.671  1.394   410.58    -1.00    -1.00    -1.00    -1.00  0 -1.94e-06      0.22 6.639e-01 3.164e-01 6.211e-03 2.297e-03 5.941e-03  8.343 1.962e-02 -5.024 5.325 1.577 -1.141 -2.939 -4.438 -6.571 -7.694 -8.342
0.01471 0.00000 9.00000 2.3063850403 2.5796034609    1.099  3.979  3.3886 -0.993    8  0.672  1.398   406.86    -1.00    -1.00    -1.00    -1.00  0  -3.9e-06      0.47 6.639e-01 3.165e-01 6.228e-03 2.297e-03 5.941e-03  8.347 1.964e-02 -5.177 6.017 2.040 -0.792 -2.687 -4.248 -6.519 -7.723 -8.484
0.01471 0.00000 9.00000 2.3063876629 2.5796035412    1.075  4.018  3.3788 -1.081    8  0.672  1.402   402.42    -1.00    -1.00    -1.00    -1.00  0 -8.02e-07      0.06 6.638e-01 3.165e-01 6.249e-03 2.296e-03 5.941e-03  8.352 1.967e-02 -5.274 4.621 0.979 -1.684 -3.434 -4.899 -6.949 -8.017 -8.588
0.01471 0.00000 9.00000 2.3063905239 2.5796036288    1.048  4.036  3.3744 -1.128    8  0.673  1.408   397.25    -1.00    -1.00    -1.00    -1.00  0 -8.75e-07      0.06 6.637e-01 3.166e-01 6.275e-03 2.296e-03 5.941e-03  8.359 1.969e-02 -5.320 4.585 0.941 -1.724 -3.474 -4.940 -6.992 -8.061 -8.634
0.01471 0.00000 9.00000 2.3063941002 2.5796037383    1.017  4.043  3.3735 -1.151    8  0.673  1.415   391.34    -1.00    -1.00    -1.00    -1.00  0 -7.68e-07      0.05 6.636e-01 3.166e-01 6.304e-03 2.296e-03 5.941e-03  8.366 1.973e-02 -5.336 4.547 0.908 -1.754 -3.502 -4.966 -7.015 -8.081 -8.651
0.01471 0.00000 9.00000 2.3063981533 2.5796038625    0.983  4.045  3.3744 -1.165    8  0.674  1.423   376.21    -1.00    -1.00    -1.00    -1.00  0 -6.82e-06      0.84 6.635e-01 3.167e-01 6.339e-03 2.295e-03 5.941e-03  8.374 1.976e-02 -5.343 6.994 2.723 -0.257 -2.279 -3.924 -6.387 -7.703 -8.606
0.01471 0.00000 9.00000 2.3063981533 2.5796038625    0.982  4.143  3.3486 -1.366    8  0.674  1.425   375.78    -1.00    -1.00    -1.00    -1.00  0 -8.53e-06      0.84 6.635e-01 3.167e-01 6.347e-03 2.295e-03 5.941e-03  8.376 1.977e-02 -5.587 6.768 2.493 -0.490 -2.515 -4.161 -6.627 -7.945 -8.850
0.01471 0.00000 9.00000 2.3063986301 2.5796038771    0.980  4.034  3.3763 -1.148    8  0.674  1.425   374.26    -1.00    -1.00    -1.00    -1.00  0  -6.6e-06      0.83 6.635e-01 3.167e-01 6.348e-03 2.295e-03 5.941e-03  8.376 1.977e-02 -5.316 6.993 2.730 -0.247 -2.266 -3.909 -6.367 -7.681 -8.581
0.01471 0.00000 9.00000 2.3063991070 2.5796038917    0.976  3.884  3.4146 -0.846    8  0.674  1.425   371.27    -1.00    -1.00    -1.00    -1.00  0  -1.5e-06      0.19 6.635e-01 3.167e-01 6.350e-03 2.295e-03 5.941e-03  8.377 1.978e-02 -4.939 5.296 1.581 -1.119 -2.904 -4.395 -6.509 -7.624 -8.255
0.01471 0.00000 9.00000 2.3064000607 2.5796039209    0.969  3.812  3.4320 -0.707    8  0.674  1.426   366.66    -1.00    -1.00    -1.00    -1.00  0 -9.74e-07      0.11 6.635e-01 3.167e-01 6.354e-03 2.295e-03 5.941e-03  8.377 1.978e-02 -4.760 4.730 1.288 -1.287 -2.948 -4.355 -6.368 -7.484 -8.055
0.01471 0.00000 9.00000 2.3064012527 2.5796039574    0.960  3.856  3.4183 -0.810    8  0.674  1.427   360.34    -1.00    -1.00    -1.00    -1.00  0  -1.1e-06      0.13 6.635e-01 3.168e-01 6.358e-03 2.295e-03 5.941e-03  8.378 1.979e-02 -4.870 5.082 1.466 -1.192 -2.941 -4.407 -6.480 -7.581 -8.178
0.01471 0.00000 9.00000 2.3064029217 2.5796040085    0.948  3.925  3.3975 -0.968    8  0.675  1.428   352.26    -1.00    -1.00    -1.00    -1.00  0 -2.92e-06      0.40 6.634e-01 3.168e-01 6.364e-03 2.295e-03 5.941e-03  8.380 1.979e-02 -5.043 5.920 2.003 -0.799 -2.668 -4.212 -6.444 -7.624 -8.353
0.01471 0.00000 9.00000 2.3064048290 2.5796040669    0.933  3.984  3.3792 -1.108    8  0.675  1.430   342.43    -1.00    -1.00    -1.00    -1.00  0 -4.74e-06      0.58 6.634e-01 3.168e-01 6.372e-03 2.295e-03 5.941e-03  8.381 1.980e-02 -5.191 6.333 2.271 -0.603 -2.535 -4.121 -6.448 -7.685 -8.492
0.01471 0.00000 9.00000 2.3064074516 2.5796041472    0.916  4.021  3.3676 -1.199    8  0.675  1.432   330.92    -1.00    -1.00    -1.00    -1.00  0 -5.11e-06      0.57 6.634e-01 3.168e-01 6.381e-03 2.295e-03 5.941e-03  8.384 1.981e-02 -5.283 6.214 2.159 -0.712 -2.640 -4.224 -6.547 -7.781 -8.585
0.01471 0.00000 9.00000 2.3064103127 2.5796042348    0.896  4.038  3.3630 -1.244    8  0.676  1.435   317.84    -1.00    -1.00    -1.00    -1.00  0 -4.89e-06      0.52 6.634e-01 3.168e-01 6.393e-03 2.295e-03 5.941e-03  8.386 1.982e-02 -5.325 6.039 2.018 -0.835 -2.749 -4.323 -6.623 -7.844 -8.629
0.01471 0.00000 9.00000 2.3064136505 2.5796043371    0.873  4.043  3.3642 -1.256    8  0.676  1.438   303.33    -1.00    -1.00    -1.00    -1.00  0 -4.47e-06      0.47 6.633e-01 3.169e-01 6.406e-03 2.295e-03 5.940e-03  8.389 1.984e-02 -5.338 5.869 1.889 -0.945 -2.841 -4.404 -6.677 -7.882 -8.645
0.01471 0.00000 9.00000 2.3064174652 2.5796044539    0.847  4.044  3.3703 -1.245    8  0.677  1.441   287.58    -1.00    -1.00    -1.00    -1.00  0 -3.94e-06      0.42 6.633e-01 3.169e-01 6.422e-03 2.294e-03 5.940e-03  8.393 1.985e-02 -5.341 5.682 1.749 -1.060 -2.936 -4.485 -6.727 -7.913 -8.651
0.01471 0.00000 9.00000 2.3064174652 2.5796044539    0.847  4.145  3.3384 -1.474    8  0.677  1.442   287.27    -1.00    -1.00    -1.00    -1.00  0 -4.96e-06      0.41 6.633e-01 3.169e-01 6.423e-03 2.294e-03 5.940e-03  8.393 1.986e-02 -5.594 5.400 1.475 -1.331 -3.203 -4.750 -6.987 -8.170 -8.904
0.01471 0.00000 9.00000 2.3064177036 2.5796044612    0.845  4.037  3.3720 -1.232    8  0.677  1.442   286.43    -1.00    -1.00    -1.00    -1.00  0 -3.84e-06      0.41 6.633e-01 3.169e-01 6.424e-03 2.294e-03 5.940e-03  8.393 1.986e-02 -5.323 5.684 1.755 -1.052 -2.926 -4.474 -6.713 -7.897 -8.633
0.01471 0.00000 9.00000 2.3064184189 2.5796044831    0.843  3.888  3.4183 -0.899    8  0.677  1.442   284.79    -1.00    -1.00    -1.00    -1.00  0 -8.71e-07      0.10 6.632e-01 3.169e-01 6.424e-03 2.294e-03 5.940e-03  8.393 1.986e-02 -4.950 4.988 1.352 -1.314 -3.066 -4.531 -6.592 -7.675 -8.259
0.01471 0.00000 9.00000 2.3064191341 2.5796045050    0.839  3.815  3.4401 -0.741    8  0.677  1.442   282.25    -1.00    -1.00    -1.00    -1.00  0 -1.38e-06      0.17 6.632e-01 3.169e-01 6.425e-03 2.294e-03 5.940e-03  8.394 1.986e-02 -4.768 4.674 1.286 -1.282 -2.924 -4.314 -6.322 -7.456 -8.040
0.01471 0.00000 9.00000 2.3064203262 2.5796045415    0.833  3.859  3.4252 -0.848    8  0.678  1.443   278.74    -1.00    -1.00    -1.00    -1.00  0 -5.24e-07      0.06 6.632e-01 3.169e-01 6.427e-03 2.294e-03 5.940e-03  8.394 1.986e-02 -4.878 4.736 1.209 -1.405 -3.102 -4.531 -6.546 -7.625 -8.180
0.01471 0.00000 9.00000 2.3064219952 2.5796045926    0.825  3.927  3.4033 -1.007    8  0.678  1.443   274.24    -1.00    -1.00    -1.00    -1.00  0 -1.44e-06      0.16 6.632e-01 3.169e-01 6.429e-03 2.294e-03 5.940e-03  8.394 1.986e-02 -5.047 5.154 1.433 -1.269 -3.053 -4.541 -6.644 -7.745 -8.365
0.01471 0.00000 9.00000 2.3064239025 2.5796046510    0.816  3.985  3.3856 -1.141    8  0.678  1.444   268.71    -1.00    -1.00    -1.00    -1.00  0 -2.46e-06      0.25 6.632e-01 3.169e-01 6.432e-03 2.294e-03 5.940e-03  8.395 1.987e-02 -5.192 5.302 1.506 -1.235 -3.052 -4.561 -6.714 -7.845 -8.510
0.01471 0.00000 9.00000 2.3064262867 2.5796047240    0.805  4.020  3.3770 -1.217    8  0.679  1.444   262.18    -1.00    -1.00    -1.00    -1.00  0 -2.88e-06      0.29 6.632e-01 3.169e-01 6.435e-03 2.294e-03 5.940e-03  8.396 1.987e-02 -5.281 5.331 1.504 -1.252 -3.082 -4.600 -6.773 -7.916 -8.597
0.01471 0.00000 9.00000 2.3064291477 2.5796048117    0.792  4.037  3.3777 -1.237    8  0.679  1.445   254.68    -1.00    -1.00    -1.00    -1.00  0 -9.05e-06      1.22 6.632e-01 3.169e-01 6.438e-03 2.294e-03 5.940e-03  8.397 1.987e-02 -5.321 8.216 3.638 0.500 -1.656 -3.386 -6.048 -7.481 -8.520
0.01471 0.00000 9.00000 2.3064322472 2.5796049066    0.778  4.042  3.3864 -1.215    8  0.680  1.446   246.25    -1.00    -1.00    -1.00    -1.00  0 -8.28e-06      1.07 6.632e-01 3.169e-01 6.443e-03 2.294e-03 5.940e-03  8.397 1.988e-02 -5.334 7.745 3.284 0.207 -1.899 -3.597 -6.183 -7.573 -8.563
0.01471 0.00000 9.00000 2.3064360619 2.5796050234    0.761  4.042  3.4024 -1.161    8  0.680  1.447   236.96    -1.00    -1.00    -1.00    -1.00  0 -6.54e-06      0.84 6.632e-01 3.169e-01 6.448e-03 2.294e-03 5.940e-03  8.399 1.988e-02 -5.336 7.023 2.747 -0.237 -2.261 -3.908 -6.374 -7.693 -8.598
0.01471 0.00000 9.00000 2.3064360619 2.5796050234    0.761  4.146  3.3688 -1.399    8  0.680  1.447   236.87    -1.00    -1.00    -1.00    -1.00  0 -1.17e-05      1.30 6.632e-01 3.169e-01 6.448e-03 2.294e-03 5.940e-03  8.399 1.988e-02 -5.596 8.171 3.535 0.367 -1.815 -3.561 -6.261 -7.715 -8.777
0.01471 0.00000 9.00000 2.3064363003 2.5796050307    0.761  4.039  3.4033 -1.154    8  0.680  1.447   236.53    -1.00    -1.00    -1.00    -1.00  0 -6.05e-06      0.77 6.632e-01 3.169e-01 6.448e-03 2.294e-03 5.940e-03  8.399 1.988e-02 -5.327 6.798 2.582 -0.371 -2.370 -3.999 -6.426 -7.722 -8.600
0.01471 0.00000 9.00000 2.3064370155 2.5796050526    0.759  3.891  3.4499 -0.821    8  0.680  1.447   235.85    -1.00    -1.00    -1.00    -1.00  0 -1.71e-06      0.18 6.632e-01 3.169e-01 6.448e-03 2.294e-03 5.940e-03  8.399 1.988e-02 -4.957 4.374 0.986 -1.564 -3.173 -4.530 -6.513 -7.644 -8.225
0.01471 0.00000 9.00000 2.3064377308 2.5796050745    0.757  3.818  3.4715 -0.662    8  0.681  1.448   234.80    -1.00    -1.00    -1.00    -1.00  0 -7.43e-07      0.07 6.632e-01 3.169e-01 6.449e-03 2.294e-03 5.940e-03  8.399 1.988e-02 -4.774 3.508 0.447 -1.923 -3.364 -4.586 -6.399 -7.478 -7.962
0.01471 0.00000 9.00000 2.3064389229 2.5796051110    0.755  3.861  3.4566 -0.767    8  0.681  1.448   233.34    -1.00    -1.00    -1.00    -1.00  0  -1.4e-06      0.14 6.632e-01 3.170e-01 6.450e-03 2.294e-03 5.940e-03  8.399 1.989e-02 -4.883 4.126 0.834 -1.661 -3.217 -4.533 -6.465 -7.582 -8.133
0.01471 0.00000 9.00000 2.3064403534 2.5796051548    0.751  3.928  3.4360 -0.918    8  0.681  1.448   231.46    -1.00    -1.00    -1.00    -1.00  0 -2.66e-06      0.32 6.632e-01 3.170e-01 6.451e-03 2.294e-03 5.940e-03  8.399 1.989e-02 -5.051 5.124 1.487 -1.196 -2.935 -4.387 -6.502 -7.671 -8.336
0.01471 0.00000 9.00000 2.3064422607 2.5796052132    0.747  3.985  3.4207 -1.039    8  0.681  1.448   229.12    -1.00    -1.00    -1.00    -1.00  0 -3.81e-06      0.47 6.632e-01 3.170e-01 6.452e-03 2.294e-03 5.940e-03  8.400 1.989e-02 -5.193 5.892 1.969 -0.846 -2.722 -4.269 -6.527 -7.735 -8.490
0.01471 0.00000 9.00000 2.3064444065 2.5796052789    0.742  4.020  3.4147 -1.101    8  0.682  1.449   226.33    -1.00    -1.00    -1.00    -1.00  0 -4.55e-06      0.54 6.632e-01 3.170e-01 6.454e-03 2.294e-03 5.940e-03  8.400 1.989e-02 -5.281 6.147 2.110 -0.752 -2.673 -4.252 -6.563 -7.790 -8.584
0.01471 0.00000 9.00000 2.3064470291 2.5796053593    0.736  4.036  3.4174 -1.110    8  0.682  1.449   223.08    -1.00    -1.00    -1.00    -1.00  0 -4.51e-06      0.52 6.631e-01 3.170e-01 6.456e-03 2.294e-03 5.940e-03  8.400 1.989e-02 -5.321 5.976 1.984 -0.860 -2.763 -4.331 -6.621 -7.842 -8.621
0.01471 0.00000 9.00000 2.3064498901 2.5796054469    0.730  4.042  3.4271 -1.080    8  0.683  1.450   219.38    -1.00    -1.00    -1.00    -1.00  0  -3.9e-06      0.42 6.631e-01 3.170e-01 6.458e-03 2.294e-03 5.940e-03  8.401 1.989e-02 -5.335 5.443 1.606 -1.164 -2.989 -4.502 -6.710 -7.908 -8.634
0.01471 0.00000 9.00000 2.3064534664 2.5796055564    0.722  4.043  3.4432 -1.022    8  0.683  1.450   215.22    -1.00    -1.00    -1.00    -1.00  0 -2.79e-06      0.23 6.631e-01 3.170e-01 6.461e-03 2.294e-03 5.940e-03  8.401 1.990e-02 -5.338 4.344 0.859 -1.751 -3.419 -4.819 -6.855 -7.998 -8.612
0.01471 0.00000 9.00000 2.3064670563 2.5796059726    0.685 -9.999  4.0000  1.239    9  0.685  0.000     0.00     0.00     0.00     0.00     0.00 -1    -1e-30      0.00 6.631e-01 3.170e-01 6.466e-03 2.294e-03 5.940e-03  8.403 1.990e-02 29.767 29.721 29.984 30.033 30.021 30.018 30.067 30.065 30.083
#isochrone terminated
