# File generated by CMD 3.7 (http://stev.oapd.inaf.it/cmd) on Thu Apr  6 14:51:34 CEST 2023
# isochrones based on PARSEC release v2.0 
# Basic references: Costa et al. 2019a,2019b for the code, Nguyen et al. 2020 for the tracks.
# Rotating tracks computed with omega_i=0.00, except for lower masses (see paper)
# Thermal pulse cycles included 
# On RGB, assumed Reimers mass loss with efficiency eta=0.2
# LPV periods and growth rates added cf. Trabucchi et al. (2019)
# but fundamental-mode LPV periods are from Trabucchi et al. (2021)
# Photometric system: TESS + 2MASS (Vegamags) + Kepler + SDSS <i>griz</i> + DDO51 (in ABmags)
# Using YBC version of bolometric corrections as in Chen et al. (2019)
# O-rich circumstellar dpmod60alox40 dust from Groenewegen (2006)
# C-rich circumstellar AMCSIC15 dust from Groenewegen (2006)
# IMF: Kroupa (2001, 2002) + Kroupa et al. (2013) canonical two-part-power law IMF corrected for unresolved binaries 
# Kind of output: isochrone tables
# Zini     MH   logAge Mini        int_IMF         Mass   logL    logTe  logg  label   McoreTP C_O  period0  period1  period2  period3  period4  pmode  Mloss  tau1m   X   Y   Xc  Xn  Xo  Cexcess  Z  Teff0 omega angvel vtaneq angmom Rpol Req	 mbolmag  TESS_fSBmag  J_fSBmag  H_fSBmag  Ks_fSBmag  Kepler_fSBmag  g_fSBmag  r_fSBmag  i_fSBmag  z_fSBmag  DDO51_finf_fSBmag TESS_fSB TESS_f0 TESS_fk TESS_i00 TESS_i05 TESS_i10 TESS_i15 TESS_i20 TESS_i25 TESS_i30 TESS_i35 TESS_i40 TESS_i45 TESS_i50 TESS_i55 TESS_i60 TESS_i65 TESS_i70 TESS_i75 TESS_i80 TESS_i85 TESS_i90 J_fSB J_f0 J_fk J_i00 J_i05 J_i10 J_i15 J_i20 J_i25 J_i30 J_i35 J_i40 J_i45 J_i50 J_i55 J_i60 J_i65 J_i70 J_i75 J_i80 J_i85 J_i90 H_fSB H_f0 H_fk H_i00 H_i05 H_i10 H_i15 H_i20 H_i25 H_i30 H_i35 H_i40 H_i45 H_i50 H_i55 H_i60 H_i65 H_i70 H_i75 H_i80 H_i85 H_i90 Ks_fSB Ks_f0 Ks_fk Ks_i00 Ks_i05 Ks_i10 Ks_i15 Ks_i20 Ks_i25 Ks_i30 Ks_i35 Ks_i40 Ks_i45 Ks_i50 Ks_i55 Ks_i60 Ks_i65 Ks_i70 Ks_i75 Ks_i80 Ks_i85 Ks_i90 Kepler_fSB Kepler_f0 Kepler_fk Kepler_i00 Kepler_i05 Kepler_i10 Kepler_i15 Kepler_i20 Kepler_i25 Kepler_i30 Kepler_i35 Kepler_i40 Kepler_i45 Kepler_i50 Kepler_i55 Kepler_i60 Kepler_i65 Kepler_i70 Kepler_i75 Kepler_i80 Kepler_i85 Kepler_i90 g_fSB g_f0 g_fk g_i00 g_i05 g_i10 g_i15 g_i20 g_i25 g_i30 g_i35 g_i40 g_i45 g_i50 g_i55 g_i60 g_i65 g_i70 g_i75 g_i80 g_i85 g_i90 r_fSB r_f0 r_fk r_i00 r_i05 r_i10 r_i15 r_i20 r_i25 r_i30 r_i35 r_i40 r_i45 r_i50 r_i55 r_i60 r_i65 r_i70 r_i75 r_i80 r_i85 r_i90 i_fSB i_f0 i_fk i_i00 i_i05 i_i10 i_i15 i_i20 i_i25 i_i30 i_i35 i_i40 i_i45 i_i50 i_i55 i_i60 i_i65 i_i70 i_i75 i_i80 i_i85 i_i90 z_fSB z_f0 z_fk z_i00 z_i05 z_i10 z_i15 z_i20 z_i25 z_i30 z_i35 z_i40 z_i45 z_i50 z_i55 z_i60 z_i65 z_i70 z_i75 z_i80 z_i85 z_i90 DDO51_finf_fSB DDO51_finf_f0 DDO51_finf_fk DDO51_finf_i00 DDO51_finf_i05 DDO51_finf_i10 DDO51_finf_i15 DDO51_finf_i20 DDO51_finf_i25 DDO51_finf_i30 DDO51_finf_i35 DDO51_finf_i40 DDO51_finf_i45 DDO51_finf_i50 DDO51_finf_i55 DDO51_finf_i60 DDO51_finf_i65 DDO51_finf_i70 DDO51_finf_i75 DDO51_finf_i80 DDO51_finf_i85 DDO51_finf_i90
0.0152 0.01508 9.00000 0.0900000036 1.0816895926    0.090 -3.392  3.3650  5.197    0  0.000  0.545     0.00     0.00     0.00     0.00     0.00 -1  -4.3e-17      0.00 7.091e-01 2.756e-01 2.746e-03 7.408e-04 6.719e-03 -1.000 1.527e-02       2317          0          0          0          0     0.1253     0.1253 13.251 13.615 11.096 10.494 10.229 15.705 19.077 17.359 14.830 13.294 18.978 13.615 13.615 13.615 13.615 13.615 13.615 13.615 13.615 13.615 13.615 13.615 13.615 13.615 13.615 13.615 13.615 13.615 13.615 13.615 13.615 13.615 13.615 11.096 11.096 11.096 11.096 11.096 11.096 11.096 11.096 11.096 11.096 11.096 11.096 11.096 11.096 11.096 11.096 11.096 11.096 11.096 11.096 11.096 11.096 10.494 10.494 10.494 10.494 10.494 10.494 10.494 10.494 10.494 10.494 10.494 10.494 10.494 10.494 10.494 10.494 10.494 10.494 10.494 10.494 10.494 10.494 10.229 10.229 10.229 10.229 10.229 10.229 10.229 10.229 10.229 10.229 10.229 10.229 10.229 10.229 10.229 10.229 10.229 10.229 10.229 10.229 10.229 10.229 15.705 15.705 15.705 15.705 15.705 15.705 15.705 15.705 15.705 15.705 15.705 15.705 15.705 15.705 15.705 15.705 15.705 15.705 15.705 15.705 15.705 15.705 19.077 19.077 19.077 19.077 19.077 19.077 19.077 19.077 19.077 19.077 19.077 19.077 19.077 19.077 19.077 19.077 19.077 19.077 19.077 19.077 19.077 19.077 17.359 17.359 17.359 17.359 17.359 17.359 17.359 17.359 17.359 17.359 17.359 17.359 17.359 17.359 17.359 17.359 17.359 17.359 17.359 17.359 17.359 17.359 14.830 14.830 14.830 14.830 14.830 14.830 14.830 14.830 14.830 14.830 14.830 14.830 14.830 14.830 14.830 14.830 14.830 14.830 14.830 14.830 14.830 14.830 13.294 13.294 13.294 13.294 13.294 13.294 13.294 13.294 13.294 13.294 13.294 13.294 13.294 13.294 13.294 13.294 13.294 13.294 13.294 13.294 13.294 13.294 18.978 18.978 18.978 18.978 18.978 18.978 18.978 18.978 18.978 18.978 18.978 18.978 18.978 18.978 18.978 18.978 18.978 18.978 18.978 18.978 18.978 18.978
0.0152 0.01508 9.00000 0.1000000015 1.1711064122    0.100 -3.226  3.3891  5.172    0  0.000  0.545     0.00     0.00     0.00     0.00     0.00 -1 -6.15e-17      0.00 7.091e-01 2.757e-01 2.746e-03 7.408e-04 6.719e-03 -1.000 1.527e-02       2449          0          0          0          0     0.1358     0.1358 12.835 13.199 10.681 10.080 9.812 15.288 18.645 16.936 14.412 12.879 18.537 13.199 13.199 13.199 13.199 13.199 13.199 13.199 13.199 13.199 13.199 13.199 13.199 13.199 13.199 13.199 13.199 13.199 13.199 13.199 13.199 13.199 13.199 10.681 10.681 10.681 10.681 10.681 10.681 10.681 10.681 10.681 10.681 10.681 10.681 10.681 10.681 10.681 10.681 10.681 10.681 10.681 10.681 10.681 10.681 10.080 10.080 10.080 10.080 10.080 10.080 10.080 10.080 10.080 10.080 10.080 10.080 10.080 10.080 10.080 10.080 10.080 10.080 10.080 10.080 10.080 10.080 9.812 9.812 9.812 9.812 9.812 9.812 9.812 9.812 9.812 9.812 9.812 9.812 9.812 9.812 9.812 9.812 9.812 9.812 9.812 9.812 9.812 9.812 15.288 15.288 15.288 15.288 15.288 15.288 15.288 15.288 15.288 15.288 15.288 15.288 15.288 15.288 15.288 15.288 15.288 15.288 15.288 15.288 15.288 15.288 18.645 18.645 18.645 18.645 18.645 18.645 18.645 18.645 18.645 18.645 18.645 18.645 18.645 18.645 18.645 18.645 18.645 18.645 18.645 18.645 18.645 18.645 16.936 16.936 16.936 16.936 16.936 16.936 16.936 16.936 16.936 16.936 16.936 16.936 16.936 16.936 16.936 16.936 16.936 16.936 16.936 16.936 16.936 16.936 14.412 14.412 14.412 14.412 14.412 14.412 14.412 14.412 14.412 14.412 14.412 14.412 14.412 14.412 14.412 14.412 14.412 14.412 14.412 14.412 14.412 14.412 12.879 12.879 12.879 12.879 12.879 12.879 12.879 12.879 12.879 12.879 12.879 12.879 12.879 12.879 12.879 12.879 12.879 12.879 12.879 12.879 12.879 12.879 18.537 18.537 18.537 18.537 18.537 18.537 18.537 18.537 18.537 18.537 18.537 18.537 18.537 18.537 18.537 18.537 18.537 18.537 18.537 18.537 18.537 18.537
0.0152 0.01508 9.00000 0.1200000122 1.3193155232    0.120 -2.976  3.4228  5.136    0  0.000  0.545     0.00     0.00     0.00     0.00     0.00 -1 -1.04e-16      0.00 7.090e-01 2.757e-01 2.746e-03 7.408e-04 6.719e-03 -1.000 1.527e-02       2647          0          0          0          0     0.1551     0.1551 12.210 12.509 10.077 9.476 9.204 14.521 17.715 16.047 13.636 12.200 17.576 12.509 12.509 12.509 12.509 12.509 12.509 12.509 12.509 12.509 12.509 12.509 12.509 12.509 12.509 12.509 12.509 12.509 12.509 12.509 12.509 12.509 12.509 10.077 10.077 10.077 10.077 10.077 10.077 10.077 10.077 10.077 10.077 10.077 10.077 10.077 10.077 10.077 10.077 10.077 10.077 10.077 10.077 10.077 10.077 9.476 9.476 9.476 9.476 9.476 9.476 9.476 9.476 9.476 9.476 9.476 9.476 9.476 9.476 9.476 9.476 9.476 9.476 9.476 9.476 9.476 9.476 9.204 9.204 9.204 9.204 9.204 9.204 9.204 9.204 9.204 9.204 9.204 9.204 9.204 9.204 9.204 9.204 9.204 9.204 9.204 9.204 9.204 9.204 14.521 14.521 14.521 14.521 14.521 14.521 14.521 14.521 14.521 14.521 14.521 14.521 14.521 14.521 14.521 14.521 14.521 14.521 14.521 14.521 14.521 14.521 17.715 17.715 17.715 17.715 17.715 17.715 17.715 17.715 17.715 17.715 17.715 17.715 17.715 17.715 17.715 17.715 17.715 17.715 17.715 17.715 17.715 17.715 16.047 16.047 16.047 16.047 16.047 16.047 16.047 16.047 16.047 16.047 16.047 16.047 16.047 16.047 16.047 16.047 16.047 16.047 16.047 16.047 16.047 16.047 13.636 13.636 13.636 13.636 13.636 13.636 13.636 13.636 13.636 13.636 13.636 13.636 13.636 13.636 13.636 13.636 13.636 13.636 13.636 13.636 13.636 13.636 12.200 12.200 12.200 12.200 12.200 12.200 12.200 12.200 12.200 12.200 12.200 12.200 12.200 12.200 12.200 12.200 12.200 12.200 12.200 12.200 12.200 12.200 17.576 17.576 17.576 17.576 17.576 17.576 17.576 17.576 17.576 17.576 17.576 17.576 17.576 17.576 17.576 17.576 17.576 17.576 17.576 17.576 17.576 17.576
0.0152 0.01508 9.00000 0.1229623184 1.3385314003    0.123 -2.948  3.4259  5.131    0  0.000  0.545     0.00     0.00     0.00     0.00     0.00 -1  -1.1e-16      0.00 7.090e-01 2.757e-01 2.746e-03 7.408e-04 6.719e-03 -1.000 1.527e-02       2666          0          0          0          0      0.158      0.158 12.140 12.412 10.015 9.415 9.141 14.392 17.524 15.869 13.504 12.108 17.377 12.412 12.412 12.412 12.412 12.412 12.412 12.412 12.412 12.412 12.412 12.412 12.412 12.412 12.412 12.412 12.412 12.412 12.412 12.412 12.412 12.412 12.412 10.015 10.015 10.015 10.015 10.015 10.015 10.015 10.015 10.015 10.015 10.015 10.015 10.015 10.015 10.015 10.015 10.015 10.015 10.015 10.015 10.015 10.015 9.415 9.415 9.415 9.415 9.415 9.415 9.415 9.415 9.415 9.415 9.415 9.415 9.415 9.415 9.415 9.415 9.415 9.415 9.415 9.415 9.415 9.415 9.141 9.141 9.141 9.141 9.141 9.141 9.141 9.141 9.141 9.141 9.141 9.141 9.141 9.141 9.141 9.141 9.141 9.141 9.141 9.141 9.141 9.141 14.392 14.392 14.392 14.392 14.392 14.392 14.392 14.392 14.392 14.392 14.392 14.392 14.392 14.392 14.392 14.392 14.392 14.392 14.392 14.392 14.392 14.392 17.524 17.524 17.524 17.524 17.524 17.524 17.524 17.524 17.524 17.524 17.524 17.524 17.524 17.524 17.524 17.524 17.524 17.524 17.524 17.524 17.524 17.524 15.869 15.869 15.869 15.869 15.869 15.869 15.869 15.869 15.869 15.869 15.869 15.869 15.869 15.869 15.869 15.869 15.869 15.869 15.869 15.869 15.869 15.869 13.504 13.504 13.504 13.504 13.504 13.504 13.504 13.504 13.504 13.504 13.504 13.504 13.504 13.504 13.504 13.504 13.504 13.504 13.504 13.504 13.504 13.504 12.108 12.108 12.108 12.108 12.108 12.108 12.108 12.108 12.108 12.108 12.108 12.108 12.108 12.108 12.108 12.108 12.108 12.108 12.108 12.108 12.108 12.108 17.377 17.377 17.377 17.377 17.377 17.377 17.377 17.377 17.377 17.377 17.377 17.377 17.377 17.377 17.377 17.377 17.377 17.377 17.377 17.377 17.377 17.377
0.0152 0.01508 9.00000 0.1300257444 1.3820177408    0.130 -2.882  3.4332  5.119    0  0.000  0.545     0.00     0.00     0.00     0.00     0.00 -1 -1.26e-16      0.00 7.090e-01 2.757e-01 2.746e-03 7.408e-04 6.719e-03 -1.000 1.527e-02       2712          0          0          0          0     0.1649     0.1649 11.975 12.186 9.868 9.267 8.993 14.100 17.097 15.474 13.206 11.894 16.934 12.186 12.186 12.186 12.186 12.186 12.186 12.186 12.186 12.186 12.186 12.186 12.186 12.186 12.186 12.186 12.186 12.186 12.186 12.186 12.186 12.186 12.186 9.868 9.868 9.868 9.868 9.868 9.868 9.868 9.868 9.868 9.868 9.868 9.868 9.868 9.868 9.868 9.868 9.868 9.868 9.868 9.868 9.868 9.868 9.267 9.267 9.267 9.267 9.267 9.267 9.267 9.267 9.267 9.267 9.267 9.267 9.267 9.267 9.267 9.267 9.267 9.267 9.267 9.267 9.267 9.267 8.993 8.993 8.993 8.993 8.993 8.993 8.993 8.993 8.993 8.993 8.993 8.993 8.993 8.993 8.993 8.993 8.993 8.993 8.993 8.993 8.993 8.993 14.100 14.100 14.100 14.100 14.100 14.100 14.100 14.100 14.100 14.100 14.100 14.100 14.100 14.100 14.100 14.100 14.100 14.100 14.100 14.100 14.100 14.100 17.097 17.097 17.097 17.097 17.097 17.097 17.097 17.097 17.097 17.097 17.097 17.097 17.097 17.097 17.097 17.097 17.097 17.097 17.097 17.097 17.097 17.097 15.474 15.474 15.474 15.474 15.474 15.474 15.474 15.474 15.474 15.474 15.474 15.474 15.474 15.474 15.474 15.474 15.474 15.474 15.474 15.474 15.474 15.474 13.206 13.206 13.206 13.206 13.206 13.206 13.206 13.206 13.206 13.206 13.206 13.206 13.206 13.206 13.206 13.206 13.206 13.206 13.206 13.206 13.206 13.206 11.894 11.894 11.894 11.894 11.894 11.894 11.894 11.894 11.894 11.894 11.894 11.894 11.894 11.894 11.894 11.894 11.894 11.894 11.894 11.894 11.894 11.894 16.934 16.934 16.934 16.934 16.934 16.934 16.934 16.934 16.934 16.934 16.934 16.934 16.934 16.934 16.934 16.934 16.934 16.934 16.934 16.934 16.934 16.934
0.0152 0.01508 9.00000 0.1376606971 1.4256961604    0.138 -2.814  3.4407  5.106    0  0.000  0.545     0.00     0.00     0.00     0.00     0.00 -1 -1.46e-16      0.00 7.089e-01 2.758e-01 2.746e-03 7.408e-04 6.719e-03 -1.000 1.527e-02       2759          0          0          0          0     0.1721     0.1721 11.805 11.960 9.716 9.115 8.841 13.813 16.686 15.095 12.917 11.679 16.515 11.960 11.960 11.960 11.960 11.960 11.960 11.960 11.960 11.960 11.960 11.960 11.960 11.960 11.960 11.960 11.960 11.960 11.960 11.960 11.960 11.960 11.960 9.716 9.716 9.716 9.716 9.716 9.716 9.716 9.716 9.716 9.716 9.716 9.716 9.716 9.716 9.716 9.716 9.716 9.716 9.716 9.716 9.716 9.716 9.115 9.115 9.115 9.115 9.115 9.115 9.115 9.115 9.115 9.115 9.115 9.115 9.115 9.115 9.115 9.115 9.115 9.115 9.115 9.115 9.115 9.115 8.841 8.841 8.841 8.841 8.841 8.841 8.841 8.841 8.841 8.841 8.841 8.841 8.841 8.841 8.841 8.841 8.841 8.841 8.841 8.841 8.841 8.841 13.813 13.813 13.813 13.813 13.813 13.813 13.813 13.813 13.813 13.813 13.813 13.813 13.813 13.813 13.813 13.813 13.813 13.813 13.813 13.813 13.813 13.813 16.686 16.686 16.686 16.686 16.686 16.686 16.686 16.686 16.686 16.686 16.686 16.686 16.686 16.686 16.686 16.686 16.686 16.686 16.686 16.686 16.686 16.686 15.095 15.095 15.095 15.095 15.095 15.095 15.095 15.095 15.095 15.095 15.095 15.095 15.095 15.095 15.095 15.095 15.095 15.095 15.095 15.095 15.095 15.095 12.917 12.917 12.917 12.917 12.917 12.917 12.917 12.917 12.917 12.917 12.917 12.917 12.917 12.917 12.917 12.917 12.917 12.917 12.917 12.917 12.917 12.917 11.679 11.679 11.679 11.679 11.679 11.679 11.679 11.679 11.679 11.679 11.679 11.679 11.679 11.679 11.679 11.679 11.679 11.679 11.679 11.679 11.679 11.679 16.515 16.515 16.515 16.515 16.515 16.515 16.515 16.515 16.515 16.515 16.515 16.515 16.515 16.515 16.515 16.515 16.515 16.515 16.515 16.515 16.515 16.515
0.0152 0.01508 9.00000 0.1400000006 1.4384526719    0.140 -2.794  3.4430  5.102    0  0.000  0.545     0.00     0.00     0.00     0.00     0.00 -1 -1.52e-16      0.00 7.089e-01 2.758e-01 2.746e-03 7.408e-04 6.719e-03 -1.000 1.527e-02       2773          0          0          0          0     0.1742     0.1742 11.755 11.894 9.671 9.070 8.796 13.730 16.567 14.985 12.834 11.616 16.394 11.894 11.894 11.894 11.894 11.894 11.894 11.894 11.894 11.894 11.894 11.894 11.894 11.894 11.894 11.894 11.894 11.894 11.894 11.894 11.894 11.894 11.894 9.671 9.671 9.671 9.671 9.671 9.671 9.671 9.671 9.671 9.671 9.671 9.671 9.671 9.671 9.671 9.671 9.671 9.671 9.671 9.671 9.671 9.671 9.070 9.070 9.070 9.070 9.070 9.070 9.070 9.070 9.070 9.070 9.070 9.070 9.070 9.070 9.070 9.070 9.070 9.070 9.070 9.070 9.070 9.070 8.796 8.796 8.796 8.796 8.796 8.796 8.796 8.796 8.796 8.796 8.796 8.796 8.796 8.796 8.796 8.796 8.796 8.796 8.796 8.796 8.796 8.796 13.730 13.730 13.730 13.730 13.730 13.730 13.730 13.730 13.730 13.730 13.730 13.730 13.730 13.730 13.730 13.730 13.730 13.730 13.730 13.730 13.730 13.730 16.567 16.567 16.567 16.567 16.567 16.567 16.567 16.567 16.567 16.567 16.567 16.567 16.567 16.567 16.567 16.567 16.567 16.567 16.567 16.567 16.567 16.567 14.985 14.985 14.985 14.985 14.985 14.985 14.985 14.985 14.985 14.985 14.985 14.985 14.985 14.985 14.985 14.985 14.985 14.985 14.985 14.985 14.985 14.985 12.834 12.834 12.834 12.834 12.834 12.834 12.834 12.834 12.834 12.834 12.834 12.834 12.834 12.834 12.834 12.834 12.834 12.834 12.834 12.834 12.834 12.834 11.616 11.616 11.616 11.616 11.616 11.616 11.616 11.616 11.616 11.616 11.616 11.616 11.616 11.616 11.616 11.616 11.616 11.616 11.616 11.616 11.616 11.616 16.394 16.394 16.394 16.394 16.394 16.394 16.394 16.394 16.394 16.394 16.394 16.394 16.394 16.394 16.394 16.394 16.394 16.394 16.394 16.394 16.394 16.394
0.0152 0.01508 9.00000 0.1493837237 1.4869687019    0.149 -2.726  3.4495  5.088    0  0.000  0.545     0.00     0.00     0.00     0.00     0.00 -1 -1.75e-16      0.00 7.089e-01 2.758e-01 2.746e-03 7.408e-04 6.719e-03 -1.000 1.527e-02       2815          0          0          0          0     0.1831     0.1831 11.585 11.674 9.515 8.915 8.642 13.457 16.185 14.628 12.561 11.407 16.004 11.674 11.674 11.674 11.674 11.674 11.674 11.674 11.674 11.674 11.674 11.674 11.674 11.674 11.674 11.674 11.674 11.674 11.674 11.674 11.674 11.674 11.674 9.515 9.515 9.515 9.515 9.515 9.515 9.515 9.515 9.515 9.515 9.515 9.515 9.515 9.515 9.515 9.515 9.515 9.515 9.515 9.515 9.515 9.515 8.915 8.915 8.915 8.915 8.915 8.915 8.915 8.915 8.915 8.915 8.915 8.915 8.915 8.915 8.915 8.915 8.915 8.915 8.915 8.915 8.915 8.915 8.642 8.642 8.642 8.642 8.642 8.642 8.642 8.642 8.642 8.642 8.642 8.642 8.642 8.642 8.642 8.642 8.642 8.642 8.642 8.642 8.642 8.642 13.457 13.457 13.457 13.457 13.457 13.457 13.457 13.457 13.457 13.457 13.457 13.457 13.457 13.457 13.457 13.457 13.457 13.457 13.457 13.457 13.457 13.457 16.185 16.185 16.185 16.185 16.185 16.185 16.185 16.185 16.185 16.185 16.185 16.185 16.185 16.185 16.185 16.185 16.185 16.185 16.185 16.185 16.185 16.185 14.628 14.628 14.628 14.628 14.628 14.628 14.628 14.628 14.628 14.628 14.628 14.628 14.628 14.628 14.628 14.628 14.628 14.628 14.628 14.628 14.628 14.628 12.561 12.561 12.561 12.561 12.561 12.561 12.561 12.561 12.561 12.561 12.561 12.561 12.561 12.561 12.561 12.561 12.561 12.561 12.561 12.561 12.561 12.561 11.407 11.407 11.407 11.407 11.407 11.407 11.407 11.407 11.407 11.407 11.407 11.407 11.407 11.407 11.407 11.407 11.407 11.407 11.407 11.407 11.407 11.407 16.004 16.004 16.004 16.004 16.004 16.004 16.004 16.004 16.004 16.004 16.004 16.004 16.004 16.004 16.004 16.004 16.004 16.004 16.004 16.004 16.004 16.004
0.0152 0.01508 9.00000 0.1599999964 1.5372931554    0.160 -2.653  3.4565  5.073    1  0.000  0.545     0.00     0.00     0.00     0.00     0.00 -1 -2.03e-16      0.00 7.088e-01 2.759e-01 2.746e-03 7.408e-04 6.719e-03 -1.000 1.527e-02       2860          0          0          0          0     0.1924     0.1924 11.404 11.444 9.352 8.752 8.480 13.171 15.790 14.246 12.280 11.191 15.599 11.444 11.444 11.444 11.444 11.444 11.444 11.444 11.444 11.444 11.444 11.444 11.444 11.444 11.444 11.444 11.444 11.444 11.444 11.444 11.444 11.444 11.444 9.352 9.352 9.352 9.352 9.352 9.352 9.352 9.352 9.352 9.352 9.352 9.352 9.352 9.352 9.352 9.352 9.352 9.352 9.352 9.352 9.352 9.352 8.752 8.752 8.752 8.752 8.752 8.752 8.752 8.752 8.752 8.752 8.752 8.752 8.752 8.752 8.752 8.752 8.752 8.752 8.752 8.752 8.752 8.752 8.480 8.480 8.480 8.480 8.480 8.480 8.480 8.480 8.480 8.480 8.480 8.480 8.480 8.480 8.480 8.480 8.480 8.480 8.480 8.480 8.480 8.480 13.171 13.171 13.171 13.171 13.171 13.171 13.171 13.171 13.171 13.171 13.171 13.171 13.171 13.171 13.171 13.171 13.171 13.171 13.171 13.171 13.171 13.171 15.790 15.790 15.790 15.790 15.790 15.790 15.790 15.790 15.790 15.790 15.790 15.790 15.790 15.790 15.790 15.790 15.790 15.790 15.790 15.790 15.790 15.790 14.246 14.246 14.246 14.246 14.246 14.246 14.246 14.246 14.246 14.246 14.246 14.246 14.246 14.246 14.246 14.246 14.246 14.246 14.246 14.246 14.246 14.246 12.280 12.280 12.280 12.280 12.280 12.280 12.280 12.280 12.280 12.280 12.280 12.280 12.280 12.280 12.280 12.280 12.280 12.280 12.280 12.280 12.280 12.280 11.191 11.191 11.191 11.191 11.191 11.191 11.191 11.191 11.191 11.191 11.191 11.191 11.191 11.191 11.191 11.191 11.191 11.191 11.191 11.191 11.191 11.191 15.599 15.599 15.599 15.599 15.599 15.599 15.599 15.599 15.599 15.599 15.599 15.599 15.599 15.599 15.599 15.599 15.599 15.599 15.599 15.599 15.599 15.599
0.0152 0.01508 9.00000 0.1783183813 1.6146676795    0.178 -2.549  3.4656  5.052    1  0.000  0.545     0.00     0.00     0.00     0.00     0.00 -1 -2.51e-16      0.00 7.088e-01 2.759e-01 2.746e-03 7.408e-04 6.719e-03 -1.000 1.527e-02       2921          0          0          0          0     0.2089     0.2089 11.142 11.121 9.114 8.513 8.244 12.778 15.258 13.735 11.898 10.886 15.056 11.121 11.121 11.121 11.121 11.121 11.121 11.121 11.121 11.121 11.121 11.121 11.121 11.121 11.121 11.121 11.121 11.121 11.121 11.121 11.121 11.121 11.121 9.114 9.114 9.114 9.114 9.114 9.114 9.114 9.114 9.114 9.114 9.114 9.114 9.114 9.114 9.114 9.114 9.114 9.114 9.114 9.114 9.114 9.114 8.513 8.513 8.513 8.513 8.513 8.513 8.513 8.513 8.513 8.513 8.513 8.513 8.513 8.513 8.513 8.513 8.513 8.513 8.513 8.513 8.513 8.513 8.244 8.244 8.244 8.244 8.244 8.244 8.244 8.244 8.244 8.244 8.244 8.244 8.244 8.244 8.244 8.244 8.244 8.244 8.244 8.244 8.244 8.244 12.778 12.778 12.778 12.778 12.778 12.778 12.778 12.778 12.778 12.778 12.778 12.778 12.778 12.778 12.778 12.778 12.778 12.778 12.778 12.778 12.778 12.778 15.258 15.258 15.258 15.258 15.258 15.258 15.258 15.258 15.258 15.258 15.258 15.258 15.258 15.258 15.258 15.258 15.258 15.258 15.258 15.258 15.258 15.258 13.735 13.735 13.735 13.735 13.735 13.735 13.735 13.735 13.735 13.735 13.735 13.735 13.735 13.735 13.735 13.735 13.735 13.735 13.735 13.735 13.735 13.735 11.898 11.898 11.898 11.898 11.898 11.898 11.898 11.898 11.898 11.898 11.898 11.898 11.898 11.898 11.898 11.898 11.898 11.898 11.898 11.898 11.898 11.898 10.886 10.886 10.886 10.886 10.886 10.886 10.886 10.886 10.886 10.886 10.886 10.886 10.886 10.886 10.886 10.886 10.886 10.886 10.886 10.886 10.886 10.886 15.056 15.056 15.056 15.056 15.056 15.056 15.056 15.056 15.056 15.056 15.056 15.056 15.056 15.056 15.056 15.056 15.056 15.056 15.056 15.056 15.056 15.056
0.0152 0.01508 9.00000 0.2000000030 1.6938790862    0.200 -2.438  3.4752  5.030    1  0.000  0.545     0.00     0.00     0.00     0.00     0.00 -1 -3.14e-16      0.00 7.087e-01 2.760e-01 2.746e-03 7.408e-04 6.719e-03 -1.000 1.527e-02       2986          0          0          0          0     0.2262     0.2262 10.866 10.784 8.860 8.259 7.994 12.375 14.721 13.221 11.508 10.570 14.514 10.784 10.784 10.784 10.784 10.784 10.784 10.784 10.784 10.784 10.784 10.784 10.784 10.784 10.784 10.784 10.784 10.784 10.784 10.784 10.784 10.784 10.784 8.860 8.860 8.860 8.860 8.860 8.860 8.860 8.860 8.860 8.860 8.860 8.860 8.860 8.860 8.860 8.860 8.860 8.860 8.860 8.860 8.860 8.860 8.259 8.259 8.259 8.259 8.259 8.259 8.259 8.259 8.259 8.259 8.259 8.259 8.259 8.259 8.259 8.259 8.259 8.259 8.259 8.259 8.259 8.259 7.994 7.994 7.994 7.994 7.994 7.994 7.994 7.994 7.994 7.994 7.994 7.994 7.994 7.994 7.994 7.994 7.994 7.994 7.994 7.994 7.994 7.994 12.375 12.375 12.375 12.375 12.375 12.375 12.375 12.375 12.375 12.375 12.375 12.375 12.375 12.375 12.375 12.375 12.375 12.375 12.375 12.375 12.375 12.375 14.721 14.721 14.721 14.721 14.721 14.721 14.721 14.721 14.721 14.721 14.721 14.721 14.721 14.721 14.721 14.721 14.721 14.721 14.721 14.721 14.721 14.721 13.221 13.221 13.221 13.221 13.221 13.221 13.221 13.221 13.221 13.221 13.221 13.221 13.221 13.221 13.221 13.221 13.221 13.221 13.221 13.221 13.221 13.221 11.508 11.508 11.508 11.508 11.508 11.508 11.508 11.508 11.508 11.508 11.508 11.508 11.508 11.508 11.508 11.508 11.508 11.508 11.508 11.508 11.508 11.508 10.570 10.570 10.570 10.570 10.570 10.570 10.570 10.570 10.570 10.570 10.570 10.570 10.570 10.570 10.570 10.570 10.570 10.570 10.570 10.570 10.570 10.570 14.514 14.514 14.514 14.514 14.514 14.514 14.514 14.514 14.514 14.514 14.514 14.514 14.514 14.514 14.514 14.514 14.514 14.514 14.514 14.514 14.514 14.514
0.0152 0.01508 9.00000 0.2500000000 1.8403257998    0.250 -2.236  3.4916  4.991    1  0.000  0.545     0.00     0.00     0.00     0.00     0.00 -1 -4.67e-16      0.00 7.087e-01 2.761e-01 2.746e-03 7.408e-04 6.719e-03 -1.000 1.527e-02       3102          0          0          0          0     0.2646     0.2646 10.361 10.185 8.397 7.795 7.539 11.663 13.801 12.317 10.828 10.010 13.574 10.185 10.185 10.185 10.185 10.185 10.185 10.185 10.185 10.185 10.185 10.185 10.185 10.185 10.185 10.185 10.185 10.185 10.185 10.185 10.185 10.185 10.185 8.397 8.397 8.397 8.397 8.397 8.397 8.397 8.397 8.397 8.397 8.397 8.397 8.397 8.397 8.397 8.397 8.397 8.397 8.397 8.397 8.397 8.397 7.795 7.795 7.795 7.795 7.795 7.795 7.795 7.795 7.795 7.795 7.795 7.795 7.795 7.795 7.795 7.795 7.795 7.795 7.795 7.795 7.795 7.795 7.539 7.539 7.539 7.539 7.539 7.539 7.539 7.539 7.539 7.539 7.539 7.539 7.539 7.539 7.539 7.539 7.539 7.539 7.539 7.539 7.539 7.539 11.663 11.663 11.663 11.663 11.663 11.663 11.663 11.663 11.663 11.663 11.663 11.663 11.663 11.663 11.663 11.663 11.663 11.663 11.663 11.663 11.663 11.663 13.801 13.801 13.801 13.801 13.801 13.801 13.801 13.801 13.801 13.801 13.801 13.801 13.801 13.801 13.801 13.801 13.801 13.801 13.801 13.801 13.801 13.801 12.317 12.317 12.317 12.317 12.317 12.317 12.317 12.317 12.317 12.317 12.317 12.317 12.317 12.317 12.317 12.317 12.317 12.317 12.317 12.317 12.317 12.317 10.828 10.828 10.828 10.828 10.828 10.828 10.828 10.828 10.828 10.828 10.828 10.828 10.828 10.828 10.828 10.828 10.828 10.828 10.828 10.828 10.828 10.828 10.010 10.010 10.010 10.010 10.010 10.010 10.010 10.010 10.010 10.010 10.010 10.010 10.010 10.010 10.010 10.010 10.010 10.010 10.010 10.010 10.010 10.010 13.574 13.574 13.574 13.574 13.574 13.574 13.574 13.574 13.574 13.574 13.574 13.574 13.574 13.574 13.574 13.574 13.574 13.574 13.574 13.574 13.574 13.574
0.0152 0.01508 9.00000 0.3135805130 1.9793373055    0.314 -2.035  3.5051  4.941    0  0.000  0.545     0.00     0.00     0.00     0.00     0.00 -1 -7.02e-16      0.00 7.089e-01 2.759e-01 2.746e-03 7.408e-04 6.719e-03 -1.000 1.527e-02       3199          0          0          0          0     0.3145     0.3145 9.856 9.619 7.924 7.319 7.071 11.022 13.013 11.564 10.216 9.472 12.788 9.619 9.619 9.619 9.619 9.619 9.619 9.619 9.619 9.619 9.619 9.619 9.619 9.619 9.619 9.619 9.619 9.619 9.619 9.619 9.619 9.619 9.619 7.924 7.924 7.924 7.924 7.924 7.924 7.924 7.924 7.924 7.924 7.924 7.924 7.924 7.924 7.924 7.924 7.924 7.924 7.924 7.924 7.924 7.924 7.319 7.319 7.319 7.319 7.319 7.319 7.319 7.319 7.319 7.319 7.319 7.319 7.319 7.319 7.319 7.319 7.319 7.319 7.319 7.319 7.319 7.319 7.071 7.071 7.071 7.071 7.071 7.071 7.071 7.071 7.071 7.071 7.071 7.071 7.071 7.071 7.071 7.071 7.071 7.071 7.071 7.071 7.071 7.071 11.022 11.022 11.022 11.022 11.022 11.022 11.022 11.022 11.022 11.022 11.022 11.022 11.022 11.022 11.022 11.022 11.022 11.022 11.022 11.022 11.022 11.022 13.013 13.013 13.013 13.013 13.013 13.013 13.013 13.013 13.013 13.013 13.013 13.013 13.013 13.013 13.013 13.013 13.013 13.013 13.013 13.013 13.013 13.013 11.564 11.564 11.564 11.564 11.564 11.564 11.564 11.564 11.564 11.564 11.564 11.564 11.564 11.564 11.564 11.564 11.564 11.564 11.564 11.564 11.564 11.564 10.216 10.216 10.216 10.216 10.216 10.216 10.216 10.216 10.216 10.216 10.216 10.216 10.216 10.216 10.216 10.216 10.216 10.216 10.216 10.216 10.216 10.216 9.472 9.472 9.472 9.472 9.472 9.472 9.472 9.472 9.472 9.472 9.472 9.472 9.472 9.472 9.472 9.472 9.472 9.472 9.472 9.472 9.472 9.472 12.788 12.788 12.788 12.788 12.788 12.788 12.788 12.788 12.788 12.788 12.788 12.788 12.788 12.788 12.788 12.788 12.788 12.788 12.788 12.788 12.788 12.788
0.0152 0.01508 9.00000 0.3173054159 1.9863258241    0.317 -2.022  3.5057  4.937    0  0.000  0.545     0.00     0.00     0.00     0.00     0.00 -1 -7.22e-16      0.00 7.089e-01 2.758e-01 2.746e-03 7.408e-04 6.719e-03 -1.000 1.527e-02       3204          0          0          0          0     0.3181     0.3181 9.826 9.585 7.895 7.289 7.043 10.985 12.969 11.522 10.181 9.440 12.744 9.585 9.585 9.585 9.585 9.585 9.585 9.585 9.585 9.585 9.585 9.585 9.585 9.585 9.585 9.585 9.585 9.585 9.585 9.585 9.585 9.585 9.585 7.895 7.895 7.895 7.895 7.895 7.895 7.895 7.895 7.895 7.895 7.895 7.895 7.895 7.895 7.895 7.895 7.895 7.895 7.895 7.895 7.895 7.895 7.289 7.289 7.289 7.289 7.289 7.289 7.289 7.289 7.289 7.289 7.289 7.289 7.289 7.289 7.289 7.289 7.289 7.289 7.289 7.289 7.289 7.289 7.043 7.043 7.043 7.043 7.043 7.043 7.043 7.043 7.043 7.043 7.043 7.043 7.043 7.043 7.043 7.043 7.043 7.043 7.043 7.043 7.043 7.043 10.985 10.985 10.985 10.985 10.985 10.985 10.985 10.985 10.985 10.985 10.985 10.985 10.985 10.985 10.985 10.985 10.985 10.985 10.985 10.985 10.985 10.985 12.969 12.969 12.969 12.969 12.969 12.969 12.969 12.969 12.969 12.969 12.969 12.969 12.969 12.969 12.969 12.969 12.969 12.969 12.969 12.969 12.969 12.969 11.522 11.522 11.522 11.522 11.522 11.522 11.522 11.522 11.522 11.522 11.522 11.522 11.522 11.522 11.522 11.522 11.522 11.522 11.522 11.522 11.522 11.522 10.181 10.181 10.181 10.181 10.181 10.181 10.181 10.181 10.181 10.181 10.181 10.181 10.181 10.181 10.181 10.181 10.181 10.181 10.181 10.181 10.181 10.181 9.440 9.440 9.440 9.440 9.440 9.440 9.440 9.440 9.440 9.440 9.440 9.440 9.440 9.440 9.440 9.440 9.440 9.440 9.440 9.440 9.440 9.440 12.744 12.744 12.744 12.744 12.744 12.744 12.744 12.744 12.744 12.744 12.744 12.744 12.744 12.744 12.744 12.744 12.744 12.744 12.744 12.744 12.744 12.744
0.0152 0.01508 9.00000 0.3194212317 1.9902481172    0.319 -2.016  3.5061  4.934    0  0.000  0.545     0.00     0.00     0.00     0.00     0.00 -1 -7.33e-16      0.00 7.089e-01 2.758e-01 2.746e-03 7.408e-04 6.719e-03 -1.000 1.527e-02       3207          0          0          0          0       0.32       0.32 9.809 9.567 7.879 7.273 7.027 10.964 12.944 11.498 10.161 9.423 12.719 9.567 9.567 9.567 9.567 9.567 9.567 9.567 9.567 9.567 9.567 9.567 9.567 9.567 9.567 9.567 9.567 9.567 9.567 9.567 9.567 9.567 9.567 7.879 7.879 7.879 7.879 7.879 7.879 7.879 7.879 7.879 7.879 7.879 7.879 7.879 7.879 7.879 7.879 7.879 7.879 7.879 7.879 7.879 7.879 7.273 7.273 7.273 7.273 7.273 7.273 7.273 7.273 7.273 7.273 7.273 7.273 7.273 7.273 7.273 7.273 7.273 7.273 7.273 7.273 7.273 7.273 7.027 7.027 7.027 7.027 7.027 7.027 7.027 7.027 7.027 7.027 7.027 7.027 7.027 7.027 7.027 7.027 7.027 7.027 7.027 7.027 7.027 7.027 10.964 10.964 10.964 10.964 10.964 10.964 10.964 10.964 10.964 10.964 10.964 10.964 10.964 10.964 10.964 10.964 10.964 10.964 10.964 10.964 10.964 10.964 12.944 12.944 12.944 12.944 12.944 12.944 12.944 12.944 12.944 12.944 12.944 12.944 12.944 12.944 12.944 12.944 12.944 12.944 12.944 12.944 12.944 12.944 11.498 11.498 11.498 11.498 11.498 11.498 11.498 11.498 11.498 11.498 11.498 11.498 11.498 11.498 11.498 11.498 11.498 11.498 11.498 11.498 11.498 11.498 10.161 10.161 10.161 10.161 10.161 10.161 10.161 10.161 10.161 10.161 10.161 10.161 10.161 10.161 10.161 10.161 10.161 10.161 10.161 10.161 10.161 10.161 9.423 9.423 9.423 9.423 9.423 9.423 9.423 9.423 9.423 9.423 9.423 9.423 9.423 9.423 9.423 9.423 9.423 9.423 9.423 9.423 9.423 9.423 12.719 12.719 12.719 12.719 12.719 12.719 12.719 12.719 12.719 12.719 12.719 12.719 12.719 12.719 12.719 12.719 12.719 12.719 12.719 12.719 12.719 12.719
0.0152 0.01508 9.00000 0.3217674792 1.9945582813    0.322 -2.008  3.5066  4.932    0  0.000  0.545     0.00     0.00     0.00     0.00     0.00 -1 -7.44e-16      0.00 7.090e-01 2.758e-01 2.746e-03 7.408e-04 6.719e-03 -1.000 1.527e-02       3210          0          0          0          0     0.3221     0.3221 9.790 9.546 7.862 7.256 7.009 10.942 12.917 11.472 10.139 9.403 12.692 9.546 9.546 9.546 9.546 9.546 9.546 9.546 9.546 9.546 9.546 9.546 9.546 9.546 9.546 9.546 9.546 9.546 9.546 9.546 9.546 9.546 9.546 7.862 7.862 7.862 7.862 7.862 7.862 7.862 7.862 7.862 7.862 7.862 7.862 7.862 7.862 7.862 7.862 7.862 7.862 7.862 7.862 7.862 7.862 7.256 7.256 7.256 7.256 7.256 7.256 7.256 7.256 7.256 7.256 7.256 7.256 7.256 7.256 7.256 7.256 7.256 7.256 7.256 7.256 7.256 7.256 7.009 7.009 7.009 7.009 7.009 7.009 7.009 7.009 7.009 7.009 7.009 7.009 7.009 7.009 7.009 7.009 7.009 7.009 7.009 7.009 7.009 7.009 10.942 10.942 10.942 10.942 10.942 10.942 10.942 10.942 10.942 10.942 10.942 10.942 10.942 10.942 10.942 10.942 10.942 10.942 10.942 10.942 10.942 10.942 12.917 12.917 12.917 12.917 12.917 12.917 12.917 12.917 12.917 12.917 12.917 12.917 12.917 12.917 12.917 12.917 12.917 12.917 12.917 12.917 12.917 12.917 11.472 11.472 11.472 11.472 11.472 11.472 11.472 11.472 11.472 11.472 11.472 11.472 11.472 11.472 11.472 11.472 11.472 11.472 11.472 11.472 11.472 11.472 10.139 10.139 10.139 10.139 10.139 10.139 10.139 10.139 10.139 10.139 10.139 10.139 10.139 10.139 10.139 10.139 10.139 10.139 10.139 10.139 10.139 10.139 9.403 9.403 9.403 9.403 9.403 9.403 9.403 9.403 9.403 9.403 9.403 9.403 9.403 9.403 9.403 9.403 9.403 9.403 9.403 9.403 9.403 9.403 12.692 12.692 12.692 12.692 12.692 12.692 12.692 12.692 12.692 12.692 12.692 12.692 12.692 12.692 12.692 12.692 12.692 12.692 12.692 12.692 12.692 12.692
0.0152 0.01508 9.00000 0.3244083524 1.9993610754    0.324 -2.000  3.5071  4.929    0  0.000  0.545     0.00     0.00     0.00     0.00     0.00 -1 -7.58e-16      0.00 7.090e-01 2.757e-01 2.746e-03 7.408e-04 6.719e-03 -1.000 1.527e-02       3214          0          0          0          0     0.3243     0.3243 9.770 9.524 7.843 7.236 6.990 10.917 12.886 11.443 10.115 9.382 12.662 9.524 9.524 9.524 9.524 9.524 9.524 9.524 9.524 9.524 9.524 9.524 9.524 9.524 9.524 9.524 9.524 9.524 9.524 9.524 9.524 9.524 9.524 7.843 7.843 7.843 7.843 7.843 7.843 7.843 7.843 7.843 7.843 7.843 7.843 7.843 7.843 7.843 7.843 7.843 7.843 7.843 7.843 7.843 7.843 7.236 7.236 7.236 7.236 7.236 7.236 7.236 7.236 7.236 7.236 7.236 7.236 7.236 7.236 7.236 7.236 7.236 7.236 7.236 7.236 7.236 7.236 6.990 6.990 6.990 6.990 6.990 6.990 6.990 6.990 6.990 6.990 6.990 6.990 6.990 6.990 6.990 6.990 6.990 6.990 6.990 6.990 6.990 6.990 10.917 10.917 10.917 10.917 10.917 10.917 10.917 10.917 10.917 10.917 10.917 10.917 10.917 10.917 10.917 10.917 10.917 10.917 10.917 10.917 10.917 10.917 12.886 12.886 12.886 12.886 12.886 12.886 12.886 12.886 12.886 12.886 12.886 12.886 12.886 12.886 12.886 12.886 12.886 12.886 12.886 12.886 12.886 12.886 11.443 11.443 11.443 11.443 11.443 11.443 11.443 11.443 11.443 11.443 11.443 11.443 11.443 11.443 11.443 11.443 11.443 11.443 11.443 11.443 11.443 11.443 10.115 10.115 10.115 10.115 10.115 10.115 10.115 10.115 10.115 10.115 10.115 10.115 10.115 10.115 10.115 10.115 10.115 10.115 10.115 10.115 10.115 10.115 9.382 9.382 9.382 9.382 9.382 9.382 9.382 9.382 9.382 9.382 9.382 9.382 9.382 9.382 9.382 9.382 9.382 9.382 9.382 9.382 9.382 9.382 12.662 12.662 12.662 12.662 12.662 12.662 12.662 12.662 12.662 12.662 12.662 12.662 12.662 12.662 12.662 12.662 12.662 12.662 12.662 12.662 12.662 12.662
0.0152 0.01508 9.00000 0.3274296820 2.0047938273    0.327 -1.991  3.5077  4.927    0  0.000  0.545     0.00     0.00     0.00     0.00     0.00 -1 -7.73e-16      0.00 7.090e-01 2.757e-01 2.746e-03 7.408e-04 6.719e-03 -1.000 1.527e-02       3218          0          0          0          0     0.3268     0.3268 9.747 9.499 7.821 7.215 6.969 10.888 12.852 11.411 10.088 9.358 12.628 9.499 9.499 9.499 9.499 9.499 9.499 9.499 9.499 9.499 9.499 9.499 9.499 9.499 9.499 9.499 9.499 9.499 9.499 9.499 9.499 9.499 9.499 7.821 7.821 7.821 7.821 7.821 7.821 7.821 7.821 7.821 7.821 7.821 7.821 7.821 7.821 7.821 7.821 7.821 7.821 7.821 7.821 7.821 7.821 7.215 7.215 7.215 7.215 7.215 7.215 7.215 7.215 7.215 7.215 7.215 7.215 7.215 7.215 7.215 7.215 7.215 7.215 7.215 7.215 7.215 7.215 6.969 6.969 6.969 6.969 6.969 6.969 6.969 6.969 6.969 6.969 6.969 6.969 6.969 6.969 6.969 6.969 6.969 6.969 6.969 6.969 6.969 6.969 10.888 10.888 10.888 10.888 10.888 10.888 10.888 10.888 10.888 10.888 10.888 10.888 10.888 10.888 10.888 10.888 10.888 10.888 10.888 10.888 10.888 10.888 12.852 12.852 12.852 12.852 12.852 12.852 12.852 12.852 12.852 12.852 12.852 12.852 12.852 12.852 12.852 12.852 12.852 12.852 12.852 12.852 12.852 12.852 11.411 11.411 11.411 11.411 11.411 11.411 11.411 11.411 11.411 11.411 11.411 11.411 11.411 11.411 11.411 11.411 11.411 11.411 11.411 11.411 11.411 11.411 10.088 10.088 10.088 10.088 10.088 10.088 10.088 10.088 10.088 10.088 10.088 10.088 10.088 10.088 10.088 10.088 10.088 10.088 10.088 10.088 10.088 10.088 9.358 9.358 9.358 9.358 9.358 9.358 9.358 9.358 9.358 9.358 9.358 9.358 9.358 9.358 9.358 9.358 9.358 9.358 9.358 9.358 9.358 9.358 12.628 12.628 12.628 12.628 12.628 12.628 12.628 12.628 12.628 12.628 12.628 12.628 12.628 12.628 12.628 12.628 12.628 12.628 12.628 12.628 12.628 12.628
0.0152 0.01508 9.00000 0.3309496045 2.0110415106    0.331 -1.980  3.5083  4.924    0  0.000  0.545     0.00     0.00     0.00     0.00     0.00 -1  -7.9e-16      0.00 7.090e-01 2.757e-01 2.746e-03 7.408e-04 6.719e-03 -1.000 1.527e-02       3223          0          0          0          0     0.3297     0.3297 9.721 9.470 7.797 7.190 6.945 10.856 12.812 11.373 10.057 9.330 12.588 9.470 9.470 9.470 9.470 9.470 9.470 9.470 9.470 9.470 9.470 9.470 9.470 9.470 9.470 9.470 9.470 9.470 9.470 9.470 9.470 9.470 9.470 7.797 7.797 7.797 7.797 7.797 7.797 7.797 7.797 7.797 7.797 7.797 7.797 7.797 7.797 7.797 7.797 7.797 7.797 7.797 7.797 7.797 7.797 7.190 7.190 7.190 7.190 7.190 7.190 7.190 7.190 7.190 7.190 7.190 7.190 7.190 7.190 7.190 7.190 7.190 7.190 7.190 7.190 7.190 7.190 6.945 6.945 6.945 6.945 6.945 6.945 6.945 6.945 6.945 6.945 6.945 6.945 6.945 6.945 6.945 6.945 6.945 6.945 6.945 6.945 6.945 6.945 10.856 10.856 10.856 10.856 10.856 10.856 10.856 10.856 10.856 10.856 10.856 10.856 10.856 10.856 10.856 10.856 10.856 10.856 10.856 10.856 10.856 10.856 12.812 12.812 12.812 12.812 12.812 12.812 12.812 12.812 12.812 12.812 12.812 12.812 12.812 12.812 12.812 12.812 12.812 12.812 12.812 12.812 12.812 12.812 11.373 11.373 11.373 11.373 11.373 11.373 11.373 11.373 11.373 11.373 11.373 11.373 11.373 11.373 11.373 11.373 11.373 11.373 11.373 11.373 11.373 11.373 10.057 10.057 10.057 10.057 10.057 10.057 10.057 10.057 10.057 10.057 10.057 10.057 10.057 10.057 10.057 10.057 10.057 10.057 10.057 10.057 10.057 10.057 9.330 9.330 9.330 9.330 9.330 9.330 9.330 9.330 9.330 9.330 9.330 9.330 9.330 9.330 9.330 9.330 9.330 9.330 9.330 9.330 9.330 9.330 12.588 12.588 12.588 12.588 12.588 12.588 12.588 12.588 12.588 12.588 12.588 12.588 12.588 12.588 12.588 12.588 12.588 12.588 12.588 12.588 12.588 12.588
0.0152 0.01508 9.00000 0.3351351321 2.0183591187    0.335 -1.968  3.5091  4.920    0  0.000  0.545     0.00     0.00     0.00     0.00     0.00 -1 -8.11e-16      0.00 7.090e-01 2.757e-01 2.746e-03 7.408e-04 6.719e-03 -1.000 1.527e-02       3229          0          0          0          0      0.333      0.333 9.691 9.436 7.768 7.161 6.916 10.818 12.766 11.329 10.021 9.298 12.542 9.436 9.436 9.436 9.436 9.436 9.436 9.436 9.436 9.436 9.436 9.436 9.436 9.436 9.436 9.436 9.436 9.436 9.436 9.436 9.436 9.436 9.436 7.768 7.768 7.768 7.768 7.768 7.768 7.768 7.768 7.768 7.768 7.768 7.768 7.768 7.768 7.768 7.768 7.768 7.768 7.768 7.768 7.768 7.768 7.161 7.161 7.161 7.161 7.161 7.161 7.161 7.161 7.161 7.161 7.161 7.161 7.161 7.161 7.161 7.161 7.161 7.161 7.161 7.161 7.161 7.161 6.916 6.916 6.916 6.916 6.916 6.916 6.916 6.916 6.916 6.916 6.916 6.916 6.916 6.916 6.916 6.916 6.916 6.916 6.916 6.916 6.916 6.916 10.818 10.818 10.818 10.818 10.818 10.818 10.818 10.818 10.818 10.818 10.818 10.818 10.818 10.818 10.818 10.818 10.818 10.818 10.818 10.818 10.818 10.818 12.766 12.766 12.766 12.766 12.766 12.766 12.766 12.766 12.766 12.766 12.766 12.766 12.766 12.766 12.766 12.766 12.766 12.766 12.766 12.766 12.766 12.766 11.329 11.329 11.329 11.329 11.329 11.329 11.329 11.329 11.329 11.329 11.329 11.329 11.329 11.329 11.329 11.329 11.329 11.329 11.329 11.329 11.329 11.329 10.021 10.021 10.021 10.021 10.021 10.021 10.021 10.021 10.021 10.021 10.021 10.021 10.021 10.021 10.021 10.021 10.021 10.021 10.021 10.021 10.021 10.021 9.298 9.298 9.298 9.298 9.298 9.298 9.298 9.298 9.298 9.298 9.298 9.298 9.298 9.298 9.298 9.298 9.298 9.298 9.298 9.298 9.298 9.298 12.542 12.542 12.542 12.542 12.542 12.542 12.542 12.542 12.542 12.542 12.542 12.542 12.542 12.542 12.542 12.542 12.542 12.542 12.542 12.542 12.542 12.542
0.0152 0.01508 9.00000 0.3402314484 2.0271102860    0.340 -1.954  3.5101  4.916    0  0.000  0.545     0.00     0.00     0.00     0.00     0.00 -1 -8.36e-16      0.00 7.091e-01 2.757e-01 2.746e-03 7.408e-04 6.719e-03 -1.000 1.527e-02       3236          0          0          0          0     0.3369     0.3369 9.654 9.395 7.734 7.126 6.883 10.772 12.711 11.276 9.977 9.260 12.487 9.395 9.395 9.395 9.395 9.395 9.395 9.395 9.395 9.395 9.395 9.395 9.395 9.395 9.395 9.395 9.395 9.395 9.395 9.395 9.395 9.395 9.395 7.734 7.734 7.734 7.734 7.734 7.734 7.734 7.734 7.734 7.734 7.734 7.734 7.734 7.734 7.734 7.734 7.734 7.734 7.734 7.734 7.734 7.734 7.126 7.126 7.126 7.126 7.126 7.126 7.126 7.126 7.126 7.126 7.126 7.126 7.126 7.126 7.126 7.126 7.126 7.126 7.126 7.126 7.126 7.126 6.883 6.883 6.883 6.883 6.883 6.883 6.883 6.883 6.883 6.883 6.883 6.883 6.883 6.883 6.883 6.883 6.883 6.883 6.883 6.883 6.883 6.883 10.772 10.772 10.772 10.772 10.772 10.772 10.772 10.772 10.772 10.772 10.772 10.772 10.772 10.772 10.772 10.772 10.772 10.772 10.772 10.772 10.772 10.772 12.711 12.711 12.711 12.711 12.711 12.711 12.711 12.711 12.711 12.711 12.711 12.711 12.711 12.711 12.711 12.711 12.711 12.711 12.711 12.711 12.711 12.711 11.276 11.276 11.276 11.276 11.276 11.276 11.276 11.276 11.276 11.276 11.276 11.276 11.276 11.276 11.276 11.276 11.276 11.276 11.276 11.276 11.276 11.276 9.977 9.977 9.977 9.977 9.977 9.977 9.977 9.977 9.977 9.977 9.977 9.977 9.977 9.977 9.977 9.977 9.977 9.977 9.977 9.977 9.977 9.977 9.260 9.260 9.260 9.260 9.260 9.260 9.260 9.260 9.260 9.260 9.260 9.260 9.260 9.260 9.260 9.260 9.260 9.260 9.260 9.260 9.260 9.260 12.487 12.487 12.487 12.487 12.487 12.487 12.487 12.487 12.487 12.487 12.487 12.487 12.487 12.487 12.487 12.487 12.487 12.487 12.487 12.487 12.487 12.487
0.0152 0.01508 9.00000 0.3466123939 2.0378300944    0.347 -1.936  3.5113  4.911    0  0.000  0.545     0.00     0.00     0.00     0.00     0.00 -1 -8.67e-16      0.00 7.091e-01 2.757e-01 2.746e-03 7.408e-04 6.719e-03 -1.000 1.527e-02       3246          0          0          0          0     0.3417     0.3417 9.610 9.346 7.693 7.084 6.841 10.717 12.644 11.212 9.925 9.213 12.421 9.346 9.346 9.346 9.346 9.346 9.346 9.346 9.346 9.346 9.346 9.346 9.346 9.346 9.346 9.346 9.346 9.346 9.346 9.346 9.346 9.346 9.346 7.693 7.693 7.693 7.693 7.693 7.693 7.693 7.693 7.693 7.693 7.693 7.693 7.693 7.693 7.693 7.693 7.693 7.693 7.693 7.693 7.693 7.693 7.084 7.084 7.084 7.084 7.084 7.084 7.084 7.084 7.084 7.084 7.084 7.084 7.084 7.084 7.084 7.084 7.084 7.084 7.084 7.084 7.084 7.084 6.841 6.841 6.841 6.841 6.841 6.841 6.841 6.841 6.841 6.841 6.841 6.841 6.841 6.841 6.841 6.841 6.841 6.841 6.841 6.841 6.841 6.841 10.717 10.717 10.717 10.717 10.717 10.717 10.717 10.717 10.717 10.717 10.717 10.717 10.717 10.717 10.717 10.717 10.717 10.717 10.717 10.717 10.717 10.717 12.644 12.644 12.644 12.644 12.644 12.644 12.644 12.644 12.644 12.644 12.644 12.644 12.644 12.644 12.644 12.644 12.644 12.644 12.644 12.644 12.644 12.644 11.212 11.212 11.212 11.212 11.212 11.212 11.212 11.212 11.212 11.212 11.212 11.212 11.212 11.212 11.212 11.212 11.212 11.212 11.212 11.212 11.212 11.212 9.925 9.925 9.925 9.925 9.925 9.925 9.925 9.925 9.925 9.925 9.925 9.925 9.925 9.925 9.925 9.925 9.925 9.925 9.925 9.925 9.925 9.925 9.213 9.213 9.213 9.213 9.213 9.213 9.213 9.213 9.213 9.213 9.213 9.213 9.213 9.213 9.213 9.213 9.213 9.213 9.213 9.213 9.213 9.213 12.421 12.421 12.421 12.421 12.421 12.421 12.421 12.421 12.421 12.421 12.421 12.421 12.421 12.421 12.421 12.421 12.421 12.421 12.421 12.421 12.421 12.421
0.0152 0.01508 9.00000 0.3500000238 2.0434175133    0.350 -1.927  3.5120  4.909    0  0.000  0.545     0.00     0.00     0.00     0.00     0.00 -1 -8.84e-16      0.00 7.091e-01 2.756e-01 2.746e-03 7.408e-04 6.719e-03 -1.000 1.527e-02       3250          0          0          0          0     0.3441     0.3441 9.587 9.321 7.671 7.062 6.820 10.688 12.609 11.178 9.897 9.189 12.386 9.321 9.321 9.321 9.321 9.321 9.321 9.321 9.321 9.321 9.321 9.321 9.321 9.321 9.321 9.321 9.321 9.321 9.321 9.321 9.321 9.321 9.321 7.671 7.671 7.671 7.671 7.671 7.671 7.671 7.671 7.671 7.671 7.671 7.671 7.671 7.671 7.671 7.671 7.671 7.671 7.671 7.671 7.671 7.671 7.062 7.062 7.062 7.062 7.062 7.062 7.062 7.062 7.062 7.062 7.062 7.062 7.062 7.062 7.062 7.062 7.062 7.062 7.062 7.062 7.062 7.062 6.820 6.820 6.820 6.820 6.820 6.820 6.820 6.820 6.820 6.820 6.820 6.820 6.820 6.820 6.820 6.820 6.820 6.820 6.820 6.820 6.820 6.820 10.688 10.688 10.688 10.688 10.688 10.688 10.688 10.688 10.688 10.688 10.688 10.688 10.688 10.688 10.688 10.688 10.688 10.688 10.688 10.688 10.688 10.688 12.609 12.609 12.609 12.609 12.609 12.609 12.609 12.609 12.609 12.609 12.609 12.609 12.609 12.609 12.609 12.609 12.609 12.609 12.609 12.609 12.609 12.609 11.178 11.178 11.178 11.178 11.178 11.178 11.178 11.178 11.178 11.178 11.178 11.178 11.178 11.178 11.178 11.178 11.178 11.178 11.178 11.178 11.178 11.178 9.897 9.897 9.897 9.897 9.897 9.897 9.897 9.897 9.897 9.897 9.897 9.897 9.897 9.897 9.897 9.897 9.897 9.897 9.897 9.897 9.897 9.897 9.189 9.189 9.189 9.189 9.189 9.189 9.189 9.189 9.189 9.189 9.189 9.189 9.189 9.189 9.189 9.189 9.189 9.189 9.189 9.189 9.189 9.189 12.386 12.386 12.386 12.386 12.386 12.386 12.386 12.386 12.386 12.386 12.386 12.386 12.386 12.386 12.386 12.386 12.386 12.386 12.386 12.386 12.386 12.386
0.0152 0.01508 9.00000 0.3569592834 2.0546783325    0.357 -1.905  3.5136  4.902    0  0.000  0.545     0.00     0.00     0.00     0.00     0.00 -1 -9.28e-16      0.00 7.091e-01 2.756e-01 2.746e-03 7.408e-04 6.719e-03 -1.000 1.527e-02       3263          0          0          0          0     0.3505     0.3505 9.532 9.259 7.620 7.011 6.769 10.618 12.524 11.098 9.831 9.132 12.302 9.259 9.259 9.259 9.259 9.259 9.259 9.259 9.259 9.259 9.259 9.259 9.259 9.259 9.259 9.259 9.259 9.259 9.259 9.259 9.259 9.259 9.259 7.620 7.620 7.620 7.620 7.620 7.620 7.620 7.620 7.620 7.620 7.620 7.620 7.620 7.620 7.620 7.620 7.620 7.620 7.620 7.620 7.620 7.620 7.011 7.011 7.011 7.011 7.011 7.011 7.011 7.011 7.011 7.011 7.011 7.011 7.011 7.011 7.011 7.011 7.011 7.011 7.011 7.011 7.011 7.011 6.769 6.769 6.769 6.769 6.769 6.769 6.769 6.769 6.769 6.769 6.769 6.769 6.769 6.769 6.769 6.769 6.769 6.769 6.769 6.769 6.769 6.769 10.618 10.618 10.618 10.618 10.618 10.618 10.618 10.618 10.618 10.618 10.618 10.618 10.618 10.618 10.618 10.618 10.618 10.618 10.618 10.618 10.618 10.618 12.524 12.524 12.524 12.524 12.524 12.524 12.524 12.524 12.524 12.524 12.524 12.524 12.524 12.524 12.524 12.524 12.524 12.524 12.524 12.524 12.524 12.524 11.098 11.098 11.098 11.098 11.098 11.098 11.098 11.098 11.098 11.098 11.098 11.098 11.098 11.098 11.098 11.098 11.098 11.098 11.098 11.098 11.098 11.098 9.831 9.831 9.831 9.831 9.831 9.831 9.831 9.831 9.831 9.831 9.831 9.831 9.831 9.831 9.831 9.831 9.831 9.831 9.831 9.831 9.831 9.831 9.132 9.132 9.132 9.132 9.132 9.132 9.132 9.132 9.132 9.132 9.132 9.132 9.132 9.132 9.132 9.132 9.132 9.132 9.132 9.132 9.132 9.132 12.302 12.302 12.302 12.302 12.302 12.302 12.302 12.302 12.302 12.302 12.302 12.302 12.302 12.302 12.302 12.302 12.302 12.302 12.302 12.302 12.302 12.302
0.0152 0.01508 9.00000 0.3714354038 2.0772134386    0.371 -1.861  3.5169  4.888    0  0.000  0.545     0.00     0.00     0.00     0.00     0.00 -1 -1.02e-15      0.00 7.091e-01 2.756e-01 2.746e-03 7.408e-04 6.719e-03 -1.000 1.527e-02       3288          0          0          0          0     0.3634     0.3634 9.422 9.137 7.519 6.908 6.668 10.479 12.355 10.935 9.700 9.016 12.133 9.137 9.137 9.137 9.137 9.137 9.137 9.137 9.137 9.137 9.137 9.137 9.137 9.137 9.137 9.137 9.137 9.137 9.137 9.137 9.137 9.137 9.137 7.519 7.519 7.519 7.519 7.519 7.519 7.519 7.519 7.519 7.519 7.519 7.519 7.519 7.519 7.519 7.519 7.519 7.519 7.519 7.519 7.519 7.519 6.908 6.908 6.908 6.908 6.908 6.908 6.908 6.908 6.908 6.908 6.908 6.908 6.908 6.908 6.908 6.908 6.908 6.908 6.908 6.908 6.908 6.908 6.668 6.668 6.668 6.668 6.668 6.668 6.668 6.668 6.668 6.668 6.668 6.668 6.668 6.668 6.668 6.668 6.668 6.668 6.668 6.668 6.668 6.668 10.479 10.479 10.479 10.479 10.479 10.479 10.479 10.479 10.479 10.479 10.479 10.479 10.479 10.479 10.479 10.479 10.479 10.479 10.479 10.479 10.479 10.479 12.355 12.355 12.355 12.355 12.355 12.355 12.355 12.355 12.355 12.355 12.355 12.355 12.355 12.355 12.355 12.355 12.355 12.355 12.355 12.355 12.355 12.355 10.935 10.935 10.935 10.935 10.935 10.935 10.935 10.935 10.935 10.935 10.935 10.935 10.935 10.935 10.935 10.935 10.935 10.935 10.935 10.935 10.935 10.935 9.700 9.700 9.700 9.700 9.700 9.700 9.700 9.700 9.700 9.700 9.700 9.700 9.700 9.700 9.700 9.700 9.700 9.700 9.700 9.700 9.700 9.700 9.016 9.016 9.016 9.016 9.016 9.016 9.016 9.016 9.016 9.016 9.016 9.016 9.016 9.016 9.016 9.016 9.016 9.016 9.016 9.016 9.016 9.016 12.133 12.133 12.133 12.133 12.133 12.133 12.133 12.133 12.133 12.133 12.133 12.133 12.133 12.133 12.133 12.133 12.133 12.133 12.133 12.133 12.133 12.133
0.0152 0.01508 9.00000 0.3846264482 2.0967757094    0.385 -1.823  3.5198  4.877    0  0.000  0.545     0.00     0.00     0.00     0.00     0.00 -1 -1.11e-15      0.00 7.092e-01 2.756e-01 2.746e-03 7.408e-04 6.719e-03 -1.000 1.527e-02       3309          0          0          0          0     0.3747     0.3747 9.327 9.030 7.430 6.817 6.580 10.358 12.207 10.794 9.585 8.916 11.986 9.030 9.030 9.030 9.030 9.030 9.030 9.030 9.030 9.030 9.030 9.030 9.030 9.030 9.030 9.030 9.030 9.030 9.030 9.030 9.030 9.030 9.030 7.430 7.430 7.430 7.430 7.430 7.430 7.430 7.430 7.430 7.430 7.430 7.430 7.430 7.430 7.430 7.430 7.430 7.430 7.430 7.430 7.430 7.430 6.817 6.817 6.817 6.817 6.817 6.817 6.817 6.817 6.817 6.817 6.817 6.817 6.817 6.817 6.817 6.817 6.817 6.817 6.817 6.817 6.817 6.817 6.580 6.580 6.580 6.580 6.580 6.580 6.580 6.580 6.580 6.580 6.580 6.580 6.580 6.580 6.580 6.580 6.580 6.580 6.580 6.580 6.580 6.580 10.358 10.358 10.358 10.358 10.358 10.358 10.358 10.358 10.358 10.358 10.358 10.358 10.358 10.358 10.358 10.358 10.358 10.358 10.358 10.358 10.358 10.358 12.207 12.207 12.207 12.207 12.207 12.207 12.207 12.207 12.207 12.207 12.207 12.207 12.207 12.207 12.207 12.207 12.207 12.207 12.207 12.207 12.207 12.207 10.794 10.794 10.794 10.794 10.794 10.794 10.794 10.794 10.794 10.794 10.794 10.794 10.794 10.794 10.794 10.794 10.794 10.794 10.794 10.794 10.794 10.794 9.585 9.585 9.585 9.585 9.585 9.585 9.585 9.585 9.585 9.585 9.585 9.585 9.585 9.585 9.585 9.585 9.585 9.585 9.585 9.585 9.585 9.585 8.916 8.916 8.916 8.916 8.916 8.916 8.916 8.916 8.916 8.916 8.916 8.916 8.916 8.916 8.916 8.916 8.916 8.916 8.916 8.916 8.916 8.916 11.986 11.986 11.986 11.986 11.986 11.986 11.986 11.986 11.986 11.986 11.986 11.986 11.986 11.986 11.986 11.986 11.986 11.986 11.986 11.986 11.986 11.986
0.0152 0.01508 9.00000 0.3968907297 2.1141967483    0.397 -1.789  3.5224  4.867    0  0.000  0.545     0.00     0.00     0.00     0.00     0.00 -1  -1.2e-15      0.00 7.092e-01 2.755e-01 2.746e-03 7.408e-04 6.719e-03 -1.000 1.527e-02       3329          0          0          0          0     0.3847     0.3847 9.241 8.936 7.351 6.737 6.501 10.252 12.080 10.672 9.485 8.827 11.860 8.936 8.936 8.936 8.936 8.936 8.936 8.936 8.936 8.936 8.936 8.936 8.936 8.936 8.936 8.936 8.936 8.936 8.936 8.936 8.936 8.936 8.936 7.351 7.351 7.351 7.351 7.351 7.351 7.351 7.351 7.351 7.351 7.351 7.351 7.351 7.351 7.351 7.351 7.351 7.351 7.351 7.351 7.351 7.351 6.737 6.737 6.737 6.737 6.737 6.737 6.737 6.737 6.737 6.737 6.737 6.737 6.737 6.737 6.737 6.737 6.737 6.737 6.737 6.737 6.737 6.737 6.501 6.501 6.501 6.501 6.501 6.501 6.501 6.501 6.501 6.501 6.501 6.501 6.501 6.501 6.501 6.501 6.501 6.501 6.501 6.501 6.501 6.501 10.252 10.252 10.252 10.252 10.252 10.252 10.252 10.252 10.252 10.252 10.252 10.252 10.252 10.252 10.252 10.252 10.252 10.252 10.252 10.252 10.252 10.252 12.080 12.080 12.080 12.080 12.080 12.080 12.080 12.080 12.080 12.080 12.080 12.080 12.080 12.080 12.080 12.080 12.080 12.080 12.080 12.080 12.080 12.080 10.672 10.672 10.672 10.672 10.672 10.672 10.672 10.672 10.672 10.672 10.672 10.672 10.672 10.672 10.672 10.672 10.672 10.672 10.672 10.672 10.672 10.672 9.485 9.485 9.485 9.485 9.485 9.485 9.485 9.485 9.485 9.485 9.485 9.485 9.485 9.485 9.485 9.485 9.485 9.485 9.485 9.485 9.485 9.485 8.827 8.827 8.827 8.827 8.827 8.827 8.827 8.827 8.827 8.827 8.827 8.827 8.827 8.827 8.827 8.827 8.827 8.827 8.827 8.827 8.827 8.827 11.860 11.860 11.860 11.860 11.860 11.860 11.860 11.860 11.860 11.860 11.860 11.860 11.860 11.860 11.860 11.860 11.860 11.860 11.860 11.860 11.860 11.860
0.0152 0.01508 9.00000 0.4000000358 2.1185024810    0.400 -1.780  3.5230  4.864    0  0.000  0.545     0.00     0.00     0.00     0.00     0.00 -1 -1.22e-15      0.00 7.092e-01 2.755e-01 2.746e-03 7.408e-04 6.719e-03 -1.000 1.527e-02       3334          0          0          0          0     0.3872     0.3872 9.220 8.913 7.332 6.717 6.481 10.226 12.048 10.642 9.460 8.805 11.829 8.913 8.913 8.913 8.913 8.913 8.913 8.913 8.913 8.913 8.913 8.913 8.913 8.913 8.913 8.913 8.913 8.913 8.913 8.913 8.913 8.913 8.913 7.332 7.332 7.332 7.332 7.332 7.332 7.332 7.332 7.332 7.332 7.332 7.332 7.332 7.332 7.332 7.332 7.332 7.332 7.332 7.332 7.332 7.332 6.717 6.717 6.717 6.717 6.717 6.717 6.717 6.717 6.717 6.717 6.717 6.717 6.717 6.717 6.717 6.717 6.717 6.717 6.717 6.717 6.717 6.717 6.481 6.481 6.481 6.481 6.481 6.481 6.481 6.481 6.481 6.481 6.481 6.481 6.481 6.481 6.481 6.481 6.481 6.481 6.481 6.481 6.481 6.481 10.226 10.226 10.226 10.226 10.226 10.226 10.226 10.226 10.226 10.226 10.226 10.226 10.226 10.226 10.226 10.226 10.226 10.226 10.226 10.226 10.226 10.226 12.048 12.048 12.048 12.048 12.048 12.048 12.048 12.048 12.048 12.048 12.048 12.048 12.048 12.048 12.048 12.048 12.048 12.048 12.048 12.048 12.048 12.048 10.642 10.642 10.642 10.642 10.642 10.642 10.642 10.642 10.642 10.642 10.642 10.642 10.642 10.642 10.642 10.642 10.642 10.642 10.642 10.642 10.642 10.642 9.460 9.460 9.460 9.460 9.460 9.460 9.460 9.460 9.460 9.460 9.460 9.460 9.460 9.460 9.460 9.460 9.460 9.460 9.460 9.460 9.460 9.460 8.805 8.805 8.805 8.805 8.805 8.805 8.805 8.805 8.805 8.805 8.805 8.805 8.805 8.805 8.805 8.805 8.805 8.805 8.805 8.805 8.805 8.805 11.829 11.829 11.829 11.829 11.829 11.829 11.829 11.829 11.829 11.829 11.829 11.829 11.829 11.829 11.829 11.829 11.829 11.829 11.829 11.829 11.829 11.829
0.0152 0.01508 9.00000 0.4393691123 2.1695167467    0.439 -1.661  3.5326  4.824    0  0.000  0.545     0.00     0.00     0.00     0.00     0.00 -1  -1.6e-15      0.00 7.092e-01 2.755e-01 2.746e-03 7.408e-04 6.719e-03 -1.000 1.527e-02       3409          0          0          0          0     0.4253     0.4253 8.923 8.584 7.059 6.437 6.206 9.853 11.598 10.214 9.109 8.497 11.387 8.584 8.584 8.584 8.584 8.584 8.584 8.584 8.584 8.584 8.584 8.584 8.584 8.584 8.584 8.584 8.584 8.584 8.584 8.584 8.584 8.584 8.584 7.059 7.059 7.059 7.059 7.059 7.059 7.059 7.059 7.059 7.059 7.059 7.059 7.059 7.059 7.059 7.059 7.059 7.059 7.059 7.059 7.059 7.059 6.437 6.437 6.437 6.437 6.437 6.437 6.437 6.437 6.437 6.437 6.437 6.437 6.437 6.437 6.437 6.437 6.437 6.437 6.437 6.437 6.437 6.437 6.206 6.206 6.206 6.206 6.206 6.206 6.206 6.206 6.206 6.206 6.206 6.206 6.206 6.206 6.206 6.206 6.206 6.206 6.206 6.206 6.206 6.206 9.853 9.853 9.853 9.853 9.853 9.853 9.853 9.853 9.853 9.853 9.853 9.853 9.853 9.853 9.853 9.853 9.853 9.853 9.853 9.853 9.853 9.853 11.598 11.598 11.598 11.598 11.598 11.598 11.598 11.598 11.598 11.598 11.598 11.598 11.598 11.598 11.598 11.598 11.598 11.598 11.598 11.598 11.598 11.598 10.214 10.214 10.214 10.214 10.214 10.214 10.214 10.214 10.214 10.214 10.214 10.214 10.214 10.214 10.214 10.214 10.214 10.214 10.214 10.214 10.214 10.214 9.109 9.109 9.109 9.109 9.109 9.109 9.109 9.109 9.109 9.109 9.109 9.109 9.109 9.109 9.109 9.109 9.109 9.109 9.109 9.109 9.109 9.109 8.497 8.497 8.497 8.497 8.497 8.497 8.497 8.497 8.497 8.497 8.497 8.497 8.497 8.497 8.497 8.497 8.497 8.497 8.497 8.497 8.497 8.497 11.387 11.387 11.387 11.387 11.387 11.387 11.387 11.387 11.387 11.387 11.387 11.387 11.387 11.387 11.387 11.387 11.387 11.387 11.387 11.387 11.387 11.387
0.0152 0.01508 9.00000 0.4500000477 2.1822809714    0.450 -1.631  3.5351  4.814    0  0.000  0.545     0.00     0.00     0.00     0.00     0.00 -1 -1.72e-15      0.00 7.092e-01 2.755e-01 2.746e-03 7.408e-04 6.719e-03 -1.000 1.527e-02       3428          0          0          0          0      0.435      0.435 8.847 8.501 6.989 6.365 6.135 9.759 11.487 10.108 9.020 8.419 11.279 8.501 8.501 8.501 8.501 8.501 8.501 8.501 8.501 8.501 8.501 8.501 8.501 8.501 8.501 8.501 8.501 8.501 8.501 8.501 8.501 8.501 8.501 6.989 6.989 6.989 6.989 6.989 6.989 6.989 6.989 6.989 6.989 6.989 6.989 6.989 6.989 6.989 6.989 6.989 6.989 6.989 6.989 6.989 6.989 6.365 6.365 6.365 6.365 6.365 6.365 6.365 6.365 6.365 6.365 6.365 6.365 6.365 6.365 6.365 6.365 6.365 6.365 6.365 6.365 6.365 6.365 6.135 6.135 6.135 6.135 6.135 6.135 6.135 6.135 6.135 6.135 6.135 6.135 6.135 6.135 6.135 6.135 6.135 6.135 6.135 6.135 6.135 6.135 9.759 9.759 9.759 9.759 9.759 9.759 9.759 9.759 9.759 9.759 9.759 9.759 9.759 9.759 9.759 9.759 9.759 9.759 9.759 9.759 9.759 9.759 11.487 11.487 11.487 11.487 11.487 11.487 11.487 11.487 11.487 11.487 11.487 11.487 11.487 11.487 11.487 11.487 11.487 11.487 11.487 11.487 11.487 11.487 10.108 10.108 10.108 10.108 10.108 10.108 10.108 10.108 10.108 10.108 10.108 10.108 10.108 10.108 10.108 10.108 10.108 10.108 10.108 10.108 10.108 10.108 9.020 9.020 9.020 9.020 9.020 9.020 9.020 9.020 9.020 9.020 9.020 9.020 9.020 9.020 9.020 9.020 9.020 9.020 9.020 9.020 9.020 9.020 8.419 8.419 8.419 8.419 8.419 8.419 8.419 8.419 8.419 8.419 8.419 8.419 8.419 8.419 8.419 8.419 8.419 8.419 8.419 8.419 8.419 8.419 11.279 11.279 11.279 11.279 11.279 11.279 11.279 11.279 11.279 11.279 11.279 11.279 11.279 11.279 11.279 11.279 11.279 11.279 11.279 11.279 11.279 11.279
0.0152 0.01508 9.00000 0.4673067927 2.2022438031    0.467 -1.575  3.5403  4.796    0  0.000  0.545     0.00     0.00     0.00     0.00     0.00 -1 -1.96e-15      0.00 7.092e-01 2.755e-01 2.746e-03 7.408e-04 6.719e-03 -1.000 1.527e-02       3470          0          0          0          0     0.4533     0.4533 8.708 8.346 6.864 6.236 6.009 9.582 11.270 9.902 8.854 8.275 11.070 8.346 8.346 8.346 8.346 8.346 8.346 8.346 8.346 8.346 8.346 8.346 8.346 8.346 8.346 8.346 8.346 8.346 8.346 8.346 8.346 8.346 8.346 6.864 6.864 6.864 6.864 6.864 6.864 6.864 6.864 6.864 6.864 6.864 6.864 6.864 6.864 6.864 6.864 6.864 6.864 6.864 6.864 6.864 6.864 6.236 6.236 6.236 6.236 6.236 6.236 6.236 6.236 6.236 6.236 6.236 6.236 6.236 6.236 6.236 6.236 6.236 6.236 6.236 6.236 6.236 6.236 6.009 6.009 6.009 6.009 6.009 6.009 6.009 6.009 6.009 6.009 6.009 6.009 6.009 6.009 6.009 6.009 6.009 6.009 6.009 6.009 6.009 6.009 9.582 9.582 9.582 9.582 9.582 9.582 9.582 9.582 9.582 9.582 9.582 9.582 9.582 9.582 9.582 9.582 9.582 9.582 9.582 9.582 9.582 9.582 11.270 11.270 11.270 11.270 11.270 11.270 11.270 11.270 11.270 11.270 11.270 11.270 11.270 11.270 11.270 11.270 11.270 11.270 11.270 11.270 11.270 11.270 9.902 9.902 9.902 9.902 9.902 9.902 9.902 9.902 9.902 9.902 9.902 9.902 9.902 9.902 9.902 9.902 9.902 9.902 9.902 9.902 9.902 9.902 8.854 8.854 8.854 8.854 8.854 8.854 8.854 8.854 8.854 8.854 8.854 8.854 8.854 8.854 8.854 8.854 8.854 8.854 8.854 8.854 8.854 8.854 8.275 8.275 8.275 8.275 8.275 8.275 8.275 8.275 8.275 8.275 8.275 8.275 8.275 8.275 8.275 8.275 8.275 8.275 8.275 8.275 8.275 8.275 11.070 11.070 11.070 11.070 11.070 11.070 11.070 11.070 11.070 11.070 11.070 11.070 11.070 11.070 11.070 11.070 11.070 11.070 11.070 11.070 11.070 11.070
0.0152 0.01508 9.00000 0.5000000000 2.2374541529    0.500 -1.476  3.5498  4.764    0  0.000  0.545     0.00     0.00     0.00     0.00     0.00 -1 -2.47e-15      0.00 7.092e-01 2.755e-01 2.746e-03 7.408e-04 6.719e-03 -1.000 1.527e-02       3546          0          0          0          0     0.4861     0.4861 8.459 8.071 6.639 6.005 5.782 9.267 10.894 9.540 8.561 8.021 10.708 8.071 8.071 8.071 8.071 8.071 8.071 8.071 8.071 8.071 8.071 8.071 8.071 8.071 8.071 8.071 8.071 8.071 8.071 8.071 8.071 8.071 8.071 6.639 6.639 6.639 6.639 6.639 6.639 6.639 6.639 6.639 6.639 6.639 6.639 6.639 6.639 6.639 6.639 6.639 6.639 6.639 6.639 6.639 6.639 6.005 6.005 6.005 6.005 6.005 6.005 6.005 6.005 6.005 6.005 6.005 6.005 6.005 6.005 6.005 6.005 6.005 6.005 6.005 6.005 6.005 6.005 5.782 5.782 5.782 5.782 5.782 5.782 5.782 5.782 5.782 5.782 5.782 5.782 5.782 5.782 5.782 5.782 5.782 5.782 5.782 5.782 5.782 5.782 9.267 9.267 9.267 9.267 9.267 9.267 9.267 9.267 9.267 9.267 9.267 9.267 9.267 9.267 9.267 9.267 9.267 9.267 9.267 9.267 9.267 9.267 10.894 10.894 10.894 10.894 10.894 10.894 10.894 10.894 10.894 10.894 10.894 10.894 10.894 10.894 10.894 10.894 10.894 10.894 10.894 10.894 10.894 10.894 9.540 9.540 9.540 9.540 9.540 9.540 9.540 9.540 9.540 9.540 9.540 9.540 9.540 9.540 9.540 9.540 9.540 9.540 9.540 9.540 9.540 9.540 8.561 8.561 8.561 8.561 8.561 8.561 8.561 8.561 8.561 8.561 8.561 8.561 8.561 8.561 8.561 8.561 8.561 8.561 8.561 8.561 8.561 8.561 8.021 8.021 8.021 8.021 8.021 8.021 8.021 8.021 8.021 8.021 8.021 8.021 8.021 8.021 8.021 8.021 8.021 8.021 8.021 8.021 8.021 8.021 10.708 10.708 10.708 10.708 10.708 10.708 10.708 10.708 10.708 10.708 10.708 10.708 10.708 10.708 10.708 10.708 10.708 10.708 10.708 10.708 10.708 10.708
0.0152 0.01508 9.00000 0.5017054677 2.2392053769    0.502 -1.470  3.5504  4.762    0  0.000  0.545     0.00     0.00     0.00     0.00     0.00 -1  -2.5e-15      0.00 7.092e-01 2.755e-01 2.745e-03 7.407e-04 6.718e-03 -1.000 1.527e-02       3551          0          0          0          0     0.4879     0.4879 8.445 8.054 6.626 5.992 5.769 9.248 10.871 9.518 8.544 8.006 10.686 8.054 8.054 8.054 8.054 8.054 8.054 8.054 8.054 8.054 8.054 8.054 8.054 8.054 8.054 8.054 8.054 8.054 8.054 8.054 8.054 8.054 8.054 6.626 6.626 6.626 6.626 6.626 6.626 6.626 6.626 6.626 6.626 6.626 6.626 6.626 6.626 6.626 6.626 6.626 6.626 6.626 6.626 6.626 6.626 5.992 5.992 5.992 5.992 5.992 5.992 5.992 5.992 5.992 5.992 5.992 5.992 5.992 5.992 5.992 5.992 5.992 5.992 5.992 5.992 5.992 5.992 5.769 5.769 5.769 5.769 5.769 5.769 5.769 5.769 5.769 5.769 5.769 5.769 5.769 5.769 5.769 5.769 5.769 5.769 5.769 5.769 5.769 5.769 9.248 9.248 9.248 9.248 9.248 9.248 9.248 9.248 9.248 9.248 9.248 9.248 9.248 9.248 9.248 9.248 9.248 9.248 9.248 9.248 9.248 9.248 10.871 10.871 10.871 10.871 10.871 10.871 10.871 10.871 10.871 10.871 10.871 10.871 10.871 10.871 10.871 10.871 10.871 10.871 10.871 10.871 10.871 10.871 9.518 9.518 9.518 9.518 9.518 9.518 9.518 9.518 9.518 9.518 9.518 9.518 9.518 9.518 9.518 9.518 9.518 9.518 9.518 9.518 9.518 9.518 8.544 8.544 8.544 8.544 8.544 8.544 8.544 8.544 8.544 8.544 8.544 8.544 8.544 8.544 8.544 8.544 8.544 8.544 8.544 8.544 8.544 8.544 8.006 8.006 8.006 8.006 8.006 8.006 8.006 8.006 8.006 8.006 8.006 8.006 8.006 8.006 8.006 8.006 8.006 8.006 8.006 8.006 8.006 8.006 10.686 10.686 10.686 10.686 10.686 10.686 10.686 10.686 10.686 10.686 10.686 10.686 10.686 10.686 10.686 10.686 10.686 10.686 10.686 10.686 10.686 10.686
0.0152 0.01508 9.00000 0.5090320706 2.2465752824    0.509 -1.445  3.5533  4.755    0  0.000  0.545     0.00     0.00     0.00     0.00     0.00 -1 -2.65e-15      0.00 7.095e-01 2.753e-01 2.743e-03 7.401e-04 6.712e-03 -1.000 1.526e-02       3575          0          0          0          0     0.4956     0.4956 8.383 7.985 6.573 5.936 5.715 9.167 10.772 9.421 8.470 7.944 10.591 7.985 7.985 7.985 7.985 7.985 7.985 7.985 7.985 7.985 7.985 7.985 7.985 7.985 7.985 7.985 7.985 7.985 7.985 7.985 7.985 7.985 7.985 6.573 6.573 6.573 6.573 6.573 6.573 6.573 6.573 6.573 6.573 6.573 6.573 6.573 6.573 6.573 6.573 6.573 6.573 6.573 6.573 6.573 6.573 5.936 5.936 5.936 5.936 5.936 5.936 5.936 5.936 5.936 5.936 5.936 5.936 5.936 5.936 5.936 5.936 5.936 5.936 5.936 5.936 5.936 5.936 5.715 5.715 5.715 5.715 5.715 5.715 5.715 5.715 5.715 5.715 5.715 5.715 5.715 5.715 5.715 5.715 5.715 5.715 5.715 5.715 5.715 5.715 9.167 9.167 9.167 9.167 9.167 9.167 9.167 9.167 9.167 9.167 9.167 9.167 9.167 9.167 9.167 9.167 9.167 9.167 9.167 9.167 9.167 9.167 10.772 10.772 10.772 10.772 10.772 10.772 10.772 10.772 10.772 10.772 10.772 10.772 10.772 10.772 10.772 10.772 10.772 10.772 10.772 10.772 10.772 10.772 9.421 9.421 9.421 9.421 9.421 9.421 9.421 9.421 9.421 9.421 9.421 9.421 9.421 9.421 9.421 9.421 9.421 9.421 9.421 9.421 9.421 9.421 8.470 8.470 8.470 8.470 8.470 8.470 8.470 8.470 8.470 8.470 8.470 8.470 8.470 8.470 8.470 8.470 8.470 8.470 8.470 8.470 8.470 8.470 7.944 7.944 7.944 7.944 7.944 7.944 7.944 7.944 7.944 7.944 7.944 7.944 7.944 7.944 7.944 7.944 7.944 7.944 7.944 7.944 7.944 7.944 10.591 10.591 10.591 10.591 10.591 10.591 10.591 10.591 10.591 10.591 10.591 10.591 10.591 10.591 10.591 10.591 10.591 10.591 10.591 10.591 10.591 10.591
0.0152 0.01508 9.00000 0.5160549283 2.2534142207    0.516 -1.422  3.5559  4.749    0  0.000  0.545     0.00     0.00     0.00     0.00     0.00 -1  -2.8e-15      0.00 7.097e-01 2.750e-01 2.741e-03 7.395e-04 6.707e-03 -1.000 1.524e-02       3597          0          0          0          0     0.5029     0.5029 8.326 7.920 6.522 5.884 5.664 9.090 10.680 9.331 8.400 7.885 10.503 7.920 7.920 7.920 7.920 7.920 7.920 7.920 7.920 7.920 7.920 7.920 7.920 7.920 7.920 7.920 7.920 7.920 7.920 7.920 7.920 7.920 7.920 6.522 6.522 6.522 6.522 6.522 6.522 6.522 6.522 6.522 6.522 6.522 6.522 6.522 6.522 6.522 6.522 6.522 6.522 6.522 6.522 6.522 6.522 5.884 5.884 5.884 5.884 5.884 5.884 5.884 5.884 5.884 5.884 5.884 5.884 5.884 5.884 5.884 5.884 5.884 5.884 5.884 5.884 5.884 5.884 5.664 5.664 5.664 5.664 5.664 5.664 5.664 5.664 5.664 5.664 5.664 5.664 5.664 5.664 5.664 5.664 5.664 5.664 5.664 5.664 5.664 5.664 9.090 9.090 9.090 9.090 9.090 9.090 9.090 9.090 9.090 9.090 9.090 9.090 9.090 9.090 9.090 9.090 9.090 9.090 9.090 9.090 9.090 9.090 10.680 10.680 10.680 10.680 10.680 10.680 10.680 10.680 10.680 10.680 10.680 10.680 10.680 10.680 10.680 10.680 10.680 10.680 10.680 10.680 10.680 10.680 9.331 9.331 9.331 9.331 9.331 9.331 9.331 9.331 9.331 9.331 9.331 9.331 9.331 9.331 9.331 9.331 9.331 9.331 9.331 9.331 9.331 9.331 8.400 8.400 8.400 8.400 8.400 8.400 8.400 8.400 8.400 8.400 8.400 8.400 8.400 8.400 8.400 8.400 8.400 8.400 8.400 8.400 8.400 8.400 7.885 7.885 7.885 7.885 7.885 7.885 7.885 7.885 7.885 7.885 7.885 7.885 7.885 7.885 7.885 7.885 7.885 7.885 7.885 7.885 7.885 7.885 10.503 10.503 10.503 10.503 10.503 10.503 10.503 10.503 10.503 10.503 10.503 10.503 10.503 10.503 10.503 10.503 10.503 10.503 10.503 10.503 10.503 10.503
0.0152 0.01508 9.00000 0.5235753655 2.2605042660    0.523 -1.398  3.5587  4.742    0  0.000  0.545     0.00     0.00     0.00     0.00     0.00 -1 -2.96e-15      0.00 7.101e-01 2.747e-01 2.738e-03 7.387e-04 6.700e-03 -1.000 1.523e-02       3620          0          0          0          0     0.5107     0.5107 8.265 7.851 6.469 5.829 5.611 9.009 10.582 9.236 8.326 7.823 10.410 7.851 7.851 7.851 7.851 7.851 7.851 7.851 7.851 7.851 7.851 7.851 7.851 7.851 7.851 7.851 7.851 7.851 7.851 7.851 7.851 7.851 7.851 6.469 6.469 6.469 6.469 6.469 6.469 6.469 6.469 6.469 6.469 6.469 6.469 6.469 6.469 6.469 6.469 6.469 6.469 6.469 6.469 6.469 6.469 5.829 5.829 5.829 5.829 5.829 5.829 5.829 5.829 5.829 5.829 5.829 5.829 5.829 5.829 5.829 5.829 5.829 5.829 5.829 5.829 5.829 5.829 5.611 5.611 5.611 5.611 5.611 5.611 5.611 5.611 5.611 5.611 5.611 5.611 5.611 5.611 5.611 5.611 5.611 5.611 5.611 5.611 5.611 5.611 9.009 9.009 9.009 9.009 9.009 9.009 9.009 9.009 9.009 9.009 9.009 9.009 9.009 9.009 9.009 9.009 9.009 9.009 9.009 9.009 9.009 9.009 10.582 10.582 10.582 10.582 10.582 10.582 10.582 10.582 10.582 10.582 10.582 10.582 10.582 10.582 10.582 10.582 10.582 10.582 10.582 10.582 10.582 10.582 9.236 9.236 9.236 9.236 9.236 9.236 9.236 9.236 9.236 9.236 9.236 9.236 9.236 9.236 9.236 9.236 9.236 9.236 9.236 9.236 9.236 9.236 8.326 8.326 8.326 8.326 8.326 8.326 8.326 8.326 8.326 8.326 8.326 8.326 8.326 8.326 8.326 8.326 8.326 8.326 8.326 8.326 8.326 8.326 7.823 7.823 7.823 7.823 7.823 7.823 7.823 7.823 7.823 7.823 7.823 7.823 7.823 7.823 7.823 7.823 7.823 7.823 7.823 7.823 7.823 7.823 10.410 10.410 10.410 10.410 10.410 10.410 10.410 10.410 10.410 10.410 10.410 10.410 10.410 10.410 10.410 10.410 10.410 10.410 10.410 10.410 10.410 10.410
0.0152 0.01508 9.00000 0.5316044688 2.2678198104    0.531 -1.372  3.5616  4.734    0  0.000  0.545     0.00     0.00     0.00     0.00     0.00 -1 -3.14e-15      0.00 7.104e-01 2.744e-01 2.734e-03 7.378e-04 6.691e-03 -1.000 1.521e-02       3645          0          0          0          0     0.5188     0.5188 8.201 7.779 6.413 5.771 5.555 8.925 10.481 9.137 8.249 7.759 10.313 7.779 7.779 7.779 7.779 7.779 7.779 7.779 7.779 7.779 7.779 7.779 7.779 7.779 7.779 7.779 7.779 7.779 7.779 7.779 7.779 7.779 7.779 6.413 6.413 6.413 6.413 6.413 6.413 6.413 6.413 6.413 6.413 6.413 6.413 6.413 6.413 6.413 6.413 6.413 6.413 6.413 6.413 6.413 6.413 5.771 5.771 5.771 5.771 5.771 5.771 5.771 5.771 5.771 5.771 5.771 5.771 5.771 5.771 5.771 5.771 5.771 5.771 5.771 5.771 5.771 5.771 5.555 5.555 5.555 5.555 5.555 5.555 5.555 5.555 5.555 5.555 5.555 5.555 5.555 5.555 5.555 5.555 5.555 5.555 5.555 5.555 5.555 5.555 8.925 8.925 8.925 8.925 8.925 8.925 8.925 8.925 8.925 8.925 8.925 8.925 8.925 8.925 8.925 8.925 8.925 8.925 8.925 8.925 8.925 8.925 10.481 10.481 10.481 10.481 10.481 10.481 10.481 10.481 10.481 10.481 10.481 10.481 10.481 10.481 10.481 10.481 10.481 10.481 10.481 10.481 10.481 10.481 9.137 9.137 9.137 9.137 9.137 9.137 9.137 9.137 9.137 9.137 9.137 9.137 9.137 9.137 9.137 9.137 9.137 9.137 9.137 9.137 9.137 9.137 8.249 8.249 8.249 8.249 8.249 8.249 8.249 8.249 8.249 8.249 8.249 8.249 8.249 8.249 8.249 8.249 8.249 8.249 8.249 8.249 8.249 8.249 7.759 7.759 7.759 7.759 7.759 7.759 7.759 7.759 7.759 7.759 7.759 7.759 7.759 7.759 7.759 7.759 7.759 7.759 7.759 7.759 7.759 7.759 10.313 10.313 10.313 10.313 10.313 10.313 10.313 10.313 10.313 10.313 10.313 10.313 10.313 10.313 10.313 10.313 10.313 10.313 10.313 10.313 10.313 10.313
0.0152 0.01508 9.00000 0.5392687917 2.2745697994    0.539 -1.348  3.5644  4.727    0  0.000  0.545     0.00     0.00     0.00     0.00     0.00 -1 -3.33e-15      0.00 7.109e-01 2.739e-01 2.731e-03 7.368e-04 6.682e-03 -1.000 1.519e-02       3668          0          0          0          0     0.5265     0.5265 8.141 7.712 6.361 5.716 5.502 8.846 10.387 9.044 8.177 7.699 10.222 7.712 7.712 7.712 7.712 7.712 7.712 7.712 7.712 7.712 7.712 7.712 7.712 7.712 7.712 7.712 7.712 7.712 7.712 7.712 7.712 7.712 7.712 6.361 6.361 6.361 6.361 6.361 6.361 6.361 6.361 6.361 6.361 6.361 6.361 6.361 6.361 6.361 6.361 6.361 6.361 6.361 6.361 6.361 6.361 5.716 5.716 5.716 5.716 5.716 5.716 5.716 5.716 5.716 5.716 5.716 5.716 5.716 5.716 5.716 5.716 5.716 5.716 5.716 5.716 5.716 5.716 5.502 5.502 5.502 5.502 5.502 5.502 5.502 5.502 5.502 5.502 5.502 5.502 5.502 5.502 5.502 5.502 5.502 5.502 5.502 5.502 5.502 5.502 8.846 8.846 8.846 8.846 8.846 8.846 8.846 8.846 8.846 8.846 8.846 8.846 8.846 8.846 8.846 8.846 8.846 8.846 8.846 8.846 8.846 8.846 10.387 10.387 10.387 10.387 10.387 10.387 10.387 10.387 10.387 10.387 10.387 10.387 10.387 10.387 10.387 10.387 10.387 10.387 10.387 10.387 10.387 10.387 9.044 9.044 9.044 9.044 9.044 9.044 9.044 9.044 9.044 9.044 9.044 9.044 9.044 9.044 9.044 9.044 9.044 9.044 9.044 9.044 9.044 9.044 8.177 8.177 8.177 8.177 8.177 8.177 8.177 8.177 8.177 8.177 8.177 8.177 8.177 8.177 8.177 8.177 8.177 8.177 8.177 8.177 8.177 8.177 7.699 7.699 7.699 7.699 7.699 7.699 7.699 7.699 7.699 7.699 7.699 7.699 7.699 7.699 7.699 7.699 7.699 7.699 7.699 7.699 7.699 7.699 10.222 10.222 10.222 10.222 10.222 10.222 10.222 10.222 10.222 10.222 10.222 10.222 10.222 10.222 10.222 10.222 10.222 10.222 10.222 10.222 10.222 10.222
0.0152 0.01508 9.00000 0.5472315550 2.2813528229    0.547 -1.324  3.5672  4.720    0  0.000  0.545     0.00     0.00     0.00     0.00     0.00 -1 -3.52e-15      0.00 7.114e-01 2.735e-01 2.726e-03 7.355e-04 6.671e-03 -1.000 1.518e-02       3691          0          0          0          0     0.5345     0.5345 8.079 7.643 6.307 5.661 5.448 8.765 10.290 8.949 8.103 7.637 10.130 7.643 7.643 7.643 7.643 7.643 7.643 7.643 7.643 7.643 7.643 7.643 7.643 7.643 7.643 7.643 7.643 7.643 7.643 7.643 7.643 7.643 7.643 6.307 6.307 6.307 6.307 6.307 6.307 6.307 6.307 6.307 6.307 6.307 6.307 6.307 6.307 6.307 6.307 6.307 6.307 6.307 6.307 6.307 6.307 5.661 5.661 5.661 5.661 5.661 5.661 5.661 5.661 5.661 5.661 5.661 5.661 5.661 5.661 5.661 5.661 5.661 5.661 5.661 5.661 5.661 5.661 5.448 5.448 5.448 5.448 5.448 5.448 5.448 5.448 5.448 5.448 5.448 5.448 5.448 5.448 5.448 5.448 5.448 5.448 5.448 5.448 5.448 5.448 8.765 8.765 8.765 8.765 8.765 8.765 8.765 8.765 8.765 8.765 8.765 8.765 8.765 8.765 8.765 8.765 8.765 8.765 8.765 8.765 8.765 8.765 10.290 10.290 10.290 10.290 10.290 10.290 10.290 10.290 10.290 10.290 10.290 10.290 10.290 10.290 10.290 10.290 10.290 10.290 10.290 10.290 10.290 10.290 8.949 8.949 8.949 8.949 8.949 8.949 8.949 8.949 8.949 8.949 8.949 8.949 8.949 8.949 8.949 8.949 8.949 8.949 8.949 8.949 8.949 8.949 8.103 8.103 8.103 8.103 8.103 8.103 8.103 8.103 8.103 8.103 8.103 8.103 8.103 8.103 8.103 8.103 8.103 8.103 8.103 8.103 8.103 8.103 7.637 7.637 7.637 7.637 7.637 7.637 7.637 7.637 7.637 7.637 7.637 7.637 7.637 7.637 7.637 7.637 7.637 7.637 7.637 7.637 7.637 7.637 10.130 10.130 10.130 10.130 10.130 10.130 10.130 10.130 10.130 10.130 10.130 10.130 10.130 10.130 10.130 10.130 10.130 10.130 10.130 10.130 10.130 10.130
0.0152 0.01508 9.00000 0.5538062453 2.2867846817    0.553 -1.302  3.5700  4.715    0  0.000  0.545     0.00     0.00     0.00     0.00     0.00 -1  -3.7e-15      0.00 7.116e-01 2.733e-01 2.724e-03 7.350e-04 6.666e-03 -1.000 1.517e-02       3715          0          0          0          0     0.5408     0.5408 8.026 7.582 6.262 5.613 5.403 8.692 10.201 8.862 8.038 7.583 10.046 7.582 7.582 7.582 7.582 7.582 7.582 7.582 7.582 7.582 7.582 7.582 7.582 7.582 7.582 7.582 7.582 7.582 7.582 7.582 7.582 7.582 7.582 6.262 6.262 6.262 6.262 6.262 6.262 6.262 6.262 6.262 6.262 6.262 6.262 6.262 6.262 6.262 6.262 6.262 6.262 6.262 6.262 6.262 6.262 5.613 5.613 5.613 5.613 5.613 5.613 5.613 5.613 5.613 5.613 5.613 5.613 5.613 5.613 5.613 5.613 5.613 5.613 5.613 5.613 5.613 5.613 5.403 5.403 5.403 5.403 5.403 5.403 5.403 5.403 5.403 5.403 5.403 5.403 5.403 5.403 5.403 5.403 5.403 5.403 5.403 5.403 5.403 5.403 8.692 8.692 8.692 8.692 8.692 8.692 8.692 8.692 8.692 8.692 8.692 8.692 8.692 8.692 8.692 8.692 8.692 8.692 8.692 8.692 8.692 8.692 10.201 10.201 10.201 10.201 10.201 10.201 10.201 10.201 10.201 10.201 10.201 10.201 10.201 10.201 10.201 10.201 10.201 10.201 10.201 10.201 10.201 10.201 8.862 8.862 8.862 8.862 8.862 8.862 8.862 8.862 8.862 8.862 8.862 8.862 8.862 8.862 8.862 8.862 8.862 8.862 8.862 8.862 8.862 8.862 8.038 8.038 8.038 8.038 8.038 8.038 8.038 8.038 8.038 8.038 8.038 8.038 8.038 8.038 8.038 8.038 8.038 8.038 8.038 8.038 8.038 8.038 7.583 7.583 7.583 7.583 7.583 7.583 7.583 7.583 7.583 7.583 7.583 7.583 7.583 7.583 7.583 7.583 7.583 7.583 7.583 7.583 7.583 7.583 10.046 10.046 10.046 10.046 10.046 10.046 10.046 10.046 10.046 10.046 10.046 10.046 10.046 10.046 10.046 10.046 10.046 10.046 10.046 10.046 10.046 10.046
0.0152 0.01508 9.00000 0.5715024471 2.3006934859    0.571 -1.244  3.5781  4.703    0  0.000  0.545     0.00     0.00     0.00     0.00     0.00 -1 -4.22e-15      0.00 7.117e-01 2.731e-01 2.723e-03 7.347e-04 6.664e-03 -1.000 1.516e-02       3786          0          0          0          0     0.5574     0.5574 7.880 7.415 6.139 5.484 5.282 8.491 9.957 8.623 7.859 7.439 9.815 7.415 7.415 7.415 7.415 7.415 7.415 7.415 7.415 7.415 7.415 7.415 7.415 7.415 7.415 7.415 7.415 7.415 7.415 7.415 7.415 7.415 7.415 6.139 6.139 6.139 6.139 6.139 6.139 6.139 6.139 6.139 6.139 6.139 6.139 6.139 6.139 6.139 6.139 6.139 6.139 6.139 6.139 6.139 6.139 5.484 5.484 5.484 5.484 5.484 5.484 5.484 5.484 5.484 5.484 5.484 5.484 5.484 5.484 5.484 5.484 5.484 5.484 5.484 5.484 5.484 5.484 5.282 5.282 5.282 5.282 5.282 5.282 5.282 5.282 5.282 5.282 5.282 5.282 5.282 5.282 5.282 5.282 5.282 5.282 5.282 5.282 5.282 5.282 8.491 8.491 8.491 8.491 8.491 8.491 8.491 8.491 8.491 8.491 8.491 8.491 8.491 8.491 8.491 8.491 8.491 8.491 8.491 8.491 8.491 8.491 9.957 9.957 9.957 9.957 9.957 9.957 9.957 9.957 9.957 9.957 9.957 9.957 9.957 9.957 9.957 9.957 9.957 9.957 9.957 9.957 9.957 9.957 8.623 8.623 8.623 8.623 8.623 8.623 8.623 8.623 8.623 8.623 8.623 8.623 8.623 8.623 8.623 8.623 8.623 8.623 8.623 8.623 8.623 8.623 7.859 7.859 7.859 7.859 7.859 7.859 7.859 7.859 7.859 7.859 7.859 7.859 7.859 7.859 7.859 7.859 7.859 7.859 7.859 7.859 7.859 7.859 7.439 7.439 7.439 7.439 7.439 7.439 7.439 7.439 7.439 7.439 7.439 7.439 7.439 7.439 7.439 7.439 7.439 7.439 7.439 7.439 7.439 7.439 9.815 9.815 9.815 9.815 9.815 9.815 9.815 9.815 9.815 9.815 9.815 9.815 9.815 9.815 9.815 9.815 9.815 9.815 9.815 9.815 9.815 9.815
0.0152 0.01508 9.00000 0.5937643647 2.3168438925    0.593 -1.173  3.5880  4.689    0  0.000  0.545     0.00     0.00     0.00     0.00     0.00 -1 -4.96e-15      0.00 7.118e-01 2.730e-01 2.722e-03 7.344e-04 6.661e-03 -1.000 1.514e-02       3873          0          0          0          0     0.5775     0.5775 7.703 7.216 5.988 5.326 5.136 8.253 9.668 8.344 7.647 7.265 9.544 7.216 7.216 7.216 7.216 7.216 7.216 7.216 7.216 7.216 7.216 7.216 7.216 7.216 7.216 7.216 7.216 7.216 7.216 7.216 7.216 7.216 7.216 5.988 5.988 5.988 5.988 5.988 5.988 5.988 5.988 5.988 5.988 5.988 5.988 5.988 5.988 5.988 5.988 5.988 5.988 5.988 5.988 5.988 5.988 5.326 5.326 5.326 5.326 5.326 5.326 5.326 5.326 5.326 5.326 5.326 5.326 5.326 5.326 5.326 5.326 5.326 5.326 5.326 5.326 5.326 5.326 5.136 5.136 5.136 5.136 5.136 5.136 5.136 5.136 5.136 5.136 5.136 5.136 5.136 5.136 5.136 5.136 5.136 5.136 5.136 5.136 5.136 5.136 8.253 8.253 8.253 8.253 8.253 8.253 8.253 8.253 8.253 8.253 8.253 8.253 8.253 8.253 8.253 8.253 8.253 8.253 8.253 8.253 8.253 8.253 9.668 9.668 9.668 9.668 9.668 9.668 9.668 9.668 9.668 9.668 9.668 9.668 9.668 9.668 9.668 9.668 9.668 9.668 9.668 9.668 9.668 9.668 8.344 8.344 8.344 8.344 8.344 8.344 8.344 8.344 8.344 8.344 8.344 8.344 8.344 8.344 8.344 8.344 8.344 8.344 8.344 8.344 8.344 8.344 7.647 7.647 7.647 7.647 7.647 7.647 7.647 7.647 7.647 7.647 7.647 7.647 7.647 7.647 7.647 7.647 7.647 7.647 7.647 7.647 7.647 7.647 7.265 7.265 7.265 7.265 7.265 7.265 7.265 7.265 7.265 7.265 7.265 7.265 7.265 7.265 7.265 7.265 7.265 7.265 7.265 7.265 7.265 7.265 9.544 9.544 9.544 9.544 9.544 9.544 9.544 9.544 9.544 9.544 9.544 9.544 9.544 9.544 9.544 9.544 9.544 9.544 9.544 9.544 9.544 9.544
0.0152 0.01508 9.00000 0.6000000238 2.3211213258    0.600 -1.154  3.5907  4.685    0  0.000  0.545     0.00     0.00     0.00     0.00     0.00 -1 -5.18e-15      0.00 7.119e-01 2.730e-01 2.721e-03 7.343e-04 6.660e-03 -1.000 1.513e-02       3896          0          0          0          0      0.583      0.583 7.655 7.162 5.947 5.282 5.096 8.189 9.590 8.270 7.589 7.218 9.471 7.162 7.162 7.162 7.162 7.162 7.162 7.162 7.162 7.162 7.162 7.162 7.162 7.162 7.162 7.162 7.162 7.162 7.162 7.162 7.162 7.162 7.162 5.947 5.947 5.947 5.947 5.947 5.947 5.947 5.947 5.947 5.947 5.947 5.947 5.947 5.947 5.947 5.947 5.947 5.947 5.947 5.947 5.947 5.947 5.282 5.282 5.282 5.282 5.282 5.282 5.282 5.282 5.282 5.282 5.282 5.282 5.282 5.282 5.282 5.282 5.282 5.282 5.282 5.282 5.282 5.282 5.096 5.096 5.096 5.096 5.096 5.096 5.096 5.096 5.096 5.096 5.096 5.096 5.096 5.096 5.096 5.096 5.096 5.096 5.096 5.096 5.096 5.096 8.189 8.189 8.189 8.189 8.189 8.189 8.189 8.189 8.189 8.189 8.189 8.189 8.189 8.189 8.189 8.189 8.189 8.189 8.189 8.189 8.189 8.189 9.590 9.590 9.590 9.590 9.590 9.590 9.590 9.590 9.590 9.590 9.590 9.590 9.590 9.590 9.590 9.590 9.590 9.590 9.590 9.590 9.590 9.590 8.270 8.270 8.270 8.270 8.270 8.270 8.270 8.270 8.270 8.270 8.270 8.270 8.270 8.270 8.270 8.270 8.270 8.270 8.270 8.270 8.270 8.270 7.589 7.589 7.589 7.589 7.589 7.589 7.589 7.589 7.589 7.589 7.589 7.589 7.589 7.589 7.589 7.589 7.589 7.589 7.589 7.589 7.589 7.589 7.218 7.218 7.218 7.218 7.218 7.218 7.218 7.218 7.218 7.218 7.218 7.218 7.218 7.218 7.218 7.218 7.218 7.218 7.218 7.218 7.218 7.218 9.471 9.471 9.471 9.471 9.471 9.471 9.471 9.471 9.471 9.471 9.471 9.471 9.471 9.471 9.471 9.471 9.471 9.471 9.471 9.471 9.471 9.471
0.0152 0.01508 9.00000 0.6075193882 2.3261452683    0.607 -1.129  3.5948  4.682    0  0.000  0.545     0.00     0.00     0.00     0.00     0.00 -1 -5.47e-15      0.00 7.119e-01 2.729e-01 2.721e-03 7.342e-04 6.659e-03 -1.000 1.514e-02       3935          0          0          0          0     0.5888     0.5888 7.592 7.091 5.895 5.227 5.047 8.103 9.482 8.170 7.514 7.158 9.373 7.091 7.091 7.091 7.091 7.091 7.091 7.091 7.091 7.091 7.091 7.091 7.091 7.091 7.091 7.091 7.091 7.091 7.091 7.091 7.091 7.091 7.091 5.895 5.895 5.895 5.895 5.895 5.895 5.895 5.895 5.895 5.895 5.895 5.895 5.895 5.895 5.895 5.895 5.895 5.895 5.895 5.895 5.895 5.895 5.227 5.227 5.227 5.227 5.227 5.227 5.227 5.227 5.227 5.227 5.227 5.227 5.227 5.227 5.227 5.227 5.227 5.227 5.227 5.227 5.227 5.227 5.047 5.047 5.047 5.047 5.047 5.047 5.047 5.047 5.047 5.047 5.047 5.047 5.047 5.047 5.047 5.047 5.047 5.047 5.047 5.047 5.047 5.047 8.103 8.103 8.103 8.103 8.103 8.103 8.103 8.103 8.103 8.103 8.103 8.103 8.103 8.103 8.103 8.103 8.103 8.103 8.103 8.103 8.103 8.103 9.482 9.482 9.482 9.482 9.482 9.482 9.482 9.482 9.482 9.482 9.482 9.482 9.482 9.482 9.482 9.482 9.482 9.482 9.482 9.482 9.482 9.482 8.170 8.170 8.170 8.170 8.170 8.170 8.170 8.170 8.170 8.170 8.170 8.170 8.170 8.170 8.170 8.170 8.170 8.170 8.170 8.170 8.170 8.170 7.514 7.514 7.514 7.514 7.514 7.514 7.514 7.514 7.514 7.514 7.514 7.514 7.514 7.514 7.514 7.514 7.514 7.514 7.514 7.514 7.514 7.514 7.158 7.158 7.158 7.158 7.158 7.158 7.158 7.158 7.158 7.158 7.158 7.158 7.158 7.158 7.158 7.158 7.158 7.158 7.158 7.158 7.158 7.158 9.373 9.373 9.373 9.373 9.373 9.373 9.373 9.373 9.373 9.373 9.373 9.373 9.373 9.373 9.373 9.373 9.373 9.373 9.373 9.373 9.373 9.373
0.0152 0.01508 9.00000 0.6163987517 2.3318967402    0.616 -1.100  3.5997  4.678    0  0.000  0.545     0.00     0.00     0.00     0.00     0.00 -1 -5.83e-15      0.00 7.120e-01 2.729e-01 2.721e-03 7.340e-04 6.657e-03 -1.000 1.516e-02       3979          0          0          0          0     0.5956     0.5956 7.519 7.008 5.834 5.163 4.990 8.003 9.357 8.053 7.427 7.087 9.259 7.008 7.008 7.008 7.008 7.008 7.008 7.008 7.008 7.008 7.008 7.008 7.008 7.008 7.008 7.008 7.008 7.008 7.008 7.008 7.008 7.008 7.008 5.834 5.834 5.834 5.834 5.834 5.834 5.834 5.834 5.834 5.834 5.834 5.834 5.834 5.834 5.834 5.834 5.834 5.834 5.834 5.834 5.834 5.834 5.163 5.163 5.163 5.163 5.163 5.163 5.163 5.163 5.163 5.163 5.163 5.163 5.163 5.163 5.163 5.163 5.163 5.163 5.163 5.163 5.163 5.163 4.990 4.990 4.990 4.990 4.990 4.990 4.990 4.990 4.990 4.990 4.990 4.990 4.990 4.990 4.990 4.990 4.990 4.990 4.990 4.990 4.990 4.990 8.003 8.003 8.003 8.003 8.003 8.003 8.003 8.003 8.003 8.003 8.003 8.003 8.003 8.003 8.003 8.003 8.003 8.003 8.003 8.003 8.003 8.003 9.357 9.357 9.357 9.357 9.357 9.357 9.357 9.357 9.357 9.357 9.357 9.357 9.357 9.357 9.357 9.357 9.357 9.357 9.357 9.357 9.357 9.357 8.053 8.053 8.053 8.053 8.053 8.053 8.053 8.053 8.053 8.053 8.053 8.053 8.053 8.053 8.053 8.053 8.053 8.053 8.053 8.053 8.053 8.053 7.427 7.427 7.427 7.427 7.427 7.427 7.427 7.427 7.427 7.427 7.427 7.427 7.427 7.427 7.427 7.427 7.427 7.427 7.427 7.427 7.427 7.427 7.087 7.087 7.087 7.087 7.087 7.087 7.087 7.087 7.087 7.087 7.087 7.087 7.087 7.087 7.087 7.087 7.087 7.087 7.087 7.087 7.087 7.087 9.259 9.259 9.259 9.259 9.259 9.259 9.259 9.259 9.259 9.259 9.259 9.259 9.259 9.259 9.259 9.259 9.259 9.259 9.259 9.259 9.259 9.259
0.0152 0.01508 9.00000 0.6249176860 2.3372384475    0.625 -1.072  3.6042  4.675    0  0.000  0.545     0.00     0.00     0.00     0.00     0.00 -1  -6.2e-15      0.00 7.121e-01 2.728e-01 2.720e-03 7.339e-04 6.656e-03 -1.000 1.515e-02       4022          0          0          0          0      0.602      0.602 7.450 6.931 5.775 5.104 4.937 7.909 9.238 7.946 7.345 7.021 9.153 6.931 6.931 6.931 6.931 6.931 6.931 6.931 6.931 6.931 6.931 6.931 6.931 6.931 6.931 6.931 6.931 6.931 6.931 6.931 6.931 6.931 6.931 5.775 5.775 5.775 5.775 5.775 5.775 5.775 5.775 5.775 5.775 5.775 5.775 5.775 5.775 5.775 5.775 5.775 5.775 5.775 5.775 5.775 5.775 5.104 5.104 5.104 5.104 5.104 5.104 5.104 5.104 5.104 5.104 5.104 5.104 5.104 5.104 5.104 5.104 5.104 5.104 5.104 5.104 5.104 5.104 4.937 4.937 4.937 4.937 4.937 4.937 4.937 4.937 4.937 4.937 4.937 4.937 4.937 4.937 4.937 4.937 4.937 4.937 4.937 4.937 4.937 4.937 7.909 7.909 7.909 7.909 7.909 7.909 7.909 7.909 7.909 7.909 7.909 7.909 7.909 7.909 7.909 7.909 7.909 7.909 7.909 7.909 7.909 7.909 9.238 9.238 9.238 9.238 9.238 9.238 9.238 9.238 9.238 9.238 9.238 9.238 9.238 9.238 9.238 9.238 9.238 9.238 9.238 9.238 9.238 9.238 7.946 7.946 7.946 7.946 7.946 7.946 7.946 7.946 7.946 7.946 7.946 7.946 7.946 7.946 7.946 7.946 7.946 7.946 7.946 7.946 7.946 7.946 7.345 7.345 7.345 7.345 7.345 7.345 7.345 7.345 7.345 7.345 7.345 7.345 7.345 7.345 7.345 7.345 7.345 7.345 7.345 7.345 7.345 7.345 7.021 7.021 7.021 7.021 7.021 7.021 7.021 7.021 7.021 7.021 7.021 7.021 7.021 7.021 7.021 7.021 7.021 7.021 7.021 7.021 7.021 7.021 9.153 9.153 9.153 9.153 9.153 9.153 9.153 9.153 9.153 9.153 9.153 9.153 9.153 9.153 9.153 9.153 9.153 9.153 9.153 9.153 9.153 9.153
0.0152 0.01508 9.00000 0.6409611702 2.3468564240    0.641 -1.021  3.6127  4.669    0  0.000  0.545     0.00     0.00     0.00     0.00     0.00 -1 -6.93e-15      0.00 7.122e-01 2.727e-01 2.719e-03 7.336e-04 6.654e-03 -1.000 1.516e-02       4100          0          0          0          0     0.6139     0.6139 7.323 6.787 5.667 4.995 4.840 7.737 9.020 7.750 7.195 6.898 8.958 6.787 6.787 6.787 6.787 6.787 6.787 6.787 6.787 6.787 6.787 6.787 6.787 6.787 6.787 6.787 6.787 6.787 6.787 6.787 6.787 6.787 6.787 5.667 5.667 5.667 5.667 5.667 5.667 5.667 5.667 5.667 5.667 5.667 5.667 5.667 5.667 5.667 5.667 5.667 5.667 5.667 5.667 5.667 5.667 4.995 4.995 4.995 4.995 4.995 4.995 4.995 4.995 4.995 4.995 4.995 4.995 4.995 4.995 4.995 4.995 4.995 4.995 4.995 4.995 4.995 4.995 4.840 4.840 4.840 4.840 4.840 4.840 4.840 4.840 4.840 4.840 4.840 4.840 4.840 4.840 4.840 4.840 4.840 4.840 4.840 4.840 4.840 4.840 7.737 7.737 7.737 7.737 7.737 7.737 7.737 7.737 7.737 7.737 7.737 7.737 7.737 7.737 7.737 7.737 7.737 7.737 7.737 7.737 7.737 7.737 9.020 9.020 9.020 9.020 9.020 9.020 9.020 9.020 9.020 9.020 9.020 9.020 9.020 9.020 9.020 9.020 9.020 9.020 9.020 9.020 9.020 9.020 7.750 7.750 7.750 7.750 7.750 7.750 7.750 7.750 7.750 7.750 7.750 7.750 7.750 7.750 7.750 7.750 7.750 7.750 7.750 7.750 7.750 7.750 7.195 7.195 7.195 7.195 7.195 7.195 7.195 7.195 7.195 7.195 7.195 7.195 7.195 7.195 7.195 7.195 7.195 7.195 7.195 7.195 7.195 7.195 6.898 6.898 6.898 6.898 6.898 6.898 6.898 6.898 6.898 6.898 6.898 6.898 6.898 6.898 6.898 6.898 6.898 6.898 6.898 6.898 6.898 6.898 8.958 8.958 8.958 8.958 8.958 8.958 8.958 8.958 8.958 8.958 8.958 8.958 8.958 8.958 8.958 8.958 8.958 8.958 8.958 8.958 8.958 8.958
0.0152 0.01508 9.00000 0.6499999762 2.3520353107    0.650 -0.993  3.6174  4.666    0  0.000  0.545     0.00     0.00     0.00     0.00     0.00 -1 -7.37e-15      0.00 7.122e-01 2.726e-01 2.718e-03 7.335e-04 6.653e-03 -1.000 1.516e-02       4143          0          0          0          0     0.6204     0.6204 7.253 6.708 5.607 4.936 4.788 7.642 8.900 7.643 7.112 6.830 8.849 6.708 6.708 6.708 6.708 6.708 6.708 6.708 6.708 6.708 6.708 6.708 6.708 6.708 6.708 6.708 6.708 6.708 6.708 6.708 6.708 6.708 6.708 5.607 5.607 5.607 5.607 5.607 5.607 5.607 5.607 5.607 5.607 5.607 5.607 5.607 5.607 5.607 5.607 5.607 5.607 5.607 5.607 5.607 5.607 4.936 4.936 4.936 4.936 4.936 4.936 4.936 4.936 4.936 4.936 4.936 4.936 4.936 4.936 4.936 4.936 4.936 4.936 4.936 4.936 4.936 4.936 4.788 4.788 4.788 4.788 4.788 4.788 4.788 4.788 4.788 4.788 4.788 4.788 4.788 4.788 4.788 4.788 4.788 4.788 4.788 4.788 4.788 4.788 7.642 7.642 7.642 7.642 7.642 7.642 7.642 7.642 7.642 7.642 7.642 7.642 7.642 7.642 7.642 7.642 7.642 7.642 7.642 7.642 7.642 7.642 8.900 8.900 8.900 8.900 8.900 8.900 8.900 8.900 8.900 8.900 8.900 8.900 8.900 8.900 8.900 8.900 8.900 8.900 8.900 8.900 8.900 8.900 7.643 7.643 7.643 7.643 7.643 7.643 7.643 7.643 7.643 7.643 7.643 7.643 7.643 7.643 7.643 7.643 7.643 7.643 7.643 7.643 7.643 7.643 7.112 7.112 7.112 7.112 7.112 7.112 7.112 7.112 7.112 7.112 7.112 7.112 7.112 7.112 7.112 7.112 7.112 7.112 7.112 7.112 7.112 7.112 6.830 6.830 6.830 6.830 6.830 6.830 6.830 6.830 6.830 6.830 6.830 6.830 6.830 6.830 6.830 6.830 6.830 6.830 6.830 6.830 6.830 6.830 8.849 8.849 8.849 8.849 8.849 8.849 8.849 8.849 8.849 8.849 8.849 8.849 8.849 8.849 8.849 8.849 8.849 8.849 8.849 8.849 8.849 8.849
0.0152 0.01508 9.00000 0.7000000477 2.3779267258    0.700 -0.839  3.6454  4.655    1  0.000  0.545     0.00     0.00     0.00     0.00     0.00 -1 -1.02e-14      0.00 7.126e-01 2.723e-01 2.716e-03 7.328e-04 6.647e-03 -1.000 1.513e-02       4419          0          0          0          0     0.6514     0.6514 6.867 6.274 5.292 4.650 4.539 7.109 8.186 7.046 6.663 6.463 8.189 6.274 6.274 6.274 6.274 6.274 6.274 6.274 6.274 6.274 6.274 6.274 6.274 6.274 6.274 6.274 6.274 6.274 6.274 6.274 6.274 6.274 6.274 5.292 5.292 5.292 5.292 5.292 5.292 5.292 5.292 5.292 5.292 5.292 5.292 5.292 5.292 5.292 5.292 5.292 5.292 5.292 5.292 5.292 5.292 4.650 4.650 4.650 4.650 4.650 4.650 4.650 4.650 4.650 4.650 4.650 4.650 4.650 4.650 4.650 4.650 4.650 4.650 4.650 4.650 4.650 4.650 4.539 4.539 4.539 4.539 4.539 4.539 4.539 4.539 4.539 4.539 4.539 4.539 4.539 4.539 4.539 4.539 4.539 4.539 4.539 4.539 4.539 4.539 7.109 7.109 7.109 7.109 7.109 7.109 7.109 7.109 7.109 7.109 7.109 7.109 7.109 7.109 7.109 7.109 7.109 7.109 7.109 7.109 7.109 7.109 8.186 8.186 8.186 8.186 8.186 8.186 8.186 8.186 8.186 8.186 8.186 8.186 8.186 8.186 8.186 8.186 8.186 8.186 8.186 8.186 8.186 8.186 7.046 7.046 7.046 7.046 7.046 7.046 7.046 7.046 7.046 7.046 7.046 7.046 7.046 7.046 7.046 7.046 7.046 7.046 7.046 7.046 7.046 7.046 6.663 6.663 6.663 6.663 6.663 6.663 6.663 6.663 6.663 6.663 6.663 6.663 6.663 6.663 6.663 6.663 6.663 6.663 6.663 6.663 6.663 6.663 6.463 6.463 6.463 6.463 6.463 6.463 6.463 6.463 6.463 6.463 6.463 6.463 6.463 6.463 6.463 6.463 6.463 6.463 6.463 6.463 6.463 6.463 8.189 8.189 8.189 8.189 8.189 8.189 8.189 8.189 8.189 8.189 8.189 8.189 8.189 8.189 8.189 8.189 8.189 8.189 8.189 8.189 8.189 8.189
0.0152 0.01508 9.00000 0.7103620172 2.3827707940    0.710 -0.807  3.6516  4.655    1  0.000  0.543     0.00     0.00     0.00     0.00     0.00 -1 -1.09e-14      0.00 7.127e-01 2.722e-01 2.707e-03 7.322e-04 6.644e-03 -1.000 1.511e-02       4484          0          0          0          0     0.6565     0.6565 6.788 6.184 5.231 4.604 4.499 6.998 8.030 6.925 6.571 6.387 8.033 6.184 6.184 6.184 6.184 6.184 6.184 6.184 6.184 6.184 6.184 6.184 6.184 6.184 6.184 6.184 6.184 6.184 6.184 6.184 6.184 6.184 6.184 5.231 5.231 5.231 5.231 5.231 5.231 5.231 5.231 5.231 5.231 5.231 5.231 5.231 5.231 5.231 5.231 5.231 5.231 5.231 5.231 5.231 5.231 4.604 4.604 4.604 4.604 4.604 4.604 4.604 4.604 4.604 4.604 4.604 4.604 4.604 4.604 4.604 4.604 4.604 4.604 4.604 4.604 4.604 4.604 4.499 4.499 4.499 4.499 4.499 4.499 4.499 4.499 4.499 4.499 4.499 4.499 4.499 4.499 4.499 4.499 4.499 4.499 4.499 4.499 4.499 4.499 6.998 6.998 6.998 6.998 6.998 6.998 6.998 6.998 6.998 6.998 6.998 6.998 6.998 6.998 6.998 6.998 6.998 6.998 6.998 6.998 6.998 6.998 8.030 8.030 8.030 8.030 8.030 8.030 8.030 8.030 8.030 8.030 8.030 8.030 8.030 8.030 8.030 8.030 8.030 8.030 8.030 8.030 8.030 8.030 6.925 6.925 6.925 6.925 6.925 6.925 6.925 6.925 6.925 6.925 6.925 6.925 6.925 6.925 6.925 6.925 6.925 6.925 6.925 6.925 6.925 6.925 6.571 6.571 6.571 6.571 6.571 6.571 6.571 6.571 6.571 6.571 6.571 6.571 6.571 6.571 6.571 6.571 6.571 6.571 6.571 6.571 6.571 6.571 6.387 6.387 6.387 6.387 6.387 6.387 6.387 6.387 6.387 6.387 6.387 6.387 6.387 6.387 6.387 6.387 6.387 6.387 6.387 6.387 6.387 6.387 8.033 8.033 8.033 8.033 8.033 8.033 8.033 8.033 8.033 8.033 8.033 8.033 8.033 8.033 8.033 8.033 8.033 8.033 8.033 8.033 8.033 8.033
0.0152 0.01508 9.00000 0.7500000000 2.3998889087    0.750 -0.692  3.6743  4.654    1  0.000  0.538     0.00     0.00     0.00     0.00     0.00 -1 -1.39e-14      0.00 7.128e-01 2.721e-01 2.678e-03 7.314e-04 6.644e-03 -1.000 1.510e-02       4723          0          0          0          0     0.6753     0.6753 6.500 5.865 5.010 4.453 4.363 6.609 7.482 6.521 6.244 6.107 7.446 5.865 5.865 5.865 5.865 5.865 5.865 5.865 5.865 5.865 5.865 5.865 5.865 5.865 5.865 5.865 5.865 5.865 5.865 5.865 5.865 5.865 5.865 5.010 5.010 5.010 5.010 5.010 5.010 5.010 5.010 5.010 5.010 5.010 5.010 5.010 5.010 5.010 5.010 5.010 5.010 5.010 5.010 5.010 5.010 4.453 4.453 4.453 4.453 4.453 4.453 4.453 4.453 4.453 4.453 4.453 4.453 4.453 4.453 4.453 4.453 4.453 4.453 4.453 4.453 4.453 4.453 4.363 4.363 4.363 4.363 4.363 4.363 4.363 4.363 4.363 4.363 4.363 4.363 4.363 4.363 4.363 4.363 4.363 4.363 4.363 4.363 4.363 4.363 6.609 6.609 6.609 6.609 6.609 6.609 6.609 6.609 6.609 6.609 6.609 6.609 6.609 6.609 6.609 6.609 6.609 6.609 6.609 6.609 6.609 6.609 7.482 7.482 7.482 7.482 7.482 7.482 7.482 7.482 7.482 7.482 7.482 7.482 7.482 7.482 7.482 7.482 7.482 7.482 7.482 7.482 7.482 7.482 6.521 6.521 6.521 6.521 6.521 6.521 6.521 6.521 6.521 6.521 6.521 6.521 6.521 6.521 6.521 6.521 6.521 6.521 6.521 6.521 6.521 6.521 6.244 6.244 6.244 6.244 6.244 6.244 6.244 6.244 6.244 6.244 6.244 6.244 6.244 6.244 6.244 6.244 6.244 6.244 6.244 6.244 6.244 6.244 6.107 6.107 6.107 6.107 6.107 6.107 6.107 6.107 6.107 6.107 6.107 6.107 6.107 6.107 6.107 6.107 6.107 6.107 6.107 6.107 6.107 6.107 7.446 7.446 7.446 7.446 7.446 7.446 7.446 7.446 7.446 7.446 7.446 7.446 7.446 7.446 7.446 7.446 7.446 7.446 7.446 7.446 7.446 7.446
0.0152 0.01508 9.00000 0.8000000119 2.4187244405    0.800 -0.560  3.6948  4.632    0  0.000  0.545     0.00     0.00     0.00     0.00     0.00 -1 -1.93e-14      0.00 7.139e-01 2.711e-01 2.704e-03 7.297e-04 6.618e-03 -1.000 1.503e-02       4952          0          0          0          0      0.715      0.715 6.171 5.522 4.747 4.255 4.175 6.211 6.954 6.122 5.895 5.792 6.865 5.522 5.522 5.522 5.522 5.522 5.522 5.522 5.522 5.522 5.522 5.522 5.522 5.522 5.522 5.522 5.522 5.522 5.522 5.522 5.522 5.522 5.522 4.747 4.747 4.747 4.747 4.747 4.747 4.747 4.747 4.747 4.747 4.747 4.747 4.747 4.747 4.747 4.747 4.747 4.747 4.747 4.747 4.747 4.747 4.255 4.255 4.255 4.255 4.255 4.255 4.255 4.255 4.255 4.255 4.255 4.255 4.255 4.255 4.255 4.255 4.255 4.255 4.255 4.255 4.255 4.255 4.175 4.175 4.175 4.175 4.175 4.175 4.175 4.175 4.175 4.175 4.175 4.175 4.175 4.175 4.175 4.175 4.175 4.175 4.175 4.175 4.175 4.175 6.211 6.211 6.211 6.211 6.211 6.211 6.211 6.211 6.211 6.211 6.211 6.211 6.211 6.211 6.211 6.211 6.211 6.211 6.211 6.211 6.211 6.211 6.954 6.954 6.954 6.954 6.954 6.954 6.954 6.954 6.954 6.954 6.954 6.954 6.954 6.954 6.954 6.954 6.954 6.954 6.954 6.954 6.954 6.954 6.122 6.122 6.122 6.122 6.122 6.122 6.122 6.122 6.122 6.122 6.122 6.122 6.122 6.122 6.122 6.122 6.122 6.122 6.122 6.122 6.122 6.122 5.895 5.895 5.895 5.895 5.895 5.895 5.895 5.895 5.895 5.895 5.895 5.895 5.895 5.895 5.895 5.895 5.895 5.895 5.895 5.895 5.895 5.895 5.792 5.792 5.792 5.792 5.792 5.792 5.792 5.792 5.792 5.792 5.792 5.792 5.792 5.792 5.792 5.792 5.792 5.792 5.792 5.792 5.792 5.792 6.865 6.865 6.865 6.865 6.865 6.865 6.865 6.865 6.865 6.865 6.865 6.865 6.865 6.865 6.865 6.865 6.865 6.865 6.865 6.865 6.865 6.865
0.0152 0.01508 9.00000 0.8200000525 2.4255231855    0.820 -0.510  3.7027  4.624    1  0.000  0.545     0.00     0.00     0.00     0.00     0.00 -1 -2.15e-14      0.00 7.138e-01 2.711e-01 2.706e-03 7.301e-04 6.622e-03 -1.000 1.504e-02       5043          0          0          0          0     0.7309     0.7309 6.044 5.394 4.647 4.180 4.104 6.063 6.760 5.975 5.764 5.672 6.649 5.394 5.394 5.394 5.394 5.394 5.394 5.394 5.394 5.394 5.394 5.394 5.394 5.394 5.394 5.394 5.394 5.394 5.394 5.394 5.394 5.394 5.394 4.647 4.647 4.647 4.647 4.647 4.647 4.647 4.647 4.647 4.647 4.647 4.647 4.647 4.647 4.647 4.647 4.647 4.647 4.647 4.647 4.647 4.647 4.180 4.180 4.180 4.180 4.180 4.180 4.180 4.180 4.180 4.180 4.180 4.180 4.180 4.180 4.180 4.180 4.180 4.180 4.180 4.180 4.180 4.180 4.104 4.104 4.104 4.104 4.104 4.104 4.104 4.104 4.104 4.104 4.104 4.104 4.104 4.104 4.104 4.104 4.104 4.104 4.104 4.104 4.104 4.104 6.063 6.063 6.063 6.063 6.063 6.063 6.063 6.063 6.063 6.063 6.063 6.063 6.063 6.063 6.063 6.063 6.063 6.063 6.063 6.063 6.063 6.063 6.760 6.760 6.760 6.760 6.760 6.760 6.760 6.760 6.760 6.760 6.760 6.760 6.760 6.760 6.760 6.760 6.760 6.760 6.760 6.760 6.760 6.760 5.975 5.975 5.975 5.975 5.975 5.975 5.975 5.975 5.975 5.975 5.975 5.975 5.975 5.975 5.975 5.975 5.975 5.975 5.975 5.975 5.975 5.975 5.764 5.764 5.764 5.764 5.764 5.764 5.764 5.764 5.764 5.764 5.764 5.764 5.764 5.764 5.764 5.764 5.764 5.764 5.764 5.764 5.764 5.764 5.672 5.672 5.672 5.672 5.672 5.672 5.672 5.672 5.672 5.672 5.672 5.672 5.672 5.672 5.672 5.672 5.672 5.672 5.672 5.672 5.672 5.672 6.649 6.649 6.649 6.649 6.649 6.649 6.649 6.649 6.649 6.649 6.649 6.649 6.649 6.649 6.649 6.649 6.649 6.649 6.649 6.649 6.649 6.649
0.0152 0.01508 9.00000 0.8400000334 2.4319509417    0.840 -0.459  3.7101  4.614    1  0.000  0.545     0.00     0.00     0.00     0.00     0.00 -1 -2.45e-14      0.00 7.141e-01 2.709e-01 2.704e-03 7.296e-04 6.618e-03 -1.000 1.503e-02       5129          0          0          0          0     0.7483     0.7483 5.919 5.268 4.548 4.103 4.030 5.919 6.578 5.832 5.636 5.555 6.449 5.268 5.268 5.268 5.268 5.268 5.268 5.268 5.268 5.268 5.268 5.268 5.268 5.268 5.268 5.268 5.268 5.268 5.268 5.268 5.268 5.268 5.268 4.548 4.548 4.548 4.548 4.548 4.548 4.548 4.548 4.548 4.548 4.548 4.548 4.548 4.548 4.548 4.548 4.548 4.548 4.548 4.548 4.548 4.548 4.103 4.103 4.103 4.103 4.103 4.103 4.103 4.103 4.103 4.103 4.103 4.103 4.103 4.103 4.103 4.103 4.103 4.103 4.103 4.103 4.103 4.103 4.030 4.030 4.030 4.030 4.030 4.030 4.030 4.030 4.030 4.030 4.030 4.030 4.030 4.030 4.030 4.030 4.030 4.030 4.030 4.030 4.030 4.030 5.919 5.919 5.919 5.919 5.919 5.919 5.919 5.919 5.919 5.919 5.919 5.919 5.919 5.919 5.919 5.919 5.919 5.919 5.919 5.919 5.919 5.919 6.578 6.578 6.578 6.578 6.578 6.578 6.578 6.578 6.578 6.578 6.578 6.578 6.578 6.578 6.578 6.578 6.578 6.578 6.578 6.578 6.578 6.578 5.832 5.832 5.832 5.832 5.832 5.832 5.832 5.832 5.832 5.832 5.832 5.832 5.832 5.832 5.832 5.832 5.832 5.832 5.832 5.832 5.832 5.832 5.636 5.636 5.636 5.636 5.636 5.636 5.636 5.636 5.636 5.636 5.636 5.636 5.636 5.636 5.636 5.636 5.636 5.636 5.636 5.636 5.636 5.636 5.555 5.555 5.555 5.555 5.555 5.555 5.555 5.555 5.555 5.555 5.555 5.555 5.555 5.555 5.555 5.555 5.555 5.555 5.555 5.555 5.555 5.555 6.449 6.449 6.449 6.449 6.449 6.449 6.449 6.449 6.449 6.449 6.449 6.449 6.449 6.449 6.449 6.449 6.449 6.449 6.449 6.449 6.449 6.449
0.0152 0.01508 9.00000 0.8600000143 2.4380360988    0.860 -0.411  3.7175  4.606    0  0.000  0.545     0.00     0.00     0.00     0.00     0.00 -1 -2.72e-14      0.00 7.141e-01 2.709e-01 2.704e-03 7.296e-04 6.618e-03 -1.000 1.503e-02       5218          0          0          0          0     0.7645     0.7645 5.798 5.153 4.458 4.038 3.970 5.784 6.392 5.704 5.522 5.446 6.217 5.153 5.153 5.155 5.153 5.153 5.153 5.153 5.153 5.153 5.153 5.153 5.153 5.153 5.153 5.153 5.153 5.153 5.153 5.153 5.153 5.153 5.153 4.458 4.459 4.460 4.459 4.459 4.459 4.459 4.459 4.459 4.459 4.459 4.459 4.459 4.459 4.459 4.459 4.459 4.459 4.459 4.459 4.459 4.459 4.038 4.038 4.039 4.038 4.038 4.038 4.038 4.038 4.038 4.038 4.038 4.038 4.038 4.038 4.038 4.038 4.038 4.038 4.038 4.038 4.038 4.038 3.970 3.971 3.971 3.971 3.971 3.971 3.971 3.971 3.971 3.971 3.971 3.971 3.971 3.971 3.971 3.971 3.971 3.971 3.971 3.971 3.971 3.971 5.784 5.785 5.787 5.785 5.785 5.785 5.785 5.785 5.785 5.785 5.785 5.785 5.785 5.785 5.785 5.785 5.785 5.785 5.785 5.785 5.785 5.785 6.392 6.392 6.396 6.392 6.392 6.392 6.392 6.392 6.392 6.392 6.392 6.392 6.392 6.392 6.392 6.392 6.392 6.392 6.392 6.392 6.392 6.392 5.704 5.704 5.707 5.704 5.704 5.704 5.704 5.704 5.704 5.704 5.704 5.704 5.704 5.704 5.704 5.704 5.704 5.704 5.704 5.704 5.704 5.704 5.522 5.522 5.524 5.522 5.522 5.522 5.522 5.522 5.522 5.522 5.522 5.522 5.522 5.522 5.522 5.522 5.522 5.522 5.522 5.522 5.522 5.522 5.446 5.446 5.448 5.446 5.446 5.446 5.446 5.446 5.446 5.446 5.446 5.446 5.446 5.446 5.446 5.446 5.446 5.446 5.446 5.446 5.446 5.446 6.217 6.217 6.221 6.217 6.217 6.217 6.217 6.217 6.217 6.217 6.217 6.217 6.217 6.217 6.217 6.217 6.217 6.217 6.217 6.217 6.217 6.217
0.0152 0.01508 9.00000 0.8799999952 2.4438042628    0.879 -0.364  3.7247  4.597    0  0.000  0.545     0.00     0.00     0.00     0.00     0.00 -1    -3e-14      0.00 7.140e-01 2.710e-01 2.706e-03 7.301e-04 6.623e-03 -1.000 1.505e-02       5305          0          0          0          0      0.781      0.781 5.680 5.042 4.371 3.975 3.912 5.655 6.220 5.580 5.411 5.340 6.012 5.042 5.042 5.046 5.042 5.042 5.042 5.042 5.042 5.042 5.042 5.042 5.042 5.042 5.042 5.042 5.042 5.042 5.042 5.042 5.042 5.042 5.042 4.371 4.372 4.374 4.372 4.372 4.372 4.372 4.372 4.372 4.372 4.372 4.372 4.372 4.372 4.372 4.372 4.372 4.372 4.372 4.372 4.372 4.372 3.975 3.975 3.976 3.975 3.975 3.975 3.975 3.975 3.975 3.975 3.975 3.975 3.975 3.975 3.975 3.975 3.975 3.975 3.975 3.975 3.975 3.975 3.912 3.913 3.913 3.913 3.913 3.913 3.913 3.913 3.913 3.913 3.913 3.913 3.913 3.913 3.913 3.913 3.913 3.913 3.913 3.913 3.913 3.913 5.655 5.655 5.661 5.655 5.655 5.655 5.655 5.655 5.655 5.655 5.655 5.655 5.655 5.655 5.655 5.655 5.655 5.655 5.655 5.655 5.655 5.655 6.220 6.220 6.228 6.220 6.220 6.220 6.220 6.220 6.220 6.220 6.220 6.220 6.220 6.220 6.220 6.220 6.220 6.220 6.220 6.220 6.220 6.220 5.580 5.580 5.585 5.580 5.580 5.580 5.580 5.580 5.580 5.580 5.580 5.580 5.580 5.580 5.580 5.580 5.580 5.580 5.580 5.580 5.580 5.580 5.411 5.411 5.415 5.411 5.411 5.411 5.411 5.411 5.411 5.411 5.411 5.411 5.411 5.411 5.411 5.411 5.411 5.411 5.411 5.411 5.411 5.411 5.340 5.340 5.344 5.340 5.340 5.340 5.340 5.340 5.340 5.340 5.340 5.340 5.340 5.340 5.340 5.340 5.340 5.340 5.340 5.340 5.340 5.340 6.012 6.012 6.019 6.012 6.012 6.012 6.012 6.012 6.012 6.012 6.012 6.012 6.012 6.012 6.012 6.012 6.012 6.012 6.012 6.012 6.012 6.012
0.0152 0.01508 9.00000 0.9000000358 2.4492786175    0.899 -0.317  3.7313  4.586    0  0.000  0.545     0.00     0.00     0.00     0.00     0.00 -1 -3.34e-14      0.00 7.142e-01 2.708e-01 2.704e-03 7.296e-04 6.618e-03 -1.000 1.504e-02       5386          0          0          0          0     0.7998     0.7998 5.563 4.929 4.283 3.908 3.849 5.527 6.056 5.455 5.297 5.233 5.833 4.929 4.929 4.934 4.929 4.929 4.929 4.929 4.929 4.929 4.929 4.929 4.929 4.929 4.929 4.929 4.929 4.929 4.929 4.929 4.929 4.929 4.929 4.283 4.283 4.286 4.283 4.283 4.283 4.283 4.283 4.283 4.283 4.283 4.283 4.283 4.283 4.283 4.283 4.283 4.283 4.283 4.283 4.283 4.283 3.908 3.908 3.910 3.908 3.908 3.908 3.908 3.908 3.908 3.908 3.908 3.908 3.908 3.908 3.908 3.908 3.908 3.908 3.908 3.908 3.908 3.908 3.849 3.850 3.850 3.850 3.850 3.850 3.850 3.850 3.850 3.850 3.850 3.850 3.850 3.850 3.850 3.850 3.850 3.850 3.850 3.850 3.850 3.850 5.527 5.527 5.534 5.527 5.527 5.527 5.527 5.527 5.527 5.527 5.527 5.527 5.527 5.527 5.527 5.527 5.527 5.527 5.527 5.527 5.527 5.527 6.056 6.056 6.066 6.056 6.056 6.056 6.056 6.056 6.056 6.056 6.056 6.056 6.056 6.056 6.056 6.056 6.056 6.056 6.056 6.056 6.056 6.056 5.455 5.455 5.462 5.455 5.455 5.455 5.455 5.455 5.455 5.455 5.455 5.455 5.455 5.455 5.455 5.455 5.455 5.455 5.455 5.455 5.455 5.455 5.297 5.297 5.303 5.297 5.297 5.297 5.297 5.297 5.297 5.297 5.297 5.297 5.297 5.297 5.297 5.297 5.297 5.297 5.297 5.297 5.297 5.297 5.233 5.233 5.238 5.233 5.233 5.233 5.233 5.233 5.233 5.233 5.233 5.233 5.233 5.233 5.233 5.233 5.233 5.233 5.233 5.233 5.233 5.233 5.833 5.833 5.843 5.833 5.833 5.833 5.833 5.833 5.833 5.833 5.833 5.833 5.833 5.833 5.833 5.833 5.833 5.833 5.833 5.833 5.833 5.833
0.0152 0.01508 9.00000 0.9200000763 2.4544801544    0.919 -0.271  3.7377  4.576    1  0.000  0.545     0.00     0.00     0.00     0.00     0.00 -1 -3.74e-14      0.00 7.144e-01 2.705e-01 2.702e-03 7.292e-04 6.615e-03 -1.000 1.503e-02       5466          0          0          0          0     0.8186     0.8186 5.448 4.816 4.193 3.837 3.780 5.401 5.904 5.330 5.182 5.127 5.685 4.816 4.816 4.821 4.816 4.816 4.816 4.816 4.816 4.816 4.816 4.816 4.816 4.816 4.816 4.816 4.816 4.816 4.816 4.816 4.816 4.816 4.816 4.193 4.194 4.196 4.194 4.194 4.194 4.194 4.194 4.194 4.194 4.194 4.194 4.194 4.194 4.194 4.194 4.194 4.194 4.194 4.194 4.194 4.194 3.837 3.837 3.838 3.837 3.837 3.837 3.837 3.837 3.837 3.837 3.837 3.837 3.837 3.837 3.837 3.837 3.837 3.837 3.837 3.837 3.837 3.837 3.780 3.781 3.781 3.781 3.781 3.781 3.781 3.781 3.781 3.781 3.781 3.781 3.781 3.781 3.781 3.781 3.781 3.781 3.781 3.781 3.781 3.781 5.401 5.401 5.407 5.401 5.401 5.401 5.401 5.401 5.401 5.401 5.401 5.401 5.401 5.401 5.401 5.401 5.401 5.401 5.401 5.401 5.401 5.401 5.904 5.903 5.913 5.903 5.903 5.903 5.903 5.903 5.903 5.903 5.903 5.903 5.903 5.903 5.903 5.903 5.903 5.903 5.903 5.903 5.903 5.903 5.330 5.329 5.336 5.329 5.329 5.329 5.329 5.329 5.329 5.329 5.329 5.329 5.329 5.329 5.329 5.329 5.329 5.329 5.329 5.329 5.329 5.329 5.182 5.182 5.187 5.182 5.182 5.182 5.182 5.182 5.182 5.182 5.182 5.182 5.182 5.182 5.182 5.182 5.182 5.182 5.182 5.182 5.182 5.182 5.127 5.127 5.132 5.127 5.127 5.127 5.127 5.127 5.127 5.127 5.127 5.127 5.127 5.127 5.127 5.127 5.127 5.127 5.127 5.127 5.127 5.127 5.685 5.684 5.693 5.684 5.684 5.684 5.684 5.684 5.684 5.684 5.684 5.684 5.684 5.684 5.684 5.684 5.684 5.684 5.684 5.684 5.684 5.684
0.0152 0.01508 9.00000 0.9399999976 2.4594279382    0.939 -0.226  3.7437  4.564    1  0.000  0.545     0.00     0.00     0.00     0.00     0.00 -1 -4.15e-14      0.00 7.146e-01 2.703e-01 2.701e-03 7.288e-04 6.611e-03 -1.000 1.502e-02       5542          0          0          0          0     0.8385     0.8385 5.336 4.708 4.106 3.766 3.710 5.281 5.760 5.211 5.072 5.026 5.545 4.708 4.708 4.713 4.708 4.708 4.708 4.708 4.708 4.708 4.708 4.708 4.708 4.708 4.708 4.708 4.708 4.708 4.708 4.708 4.708 4.708 4.708 4.106 4.106 4.109 4.106 4.106 4.106 4.106 4.106 4.106 4.106 4.106 4.106 4.106 4.106 4.106 4.106 4.106 4.106 4.106 4.106 4.106 4.106 3.766 3.766 3.767 3.766 3.766 3.766 3.766 3.766 3.766 3.766 3.766 3.766 3.766 3.766 3.766 3.766 3.766 3.766 3.766 3.766 3.766 3.766 3.710 3.710 3.711 3.710 3.710 3.710 3.710 3.710 3.710 3.710 3.710 3.710 3.710 3.710 3.710 3.710 3.710 3.710 3.710 3.710 3.710 3.710 5.281 5.281 5.287 5.281 5.281 5.281 5.281 5.281 5.281 5.281 5.281 5.281 5.281 5.281 5.281 5.281 5.281 5.281 5.281 5.281 5.281 5.281 5.760 5.759 5.769 5.759 5.759 5.759 5.759 5.759 5.759 5.759 5.759 5.759 5.759 5.759 5.759 5.759 5.759 5.759 5.759 5.759 5.759 5.759 5.211 5.210 5.217 5.210 5.210 5.210 5.210 5.210 5.210 5.210 5.210 5.210 5.210 5.210 5.210 5.210 5.210 5.210 5.210 5.210 5.210 5.210 5.072 5.072 5.077 5.072 5.072 5.072 5.072 5.072 5.072 5.072 5.072 5.072 5.072 5.072 5.072 5.072 5.072 5.072 5.072 5.072 5.072 5.072 5.026 5.026 5.030 5.026 5.026 5.026 5.026 5.026 5.026 5.026 5.026 5.026 5.026 5.026 5.026 5.026 5.026 5.026 5.026 5.026 5.026 5.026 5.545 5.544 5.553 5.544 5.544 5.544 5.544 5.544 5.544 5.544 5.544 5.544 5.544 5.544 5.544 5.544 5.544 5.544 5.544 5.544 5.544 5.544
0.0152 0.01508 9.00000 0.9600000381 2.4641394162    0.960 -0.178  3.7497  4.549    1  0.000  0.545     0.00     0.00     0.00     0.00     0.00 -1 -4.78e-14      0.00 7.153e-01 2.697e-01 2.695e-03 7.272e-04 6.596e-03 -1.000 1.499e-02       5619          0          0          0          0      0.862      0.862 5.216 4.594 4.012 3.688 3.631 5.155 5.612 5.086 4.956 4.918 5.401 4.594 4.594 4.599 4.594 4.594 4.594 4.594 4.594 4.594 4.594 4.594 4.594 4.594 4.594 4.594 4.594 4.594 4.594 4.594 4.594 4.594 4.594 4.012 4.012 4.015 4.012 4.012 4.012 4.012 4.012 4.012 4.012 4.012 4.012 4.012 4.012 4.012 4.012 4.012 4.012 4.012 4.012 4.012 4.012 3.688 3.687 3.689 3.687 3.687 3.687 3.687 3.687 3.687 3.687 3.687 3.687 3.687 3.687 3.687 3.687 3.687 3.687 3.687 3.687 3.687 3.687 3.631 3.632 3.632 3.632 3.632 3.632 3.632 3.632 3.632 3.632 3.632 3.632 3.632 3.632 3.632 3.632 3.632 3.632 3.632 3.632 3.632 3.632 5.155 5.155 5.162 5.155 5.155 5.155 5.155 5.155 5.155 5.155 5.155 5.155 5.155 5.155 5.155 5.155 5.155 5.155 5.155 5.155 5.155 5.155 5.612 5.611 5.621 5.611 5.611 5.611 5.611 5.611 5.611 5.611 5.611 5.611 5.611 5.611 5.611 5.611 5.611 5.611 5.611 5.611 5.611 5.611 5.086 5.086 5.092 5.086 5.086 5.086 5.086 5.086 5.086 5.086 5.086 5.086 5.086 5.086 5.086 5.086 5.086 5.086 5.086 5.086 5.086 5.086 4.956 4.956 4.961 4.956 4.956 4.956 4.956 4.956 4.956 4.956 4.956 4.956 4.956 4.956 4.956 4.956 4.956 4.956 4.956 4.956 4.956 4.956 4.918 4.918 4.922 4.918 4.918 4.918 4.918 4.918 4.918 4.918 4.918 4.918 4.918 4.918 4.918 4.918 4.918 4.918 4.918 4.918 4.918 4.918 5.401 5.401 5.409 5.401 5.401 5.401 5.401 5.401 5.401 5.401 5.401 5.401 5.401 5.401 5.401 5.401 5.401 5.401 5.401 5.401 5.401 5.401
0.0152 0.01508 9.00000 0.9800000191 2.4686304123    0.980 -0.137  3.7551  4.538    0  0.000  0.545     0.00     0.00     0.00     0.00     0.00 -1 -5.15e-14      0.00 7.153e-01 2.697e-01 2.696e-03 7.274e-04 6.599e-03 -1.000 1.499e-02       5690          0          0          0          0     0.8821     0.8821 5.112 4.496 3.931 3.621 3.565 5.046 5.481 4.978 4.856 4.825 5.276 4.496 4.496 4.500 4.496 4.496 4.496 4.496 4.496 4.496 4.496 4.496 4.496 4.496 4.496 4.496 4.496 4.496 4.496 4.496 4.496 4.496 4.496 3.931 3.932 3.934 3.932 3.932 3.932 3.932 3.932 3.932 3.932 3.932 3.932 3.932 3.932 3.932 3.932 3.932 3.932 3.932 3.932 3.932 3.932 3.621 3.621 3.622 3.621 3.621 3.621 3.621 3.621 3.621 3.621 3.621 3.621 3.621 3.621 3.621 3.621 3.621 3.621 3.621 3.621 3.621 3.621 3.565 3.565 3.566 3.565 3.565 3.565 3.565 3.565 3.565 3.565 3.565 3.565 3.565 3.565 3.565 3.565 3.565 3.565 3.565 3.565 3.565 3.565 5.046 5.046 5.052 5.046 5.046 5.046 5.046 5.046 5.046 5.046 5.046 5.046 5.046 5.046 5.046 5.046 5.046 5.046 5.046 5.046 5.046 5.046 5.481 5.480 5.490 5.480 5.480 5.480 5.480 5.480 5.480 5.480 5.480 5.480 5.480 5.480 5.480 5.480 5.480 5.480 5.480 5.480 5.480 5.480 4.978 4.978 4.984 4.978 4.978 4.978 4.978 4.978 4.978 4.978 4.978 4.978 4.978 4.978 4.978 4.978 4.978 4.978 4.978 4.978 4.978 4.978 4.856 4.856 4.861 4.856 4.856 4.856 4.856 4.856 4.856 4.856 4.856 4.856 4.856 4.856 4.856 4.856 4.856 4.856 4.856 4.856 4.856 4.856 4.825 4.825 4.829 4.825 4.825 4.825 4.825 4.825 4.825 4.825 4.825 4.825 4.825 4.825 4.825 4.825 4.825 4.825 4.825 4.825 4.825 4.825 5.276 5.276 5.285 5.276 5.276 5.276 5.276 5.276 5.276 5.276 5.276 5.276 5.276 5.276 5.276 5.276 5.276 5.276 5.276 5.276 5.276 5.276
0.0152 0.01508 9.00000 1.0000000000 2.4729154477    1.000 -0.091  3.7608  4.524    1  0.000  0.545     0.00     0.00     0.00     0.00     0.00 -1  -5.9e-14      0.00 7.160e-01 2.691e-01 2.690e-03 7.259e-04 6.585e-03 -1.000 1.496e-02       5765          0          0          0          0     0.9059     0.9059 4.996 4.387 3.841 3.545 3.489 4.926 5.339 4.859 4.746 4.722 5.141 4.387 4.387 4.392 4.387 4.387 4.387 4.387 4.387 4.387 4.387 4.387 4.387 4.387 4.387 4.387 4.387 4.387 4.387 4.387 4.387 4.387 4.387 3.841 3.842 3.844 3.842 3.842 3.842 3.842 3.842 3.842 3.842 3.842 3.842 3.842 3.842 3.842 3.842 3.842 3.842 3.842 3.842 3.842 3.842 3.545 3.545 3.546 3.545 3.545 3.545 3.545 3.545 3.545 3.545 3.545 3.545 3.545 3.545 3.545 3.545 3.545 3.545 3.545 3.545 3.545 3.545 3.489 3.490 3.490 3.490 3.490 3.490 3.490 3.490 3.490 3.490 3.490 3.490 3.490 3.490 3.490 3.490 3.490 3.490 3.490 3.490 3.490 3.490 4.926 4.926 4.932 4.926 4.926 4.926 4.926 4.926 4.926 4.926 4.926 4.926 4.926 4.926 4.926 4.926 4.926 4.926 4.926 4.926 4.926 4.926 5.339 5.338 5.348 5.338 5.338 5.338 5.338 5.338 5.338 5.338 5.338 5.338 5.338 5.338 5.338 5.338 5.338 5.338 5.338 5.338 5.338 5.338 4.859 4.859 4.865 4.859 4.859 4.859 4.859 4.859 4.859 4.859 4.859 4.859 4.859 4.859 4.859 4.859 4.859 4.859 4.859 4.859 4.859 4.859 4.746 4.746 4.751 4.746 4.746 4.746 4.746 4.746 4.746 4.746 4.746 4.746 4.746 4.746 4.746 4.746 4.746 4.746 4.746 4.746 4.746 4.746 4.722 4.722 4.726 4.722 4.722 4.722 4.722 4.722 4.722 4.722 4.722 4.722 4.722 4.722 4.722 4.722 4.722 4.722 4.722 4.722 4.722 4.722 5.141 5.141 5.149 5.141 5.141 5.141 5.141 5.141 5.141 5.141 5.141 5.141 5.141 5.141 5.141 5.141 5.141 5.141 5.141 5.141 5.141 5.141
0.0152 0.01508 9.00000 1.0199999809 2.4770078094    1.020 -0.050  3.7658  4.511    1  0.000  0.545     0.00     0.00     0.00     0.00     0.00 -1 -6.29e-14      0.00 7.162e-01 2.689e-01 2.689e-03 7.257e-04 6.584e-03 -1.000 1.496e-02       5831          0          0          0          0     0.9286     0.9286 4.894 4.291 3.761 3.477 3.422 4.821 5.215 4.755 4.649 4.632 5.024 4.291 4.292 4.296 4.292 4.292 4.292 4.292 4.292 4.292 4.292 4.292 4.292 4.292 4.292 4.292 4.292 4.292 4.292 4.292 4.292 4.292 4.292 3.761 3.762 3.764 3.762 3.762 3.762 3.762 3.762 3.762 3.762 3.762 3.762 3.762 3.762 3.762 3.762 3.762 3.762 3.762 3.762 3.762 3.762 3.477 3.477 3.478 3.477 3.477 3.477 3.477 3.477 3.477 3.477 3.477 3.477 3.477 3.477 3.477 3.477 3.477 3.477 3.477 3.477 3.477 3.477 3.422 3.422 3.423 3.422 3.422 3.422 3.422 3.422 3.422 3.422 3.422 3.422 3.422 3.422 3.422 3.422 3.422 3.422 3.422 3.422 3.422 3.422 4.821 4.821 4.827 4.821 4.821 4.821 4.821 4.821 4.821 4.821 4.821 4.821 4.821 4.821 4.821 4.821 4.821 4.821 4.821 4.821 4.821 4.821 5.215 5.215 5.224 5.215 5.215 5.215 5.215 5.215 5.215 5.215 5.215 5.215 5.215 5.215 5.215 5.215 5.215 5.215 5.215 5.215 5.215 5.215 4.755 4.755 4.761 4.755 4.755 4.755 4.755 4.755 4.755 4.755 4.755 4.755 4.755 4.755 4.755 4.755 4.755 4.755 4.755 4.755 4.755 4.755 4.649 4.650 4.654 4.650 4.650 4.650 4.650 4.650 4.650 4.650 4.650 4.650 4.650 4.650 4.650 4.650 4.650 4.650 4.650 4.650 4.650 4.650 4.632 4.632 4.636 4.632 4.632 4.632 4.632 4.632 4.632 4.632 4.632 4.632 4.632 4.632 4.632 4.632 4.632 4.632 4.632 4.632 4.632 4.632 5.024 5.024 5.032 5.024 5.024 5.024 5.024 5.024 5.024 5.024 5.024 5.024 5.024 5.024 5.024 5.024 5.024 5.024 5.024 5.024 5.024 5.024
0.0152 0.01508 9.00000 1.0399999619 2.4809196893    1.040 -0.006  3.7710  4.497    1  0.000  0.545     0.00     0.00     0.00     0.00     0.00 -1 -7.16e-14      0.00 7.169e-01 2.682e-01 2.683e-03 7.242e-04 6.570e-03 -1.000 1.493e-02       5901          0          0          0          0     0.9533     0.9533 4.785 4.193 3.677 3.398 3.347 4.713 5.092 4.648 4.549 4.538 4.909 4.193 4.193 4.197 4.193 4.193 4.193 4.193 4.193 4.193 4.193 4.193 4.193 4.193 4.193 4.193 4.193 4.193 4.193 4.193 4.193 4.193 4.193 3.677 3.677 3.679 3.677 3.677 3.677 3.677 3.677 3.677 3.677 3.677 3.677 3.677 3.677 3.677 3.677 3.677 3.677 3.677 3.677 3.677 3.677 3.398 3.398 3.399 3.398 3.398 3.398 3.398 3.398 3.398 3.398 3.398 3.398 3.398 3.398 3.398 3.398 3.398 3.398 3.398 3.398 3.398 3.398 3.347 3.347 3.348 3.347 3.347 3.347 3.347 3.347 3.347 3.347 3.347 3.347 3.347 3.347 3.347 3.347 3.347 3.347 3.347 3.347 3.347 3.347 4.713 4.713 4.719 4.713 4.713 4.713 4.713 4.713 4.713 4.713 4.713 4.713 4.713 4.713 4.713 4.713 4.713 4.713 4.713 4.713 4.713 4.713 5.092 5.092 5.100 5.092 5.092 5.092 5.092 5.092 5.092 5.092 5.092 5.092 5.092 5.092 5.092 5.092 5.092 5.092 5.092 5.092 5.092 5.092 4.648 4.648 4.654 4.648 4.648 4.648 4.648 4.648 4.648 4.648 4.648 4.648 4.648 4.648 4.648 4.648 4.648 4.648 4.648 4.648 4.648 4.648 4.549 4.549 4.554 4.549 4.549 4.549 4.549 4.549 4.549 4.549 4.549 4.549 4.549 4.549 4.549 4.549 4.549 4.549 4.549 4.549 4.549 4.549 4.538 4.538 4.542 4.538 4.538 4.538 4.538 4.538 4.538 4.538 4.538 4.538 4.538 4.538 4.538 4.538 4.538 4.538 4.538 4.538 4.538 4.538 4.909 4.908 4.916 4.908 4.908 4.908 4.908 4.908 4.908 4.908 4.908 4.908 4.908 4.908 4.908 4.908 4.908 4.908 4.908 4.908 4.908 4.908
0.0152 0.01508 9.00000 1.0599999428 2.4846622926    1.059  0.035  3.7755  4.482    0  0.000  0.544     0.00     0.00     0.00     0.00     0.00 -1 -7.58e-14      0.00 7.173e-01 2.678e-01 2.680e-03 7.233e-04 6.562e-03 -1.000 1.491e-02       5963          0          0          0          0     0.9789     0.9789 4.682 4.097 3.595 3.327 3.277 4.609 4.972 4.545 4.453 4.448 4.793 4.097 4.098 4.102 4.098 4.098 4.098 4.098 4.098 4.098 4.098 4.098 4.098 4.098 4.098 4.098 4.098 4.098 4.098 4.098 4.098 4.098 4.098 3.595 3.596 3.598 3.596 3.596 3.596 3.596 3.596 3.596 3.596 3.596 3.596 3.596 3.596 3.596 3.596 3.596 3.596 3.596 3.596 3.596 3.596 3.327 3.327 3.328 3.327 3.327 3.327 3.327 3.327 3.327 3.327 3.327 3.327 3.327 3.327 3.327 3.327 3.327 3.327 3.327 3.327 3.327 3.327 3.277 3.277 3.278 3.277 3.277 3.277 3.277 3.277 3.277 3.277 3.277 3.277 3.277 3.277 3.277 3.277 3.277 3.277 3.277 3.277 3.277 3.277 4.609 4.609 4.615 4.609 4.609 4.609 4.609 4.609 4.609 4.609 4.609 4.609 4.609 4.609 4.609 4.609 4.609 4.609 4.609 4.609 4.609 4.609 4.972 4.972 4.980 4.972 4.972 4.972 4.972 4.972 4.972 4.972 4.972 4.972 4.972 4.972 4.972 4.972 4.972 4.972 4.972 4.972 4.972 4.972 4.545 4.545 4.551 4.545 4.545 4.545 4.545 4.545 4.545 4.545 4.545 4.545 4.545 4.545 4.545 4.545 4.545 4.545 4.545 4.545 4.545 4.545 4.453 4.453 4.457 4.453 4.453 4.453 4.453 4.453 4.453 4.453 4.453 4.453 4.453 4.453 4.453 4.453 4.453 4.453 4.453 4.453 4.453 4.453 4.448 4.448 4.451 4.448 4.448 4.448 4.448 4.448 4.448 4.448 4.448 4.448 4.448 4.448 4.448 4.448 4.448 4.448 4.448 4.448 4.448 4.448 4.793 4.793 4.801 4.793 4.793 4.793 4.793 4.793 4.793 4.793 4.793 4.793 4.793 4.793 4.793 4.793 4.793 4.793 4.793 4.793 4.793 4.793
0.0152 0.01508 9.00000 1.0800001621 2.4882459768    1.079  0.077  3.7802  4.467    1  0.000  0.544     0.00     0.00     0.00     0.00     0.00 -1 -8.61e-14      0.00 7.182e-01 2.669e-01 2.673e-03 7.214e-04 6.546e-03 -1.000 1.488e-02       6028          0          0          0          0      1.006      1.006 4.577 3.999 3.512 3.254 3.205 4.502 4.849 4.440 4.354 4.354 4.675 3.999 4.000 4.004 4.000 4.000 4.000 4.000 4.000 4.000 4.000 4.000 4.000 4.000 4.000 4.000 4.000 4.000 4.000 4.000 4.000 4.000 4.000 3.512 3.512 3.514 3.512 3.512 3.512 3.512 3.512 3.512 3.512 3.512 3.512 3.512 3.512 3.512 3.512 3.512 3.512 3.512 3.512 3.512 3.512 3.254 3.254 3.255 3.254 3.254 3.254 3.254 3.254 3.254 3.254 3.254 3.254 3.254 3.254 3.254 3.254 3.254 3.254 3.254 3.254 3.254 3.254 3.205 3.205 3.206 3.205 3.205 3.205 3.205 3.205 3.205 3.205 3.205 3.205 3.205 3.205 3.205 3.205 3.205 3.205 3.205 3.205 3.205 3.205 4.502 4.502 4.508 4.502 4.502 4.502 4.502 4.502 4.502 4.502 4.502 4.502 4.502 4.502 4.502 4.502 4.502 4.502 4.502 4.502 4.502 4.502 4.849 4.848 4.857 4.848 4.848 4.848 4.848 4.848 4.848 4.848 4.848 4.848 4.848 4.848 4.848 4.848 4.848 4.848 4.848 4.848 4.848 4.848 4.440 4.440 4.445 4.440 4.440 4.440 4.440 4.440 4.440 4.440 4.440 4.440 4.440 4.440 4.440 4.440 4.440 4.440 4.440 4.440 4.440 4.440 4.354 4.354 4.358 4.354 4.354 4.354 4.354 4.354 4.354 4.354 4.354 4.354 4.354 4.354 4.354 4.354 4.354 4.354 4.354 4.354 4.354 4.354 4.354 4.354 4.358 4.354 4.354 4.354 4.354 4.354 4.354 4.354 4.354 4.354 4.354 4.354 4.354 4.354 4.354 4.354 4.354 4.354 4.354 4.354 4.675 4.674 4.682 4.674 4.674 4.674 4.674 4.674 4.674 4.674 4.674 4.674 4.674 4.674 4.674 4.674 4.674 4.674 4.674 4.674 4.674 4.674
0.0152 0.01508 9.00000 1.1000000238 2.4916801480    1.099  0.117  3.7845  4.452    1  0.000  0.544     0.00     0.00     0.00     0.00     0.00 -1 -9.17e-14      0.00 7.191e-01 2.661e-01 2.666e-03 7.197e-04 6.531e-03 -1.000 1.484e-02       6087          0          0          0          0      1.033      1.033 4.476 3.907 3.432 3.183 3.135 4.402 4.733 4.340 4.260 4.266 4.564 3.907 3.907 3.912 3.907 3.907 3.907 3.907 3.907 3.907 3.907 3.907 3.907 3.907 3.907 3.907 3.907 3.907 3.907 3.907 3.907 3.907 3.907 3.432 3.432 3.434 3.432 3.432 3.432 3.432 3.432 3.432 3.432 3.432 3.432 3.432 3.432 3.432 3.432 3.432 3.432 3.432 3.432 3.432 3.432 3.183 3.183 3.185 3.183 3.183 3.183 3.183 3.183 3.183 3.183 3.183 3.183 3.183 3.183 3.183 3.183 3.183 3.183 3.183 3.183 3.183 3.183 3.135 3.136 3.136 3.136 3.136 3.136 3.136 3.136 3.136 3.136 3.136 3.136 3.136 3.136 3.136 3.136 3.136 3.136 3.136 3.136 3.136 3.136 4.402 4.402 4.408 4.402 4.402 4.402 4.402 4.402 4.402 4.402 4.402 4.402 4.402 4.402 4.402 4.402 4.402 4.402 4.402 4.402 4.402 4.402 4.733 4.733 4.742 4.733 4.733 4.733 4.733 4.733 4.733 4.733 4.733 4.733 4.733 4.733 4.733 4.733 4.733 4.733 4.733 4.733 4.733 4.733 4.340 4.340 4.346 4.340 4.340 4.340 4.340 4.340 4.340 4.340 4.340 4.340 4.340 4.340 4.340 4.340 4.340 4.340 4.340 4.340 4.340 4.340 4.260 4.261 4.265 4.261 4.261 4.261 4.261 4.261 4.261 4.261 4.261 4.261 4.261 4.261 4.261 4.261 4.261 4.261 4.261 4.261 4.261 4.261 4.266 4.266 4.270 4.266 4.266 4.266 4.266 4.266 4.266 4.266 4.266 4.266 4.266 4.266 4.266 4.266 4.266 4.266 4.266 4.266 4.266 4.266 4.564 4.564 4.572 4.564 4.564 4.564 4.564 4.564 4.564 4.564 4.564 4.564 4.564 4.564 4.564 4.564 4.564 4.564 4.564 4.564 4.564 4.564
0.0152 0.01508 9.00000 1.1200000048 2.4949736735    1.119  0.158  3.7889  4.436    1  0.000  0.544     0.00     0.00     0.00     0.00     0.00 -1 -1.05e-13      0.00 7.203e-01 2.649e-01 2.657e-03 7.172e-04 6.508e-03 -1.000 1.479e-02       6150          0          0          0          0       1.06       1.06 4.375 3.813 3.351 3.112 3.065 4.300 4.616 4.239 4.166 4.177 4.452 3.813 3.814 3.818 3.814 3.814 3.814 3.814 3.814 3.814 3.814 3.814 3.814 3.814 3.814 3.814 3.814 3.814 3.814 3.814 3.814 3.814 3.814 3.351 3.352 3.354 3.352 3.352 3.352 3.352 3.352 3.352 3.352 3.352 3.352 3.352 3.352 3.352 3.352 3.352 3.352 3.352 3.352 3.352 3.352 3.112 3.112 3.114 3.112 3.112 3.112 3.112 3.112 3.112 3.112 3.112 3.112 3.112 3.112 3.112 3.112 3.112 3.112 3.112 3.112 3.112 3.112 3.065 3.065 3.066 3.065 3.065 3.065 3.065 3.065 3.065 3.065 3.065 3.065 3.065 3.065 3.065 3.065 3.065 3.065 3.065 3.065 3.065 3.065 4.300 4.300 4.306 4.300 4.300 4.300 4.300 4.300 4.300 4.300 4.300 4.300 4.300 4.300 4.300 4.300 4.300 4.300 4.300 4.300 4.300 4.300 4.616 4.616 4.625 4.616 4.616 4.616 4.616 4.616 4.616 4.616 4.616 4.616 4.616 4.616 4.616 4.616 4.616 4.616 4.616 4.616 4.616 4.616 4.239 4.240 4.245 4.240 4.240 4.240 4.240 4.240 4.240 4.240 4.240 4.240 4.240 4.240 4.240 4.240 4.240 4.240 4.240 4.240 4.240 4.240 4.166 4.167 4.171 4.167 4.167 4.167 4.167 4.167 4.167 4.167 4.167 4.167 4.167 4.167 4.167 4.167 4.167 4.167 4.167 4.167 4.167 4.167 4.177 4.177 4.181 4.177 4.177 4.177 4.177 4.177 4.177 4.177 4.177 4.177 4.177 4.177 4.177 4.177 4.177 4.177 4.177 4.177 4.177 4.177 4.452 4.452 4.460 4.452 4.452 4.452 4.452 4.452 4.452 4.452 4.452 4.452 4.452 4.452 4.452 4.452 4.452 4.452 4.452 4.452 4.452 4.452
0.0152 0.01508 9.00000 1.1400001049 2.4981346732    1.139  0.198  3.7930  4.421    1  0.000  0.544     0.00     0.00     0.00     0.00     0.00 -1 -1.17e-13      0.00 7.217e-01 2.635e-01 2.646e-03 7.143e-04 6.482e-03 -1.000 1.473e-02       6208          0          0          0          0      1.089      1.089 4.276 3.722 3.272 3.042 2.996 4.201 4.503 4.142 4.074 4.090 4.344 3.722 3.723 3.728 3.723 3.723 3.723 3.723 3.723 3.723 3.723 3.723 3.723 3.723 3.723 3.723 3.723 3.723 3.723 3.723 3.723 3.723 3.723 3.272 3.273 3.275 3.273 3.273 3.273 3.273 3.273 3.273 3.273 3.273 3.273 3.273 3.273 3.273 3.273 3.273 3.273 3.273 3.273 3.273 3.273 3.042 3.042 3.044 3.042 3.042 3.042 3.042 3.042 3.042 3.042 3.042 3.042 3.042 3.042 3.042 3.042 3.042 3.042 3.042 3.042 3.042 3.042 2.996 2.997 2.997 2.997 2.997 2.997 2.997 2.997 2.997 2.997 2.997 2.997 2.997 2.997 2.997 2.997 2.997 2.997 2.997 2.997 2.997 2.997 4.201 4.202 4.208 4.202 4.202 4.202 4.202 4.202 4.202 4.202 4.202 4.202 4.202 4.202 4.202 4.202 4.202 4.202 4.202 4.202 4.202 4.202 4.503 4.504 4.512 4.504 4.504 4.504 4.504 4.504 4.504 4.504 4.504 4.504 4.504 4.504 4.504 4.504 4.504 4.504 4.504 4.504 4.504 4.504 4.142 4.143 4.148 4.143 4.143 4.143 4.143 4.143 4.143 4.143 4.143 4.143 4.143 4.143 4.143 4.143 4.143 4.143 4.143 4.143 4.143 4.143 4.074 4.075 4.079 4.075 4.075 4.075 4.075 4.075 4.075 4.075 4.075 4.075 4.075 4.075 4.075 4.075 4.075 4.075 4.075 4.075 4.075 4.075 4.090 4.091 4.095 4.091 4.091 4.091 4.091 4.091 4.091 4.091 4.091 4.091 4.091 4.091 4.091 4.091 4.091 4.091 4.091 4.091 4.091 4.091 4.344 4.344 4.352 4.344 4.344 4.344 4.344 4.344 4.344 4.344 4.344 4.344 4.344 4.344 4.344 4.344 4.344 4.344 4.344 4.344 4.344 4.344
0.0152 0.01508 9.00000 1.1599999666 2.5011706133    1.159  0.236  3.7970  4.406    1  0.000  0.544     0.00     0.00     0.00     0.00     0.00 -1 -1.29e-13      0.00 7.234e-01 2.619e-01 2.632e-03 7.107e-04 6.451e-03 -1.000 1.466e-02       6266          0          0          0          0      1.118      1.118 4.179 3.633 3.194 2.972 2.927 4.104 4.393 4.046 3.984 4.005 4.238 3.633 3.634 3.638 3.634 3.634 3.634 3.634 3.634 3.634 3.634 3.634 3.634 3.634 3.634 3.634 3.634 3.634 3.634 3.634 3.634 3.634 3.634 3.194 3.195 3.197 3.195 3.195 3.195 3.195 3.195 3.195 3.195 3.195 3.195 3.195 3.195 3.195 3.195 3.195 3.195 3.195 3.195 3.195 3.195 2.972 2.973 2.974 2.973 2.973 2.973 2.973 2.973 2.973 2.973 2.973 2.973 2.973 2.973 2.973 2.973 2.973 2.973 2.973 2.973 2.973 2.973 2.927 2.928 2.929 2.928 2.928 2.928 2.928 2.928 2.928 2.928 2.928 2.928 2.928 2.928 2.928 2.928 2.928 2.928 2.928 2.928 2.928 2.928 4.104 4.105 4.111 4.105 4.105 4.105 4.105 4.105 4.105 4.105 4.105 4.105 4.105 4.105 4.105 4.105 4.105 4.105 4.105 4.105 4.105 4.105 4.393 4.394 4.402 4.394 4.394 4.394 4.394 4.394 4.394 4.394 4.394 4.394 4.394 4.394 4.394 4.394 4.394 4.394 4.394 4.394 4.394 4.394 4.046 4.047 4.052 4.047 4.047 4.047 4.047 4.047 4.047 4.047 4.047 4.047 4.047 4.047 4.047 4.047 4.047 4.047 4.047 4.047 4.047 4.047 3.984 3.986 3.990 3.986 3.986 3.986 3.986 3.986 3.986 3.986 3.986 3.986 3.986 3.986 3.986 3.986 3.986 3.986 3.986 3.986 3.986 3.986 4.005 4.006 4.009 4.006 4.006 4.006 4.006 4.006 4.006 4.006 4.006 4.006 4.006 4.006 4.006 4.006 4.006 4.006 4.006 4.006 4.006 4.006 4.238 4.239 4.246 4.239 4.239 4.239 4.239 4.239 4.239 4.239 4.239 4.239 4.239 4.239 4.239 4.239 4.239 4.239 4.239 4.239 4.239 4.239
0.0152 0.01508 9.00000 1.1799999475 2.5040885241    1.179  0.275  3.8007  4.389    1  0.000  0.544     0.00     0.00     0.00     0.00     0.00 -1 -1.41e-13      0.00 7.257e-01 2.597e-01 2.615e-03 7.063e-04 6.411e-03 -1.000 1.458e-02       6319          0          0          0          0       1.15       1.15 4.082 3.543 3.114 2.900 2.856 4.007 4.283 3.950 3.893 3.918 4.132 3.543 3.544 3.548 3.544 3.544 3.544 3.544 3.544 3.544 3.544 3.544 3.544 3.544 3.544 3.544 3.544 3.544 3.544 3.544 3.544 3.544 3.544 3.114 3.116 3.118 3.116 3.116 3.116 3.116 3.116 3.116 3.116 3.116 3.116 3.116 3.116 3.116 3.116 3.116 3.116 3.116 3.116 3.116 3.116 2.900 2.901 2.903 2.901 2.901 2.901 2.901 2.901 2.901 2.901 2.901 2.901 2.901 2.901 2.901 2.901 2.901 2.901 2.901 2.901 2.901 2.901 2.856 2.858 2.858 2.858 2.858 2.858 2.858 2.858 2.858 2.858 2.858 2.858 2.858 2.858 2.858 2.858 2.858 2.858 2.858 2.858 2.858 2.858 4.007 4.009 4.014 4.009 4.009 4.009 4.009 4.009 4.009 4.009 4.009 4.009 4.009 4.009 4.009 4.009 4.009 4.009 4.009 4.009 4.009 4.009 4.283 4.284 4.292 4.284 4.284 4.284 4.284 4.284 4.284 4.284 4.284 4.284 4.284 4.284 4.284 4.284 4.284 4.284 4.284 4.284 4.284 4.284 3.950 3.951 3.956 3.951 3.951 3.951 3.951 3.951 3.951 3.951 3.951 3.951 3.951 3.951 3.951 3.951 3.951 3.951 3.951 3.951 3.951 3.951 3.893 3.895 3.899 3.895 3.895 3.895 3.895 3.895 3.895 3.895 3.895 3.895 3.895 3.895 3.895 3.895 3.895 3.895 3.895 3.895 3.895 3.895 3.918 3.920 3.923 3.920 3.920 3.920 3.920 3.920 3.920 3.920 3.920 3.920 3.920 3.920 3.920 3.920 3.920 3.920 3.920 3.920 3.920 3.920 4.132 4.134 4.141 4.134 4.134 4.134 4.134 4.134 4.134 4.134 4.134 4.134 4.134 4.134 4.134 4.134 4.134 4.134 4.134 4.134 4.134 4.134
0.0152 0.01508 9.00000 1.2000000477 2.5068948796    1.199  0.313  3.8045  4.374    1  0.000  0.544     0.00     0.00     0.00     0.00     0.00 -1 -1.62e-13      0.00 7.283e-01 2.572e-01 2.595e-03 7.010e-04 6.364e-03 -1.000 1.447e-02       6375          0          0          0          0      1.179      1.179 3.988 3.457 3.040 2.833 2.791 3.914 4.178 3.858 3.807 3.837 4.031 3.457 3.459 3.463 3.459 3.459 3.459 3.459 3.459 3.459 3.459 3.459 3.459 3.459 3.459 3.459 3.459 3.459 3.459 3.459 3.459 3.459 3.459 3.040 3.042 3.043 3.042 3.042 3.042 3.042 3.042 3.042 3.042 3.042 3.042 3.042 3.042 3.042 3.042 3.042 3.042 3.042 3.042 3.042 3.042 2.833 2.835 2.836 2.835 2.835 2.835 2.835 2.835 2.835 2.835 2.835 2.835 2.835 2.835 2.835 2.835 2.835 2.835 2.835 2.835 2.835 2.835 2.791 2.792 2.793 2.792 2.792 2.792 2.792 2.792 2.792 2.792 2.792 2.792 2.792 2.792 2.792 2.792 2.792 2.792 2.792 2.792 2.792 2.792 3.914 3.916 3.921 3.916 3.916 3.916 3.916 3.916 3.916 3.916 3.916 3.916 3.916 3.916 3.916 3.916 3.916 3.916 3.916 3.916 3.916 3.916 4.178 4.179 4.187 4.179 4.179 4.179 4.179 4.179 4.179 4.179 4.179 4.179 4.179 4.179 4.179 4.179 4.179 4.179 4.179 4.179 4.179 4.179 3.858 3.859 3.865 3.859 3.859 3.859 3.859 3.859 3.859 3.859 3.859 3.859 3.859 3.859 3.859 3.859 3.859 3.859 3.859 3.859 3.859 3.859 3.807 3.809 3.813 3.809 3.809 3.809 3.809 3.809 3.809 3.809 3.809 3.809 3.809 3.809 3.809 3.809 3.809 3.809 3.809 3.809 3.809 3.809 3.837 3.838 3.842 3.838 3.838 3.838 3.838 3.838 3.838 3.838 3.838 3.838 3.838 3.838 3.838 3.838 3.838 3.838 3.838 3.838 3.838 3.838 4.031 4.033 4.040 4.033 4.033 4.033 4.033 4.033 4.033 4.033 4.033 4.033 4.033 4.033 4.033 4.033 4.033 4.033 4.033 4.033 4.033 4.033
0.0152 0.01508 9.00000 1.2200000286 2.5095956673    1.218  0.348  3.8080  4.360    1  0.000  0.543     0.00     0.00     0.00     0.00     0.00 -1 -1.77e-13      0.00 7.317e-01 2.540e-01 2.571e-03 6.947e-04 6.308e-03 -1.000 1.435e-02       6426          0          0          0          0      1.208      1.208 3.901 3.377 2.969 2.770 2.728 3.828 4.079 3.772 3.727 3.760 3.937 3.377 3.379 3.383 3.379 3.379 3.379 3.379 3.379 3.379 3.379 3.379 3.379 3.379 3.379 3.379 3.379 3.379 3.379 3.379 3.379 3.379 3.379 2.969 2.971 2.973 2.971 2.971 2.971 2.971 2.971 2.971 2.971 2.971 2.971 2.971 2.971 2.971 2.971 2.971 2.971 2.971 2.971 2.971 2.971 2.770 2.771 2.772 2.771 2.771 2.771 2.771 2.771 2.771 2.771 2.771 2.771 2.771 2.771 2.771 2.771 2.771 2.771 2.771 2.771 2.771 2.771 2.728 2.730 2.731 2.730 2.730 2.730 2.730 2.730 2.730 2.730 2.730 2.730 2.730 2.730 2.730 2.730 2.730 2.730 2.730 2.730 2.730 2.730 3.828 3.829 3.835 3.829 3.829 3.829 3.829 3.829 3.829 3.829 3.829 3.829 3.829 3.829 3.829 3.829 3.829 3.829 3.829 3.829 3.829 3.829 4.079 4.081 4.089 4.081 4.081 4.081 4.081 4.081 4.081 4.081 4.081 4.081 4.081 4.081 4.081 4.081 4.081 4.081 4.081 4.081 4.081 4.081 3.772 3.774 3.779 3.774 3.774 3.774 3.774 3.774 3.774 3.774 3.774 3.774 3.774 3.774 3.774 3.774 3.774 3.774 3.774 3.774 3.774 3.774 3.727 3.729 3.732 3.729 3.729 3.729 3.729 3.729 3.729 3.729 3.729 3.729 3.729 3.729 3.729 3.729 3.729 3.729 3.729 3.729 3.729 3.729 3.760 3.761 3.765 3.761 3.761 3.761 3.761 3.761 3.761 3.761 3.761 3.761 3.761 3.761 3.761 3.761 3.761 3.761 3.761 3.761 3.761 3.761 3.937 3.939 3.946 3.939 3.939 3.939 3.939 3.939 3.939 3.939 3.939 3.939 3.939 3.939 3.939 3.939 3.939 3.939 3.939 3.939 3.939 3.939
0.0152 0.01508 9.00000 1.2400000095 2.5121965087    1.240  0.386  3.8116  4.344    1  0.000  0.543     0.00     0.00     0.00     0.00     0.00 -1 -1.95e-13      0.00 7.359e-01 2.499e-01 2.540e-03 6.866e-04 6.236e-03 -1.000 1.419e-02       6479          0          0          0          0      1.242      1.242 3.805 3.290 2.892 2.700 2.659 3.733 3.973 3.679 3.639 3.676 3.835 3.290 3.292 3.296 3.292 3.292 3.292 3.292 3.292 3.292 3.292 3.292 3.292 3.292 3.292 3.292 3.292 3.292 3.292 3.292 3.292 3.292 3.292 2.892 2.894 2.896 2.894 2.894 2.894 2.894 2.894 2.894 2.894 2.894 2.894 2.894 2.894 2.894 2.894 2.894 2.894 2.894 2.894 2.894 2.894 2.700 2.701 2.702 2.701 2.701 2.701 2.701 2.701 2.701 2.701 2.701 2.701 2.701 2.701 2.701 2.701 2.701 2.701 2.701 2.701 2.701 2.701 2.659 2.661 2.662 2.661 2.661 2.661 2.661 2.661 2.661 2.661 2.661 2.661 2.661 2.661 2.661 2.661 2.661 2.661 2.661 2.661 2.661 2.661 3.733 3.735 3.741 3.735 3.735 3.735 3.735 3.735 3.735 3.735 3.735 3.735 3.735 3.735 3.735 3.735 3.735 3.735 3.735 3.735 3.735 3.735 3.973 3.975 3.983 3.975 3.975 3.975 3.975 3.975 3.975 3.975 3.975 3.975 3.975 3.975 3.975 3.975 3.975 3.975 3.975 3.975 3.975 3.975 3.679 3.681 3.686 3.681 3.681 3.681 3.681 3.681 3.681 3.681 3.681 3.681 3.681 3.681 3.681 3.681 3.681 3.681 3.681 3.681 3.681 3.681 3.639 3.641 3.645 3.641 3.641 3.641 3.641 3.641 3.641 3.641 3.641 3.641 3.641 3.641 3.641 3.641 3.641 3.641 3.641 3.641 3.641 3.641 3.676 3.678 3.682 3.678 3.678 3.678 3.678 3.678 3.678 3.678 3.678 3.678 3.678 3.678 3.678 3.678 3.678 3.678 3.678 3.678 3.678 3.678 3.835 3.837 3.844 3.837 3.837 3.837 3.837 3.837 3.837 3.837 3.837 3.837 3.837 3.837 3.837 3.837 3.837 3.837 3.837 3.837 3.837 3.837
0.0152 0.01508 9.00000 1.2599999905 2.5147026262    1.259  0.420  3.8146  4.328    1  0.000  0.543     0.00     0.00     0.00     0.00     0.00 -1 -2.13e-13      0.00 7.404e-01 2.456e-01 2.510e-03 6.787e-04 6.167e-03 -1.000 1.403e-02       6525          0          0          0          0      1.274      1.274 3.720 3.211 2.821 2.635 2.596 3.649 3.878 3.595 3.560 3.601 3.744 3.211 3.213 3.217 3.213 3.213 3.213 3.213 3.213 3.213 3.213 3.213 3.213 3.213 3.213 3.213 3.213 3.213 3.213 3.213 3.213 3.213 3.213 2.821 2.824 2.825 2.824 2.824 2.824 2.824 2.824 2.824 2.824 2.824 2.824 2.824 2.824 2.824 2.824 2.824 2.824 2.824 2.824 2.824 2.824 2.635 2.637 2.638 2.637 2.637 2.637 2.637 2.637 2.637 2.637 2.637 2.637 2.637 2.637 2.637 2.637 2.637 2.637 2.637 2.637 2.637 2.637 2.596 2.598 2.598 2.598 2.598 2.598 2.598 2.598 2.598 2.598 2.598 2.598 2.598 2.598 2.598 2.598 2.598 2.598 2.598 2.598 2.598 2.598 3.649 3.651 3.656 3.651 3.651 3.651 3.651 3.651 3.651 3.651 3.651 3.651 3.651 3.651 3.651 3.651 3.651 3.651 3.651 3.651 3.651 3.651 3.878 3.880 3.888 3.880 3.880 3.880 3.880 3.880 3.880 3.880 3.880 3.880 3.880 3.880 3.880 3.880 3.880 3.880 3.880 3.880 3.880 3.880 3.595 3.597 3.602 3.597 3.597 3.597 3.597 3.597 3.597 3.597 3.597 3.597 3.597 3.597 3.597 3.597 3.597 3.597 3.597 3.597 3.597 3.597 3.560 3.562 3.566 3.562 3.562 3.562 3.562 3.562 3.562 3.562 3.562 3.562 3.562 3.562 3.562 3.562 3.562 3.562 3.562 3.562 3.562 3.562 3.601 3.602 3.606 3.602 3.602 3.602 3.602 3.602 3.602 3.602 3.602 3.602 3.602 3.602 3.602 3.602 3.602 3.602 3.602 3.602 3.602 3.602 3.744 3.746 3.753 3.746 3.746 3.746 3.746 3.746 3.746 3.746 3.746 3.746 3.746 3.746 3.746 3.746 3.746 3.746 3.746 3.746 3.746 3.746
0.0152 0.01508 9.00000 1.2799999714 2.5171188927    1.279  0.455  3.8182  4.315    1  0.000  0.542     0.00     0.00     0.00     0.00     0.00 -1 -2.33e-13      0.00 7.460e-01 2.401e-01 2.475e-03 6.698e-04 6.089e-03 -1.000 1.386e-02       6579          0          0          0          0      1.304      1.304 3.632 3.132 2.752 2.573 2.534 3.563 3.780 3.510 3.480 3.525 3.650 3.132 3.134 3.138 3.134 3.134 3.134 3.134 3.134 3.134 3.134 3.134 3.134 3.134 3.134 3.134 3.134 3.134 3.134 3.134 3.134 3.134 3.134 2.752 2.755 2.756 2.755 2.755 2.755 2.755 2.755 2.755 2.755 2.755 2.755 2.755 2.755 2.755 2.755 2.755 2.755 2.755 2.755 2.755 2.755 2.573 2.575 2.576 2.575 2.575 2.575 2.575 2.575 2.575 2.575 2.575 2.575 2.575 2.575 2.575 2.575 2.575 2.575 2.575 2.575 2.575 2.575 2.534 2.536 2.537 2.536 2.536 2.536 2.536 2.536 2.536 2.536 2.536 2.536 2.536 2.536 2.536 2.536 2.536 2.536 2.536 2.536 2.536 2.536 3.563 3.565 3.570 3.565 3.565 3.565 3.565 3.565 3.565 3.565 3.565 3.565 3.565 3.565 3.565 3.565 3.565 3.565 3.565 3.565 3.565 3.565 3.780 3.782 3.790 3.782 3.782 3.782 3.782 3.782 3.782 3.782 3.782 3.782 3.782 3.782 3.782 3.782 3.782 3.782 3.782 3.782 3.782 3.782 3.510 3.512 3.517 3.512 3.512 3.512 3.512 3.512 3.512 3.512 3.512 3.512 3.512 3.512 3.512 3.512 3.512 3.512 3.512 3.512 3.512 3.512 3.480 3.483 3.486 3.483 3.483 3.483 3.483 3.483 3.483 3.483 3.483 3.483 3.483 3.483 3.483 3.483 3.483 3.483 3.483 3.483 3.483 3.483 3.525 3.527 3.531 3.527 3.527 3.527 3.527 3.527 3.527 3.527 3.527 3.527 3.527 3.527 3.527 3.527 3.527 3.527 3.527 3.527 3.527 3.527 3.650 3.652 3.659 3.652 3.652 3.652 3.652 3.652 3.652 3.652 3.652 3.652 3.652 3.652 3.652 3.652 3.652 3.652 3.652 3.652 3.652 3.652
0.0152 0.01508 9.00000 1.2999999523 2.5194498592    1.300  0.490  3.8214  4.299    1  0.000  0.541     0.00     0.00     0.00     0.00     0.00 -1 -2.55e-13      0.00 7.492e-01 2.369e-01 2.470e-03 6.689e-04 6.085e-03 -1.000 1.386e-02       6628          0          0          0          0      1.339      1.339 3.544 3.051 2.680 2.508 2.469 3.476 3.683 3.424 3.399 3.448 3.557 3.051 3.054 3.057 3.054 3.054 3.054 3.054 3.054 3.054 3.054 3.054 3.054 3.054 3.054 3.054 3.054 3.054 3.054 3.054 3.054 3.054 3.054 2.680 2.683 2.685 2.683 2.683 2.683 2.683 2.683 2.683 2.683 2.683 2.683 2.683 2.683 2.683 2.683 2.683 2.683 2.683 2.683 2.683 2.683 2.508 2.510 2.511 2.509 2.510 2.510 2.510 2.510 2.510 2.510 2.510 2.510 2.510 2.510 2.510 2.510 2.510 2.510 2.510 2.510 2.510 2.510 2.469 2.471 2.472 2.471 2.471 2.471 2.471 2.471 2.471 2.471 2.471 2.471 2.471 2.471 2.471 2.471 2.471 2.471 2.471 2.471 2.471 2.471 3.476 3.478 3.483 3.478 3.478 3.478 3.478 3.478 3.478 3.478 3.478 3.478 3.478 3.478 3.478 3.478 3.478 3.478 3.478 3.478 3.478 3.478 3.683 3.685 3.693 3.685 3.685 3.685 3.685 3.685 3.685 3.685 3.685 3.685 3.685 3.685 3.685 3.685 3.685 3.685 3.685 3.685 3.685 3.685 3.424 3.426 3.431 3.426 3.426 3.426 3.426 3.426 3.426 3.426 3.426 3.426 3.426 3.426 3.426 3.426 3.426 3.426 3.426 3.426 3.426 3.426 3.399 3.402 3.406 3.402 3.402 3.402 3.402 3.402 3.402 3.402 3.402 3.402 3.402 3.402 3.402 3.402 3.402 3.402 3.402 3.402 3.402 3.402 3.448 3.450 3.453 3.450 3.450 3.450 3.450 3.450 3.450 3.450 3.450 3.450 3.450 3.450 3.450 3.450 3.450 3.450 3.450 3.450 3.450 3.450 3.557 3.559 3.566 3.559 3.559 3.559 3.559 3.559 3.559 3.559 3.559 3.559 3.559 3.559 3.559 3.559 3.559 3.559 3.559 3.559 3.559 3.559
0.0152 0.01508 9.00000 1.3200001717 2.5216998072    1.320  0.524  3.8251  4.287    1  0.000  0.540     0.00     0.00     0.00     0.00     0.00 -1 -2.78e-13      0.00 7.506e-01 2.355e-01 2.471e-03 6.698e-04 6.097e-03 -1.000 1.389e-02       6684          0          0          0          0      1.367      1.367 3.461 2.977 2.616 2.450 2.412 3.394 3.590 3.343 3.324 3.377 3.468 2.977 2.979 2.983 2.979 2.979 2.979 2.979 2.979 2.979 2.979 2.979 2.979 2.979 2.979 2.979 2.979 2.979 2.979 2.979 2.979 2.979 2.979 2.616 2.618 2.620 2.618 2.618 2.618 2.618 2.618 2.618 2.618 2.618 2.618 2.618 2.618 2.618 2.618 2.618 2.618 2.618 2.618 2.618 2.618 2.450 2.452 2.453 2.452 2.452 2.452 2.452 2.452 2.452 2.452 2.452 2.452 2.452 2.452 2.452 2.452 2.452 2.452 2.452 2.452 2.452 2.452 2.412 2.414 2.415 2.414 2.414 2.414 2.414 2.414 2.414 2.414 2.414 2.414 2.414 2.414 2.414 2.414 2.414 2.414 2.414 2.414 2.414 2.414 3.394 3.397 3.402 3.397 3.397 3.397 3.397 3.397 3.397 3.397 3.397 3.397 3.397 3.397 3.397 3.397 3.397 3.397 3.397 3.397 3.397 3.397 3.590 3.592 3.599 3.592 3.592 3.592 3.592 3.592 3.592 3.592 3.592 3.592 3.592 3.592 3.592 3.592 3.592 3.592 3.592 3.592 3.592 3.592 3.343 3.346 3.351 3.346 3.346 3.346 3.346 3.346 3.346 3.346 3.346 3.346 3.346 3.346 3.346 3.346 3.346 3.346 3.346 3.346 3.346 3.346 3.324 3.327 3.331 3.327 3.327 3.327 3.327 3.327 3.327 3.327 3.327 3.327 3.327 3.327 3.327 3.327 3.327 3.327 3.327 3.327 3.327 3.327 3.377 3.379 3.383 3.379 3.379 3.379 3.379 3.379 3.379 3.379 3.379 3.379 3.379 3.379 3.379 3.379 3.379 3.379 3.379 3.379 3.379 3.379 3.468 3.469 3.476 3.469 3.469 3.469 3.469 3.469 3.469 3.469 3.469 3.469 3.469 3.469 3.469 3.469 3.469 3.469 3.469 3.469 3.469 3.469
0.0152 0.01508 9.00000 1.3276257515 2.5225371550    1.327  0.536  3.8262  4.282    1  0.000  0.541     0.00     0.00     0.00     0.00     0.00 -1 -2.87e-13      0.00 7.507e-01 2.355e-01 2.467e-03 6.686e-04 6.085e-03 -1.000 1.386e-02       6701          0          0          0          0       1.38       1.38 3.429 2.948 2.590 2.427 2.389 3.364 3.555 3.313 3.296 3.350 3.434 2.948 2.950 2.954 2.950 2.950 2.950 2.950 2.950 2.950 2.950 2.950 2.950 2.950 2.950 2.950 2.950 2.950 2.950 2.950 2.950 2.950 2.950 2.590 2.593 2.594 2.593 2.593 2.593 2.593 2.593 2.593 2.593 2.593 2.593 2.593 2.593 2.593 2.593 2.593 2.593 2.593 2.593 2.593 2.593 2.427 2.429 2.430 2.429 2.429 2.429 2.429 2.429 2.429 2.429 2.429 2.429 2.429 2.429 2.429 2.429 2.429 2.429 2.429 2.429 2.429 2.429 2.389 2.391 2.392 2.391 2.391 2.391 2.391 2.391 2.391 2.391 2.391 2.391 2.391 2.391 2.391 2.391 2.391 2.391 2.391 2.391 2.391 2.391 3.364 3.366 3.371 3.366 3.366 3.366 3.366 3.366 3.366 3.366 3.366 3.366 3.366 3.366 3.366 3.366 3.366 3.366 3.366 3.366 3.366 3.366 3.555 3.557 3.565 3.557 3.557 3.557 3.557 3.557 3.557 3.557 3.557 3.557 3.557 3.557 3.557 3.557 3.557 3.557 3.557 3.557 3.557 3.557 3.313 3.315 3.320 3.315 3.315 3.315 3.315 3.315 3.315 3.315 3.315 3.315 3.315 3.315 3.315 3.315 3.315 3.315 3.315 3.315 3.315 3.315 3.296 3.298 3.302 3.298 3.298 3.298 3.298 3.298 3.298 3.298 3.298 3.298 3.298 3.298 3.298 3.298 3.298 3.298 3.298 3.298 3.298 3.298 3.350 3.352 3.355 3.352 3.352 3.352 3.352 3.352 3.352 3.352 3.352 3.352 3.352 3.352 3.352 3.352 3.352 3.352 3.352 3.352 3.352 3.352 3.434 3.436 3.443 3.436 3.436 3.436 3.436 3.436 3.436 3.436 3.436 3.436 3.436 3.436 3.436 3.436 3.436 3.436 3.436 3.436 3.436 3.436
0.0152 0.01508 9.00000 1.3400001526 2.5238726658    1.340  0.556  3.8280  4.273    1  0.000  0.541     0.00     0.00     0.00     0.00     0.00 -1 -3.02e-13      0.00 7.507e-01 2.354e-01 2.461e-03 6.667e-04 6.067e-03 -1.000 1.382e-02       6730          0          0          0          0      1.401      1.401 3.379 2.902 2.549 2.389 2.351 3.314 3.500 3.264 3.249 3.305 3.381 2.902 2.904 2.908 2.904 2.904 2.904 2.904 2.904 2.904 2.904 2.904 2.904 2.904 2.904 2.904 2.904 2.904 2.904 2.904 2.904 2.904 2.904 2.549 2.552 2.553 2.552 2.552 2.552 2.552 2.552 2.552 2.552 2.552 2.552 2.552 2.552 2.552 2.552 2.552 2.552 2.552 2.552 2.552 2.552 2.389 2.391 2.392 2.391 2.391 2.391 2.391 2.391 2.391 2.391 2.391 2.391 2.391 2.391 2.391 2.391 2.391 2.391 2.391 2.391 2.391 2.391 2.351 2.354 2.354 2.354 2.354 2.354 2.354 2.354 2.354 2.354 2.354 2.354 2.354 2.354 2.354 2.354 2.354 2.354 2.354 2.354 2.354 2.354 3.314 3.316 3.321 3.316 3.316 3.316 3.316 3.316 3.316 3.316 3.316 3.316 3.316 3.316 3.316 3.316 3.316 3.316 3.316 3.316 3.316 3.316 3.500 3.502 3.509 3.502 3.502 3.502 3.502 3.502 3.502 3.502 3.502 3.502 3.502 3.502 3.502 3.502 3.502 3.502 3.502 3.502 3.502 3.502 3.264 3.266 3.271 3.266 3.266 3.266 3.266 3.266 3.266 3.266 3.266 3.266 3.266 3.266 3.266 3.266 3.266 3.266 3.266 3.266 3.266 3.266 3.249 3.252 3.256 3.252 3.252 3.252 3.252 3.252 3.252 3.252 3.252 3.252 3.252 3.252 3.252 3.252 3.252 3.252 3.252 3.252 3.252 3.252 3.305 3.307 3.311 3.307 3.307 3.307 3.307 3.307 3.307 3.307 3.307 3.307 3.307 3.307 3.307 3.307 3.307 3.307 3.307 3.307 3.307 3.307 3.381 3.383 3.390 3.383 3.383 3.383 3.383 3.383 3.383 3.383 3.383 3.383 3.383 3.383 3.383 3.383 3.383 3.383 3.383 3.383 3.383 3.383
0.0152 0.01508 9.00000 1.3600000143 2.5259721816    1.360  0.589  3.8314  4.260    1  0.000  0.541     0.00     0.00     0.00     0.00     0.00 -1 -3.27e-13      0.00 7.504e-01 2.359e-01 2.450e-03 6.634e-04 6.035e-03 -1.000 1.374e-02       6782          0          0          0          0      1.432      1.432 3.299 2.830 2.486 2.333 2.295 3.235 3.410 3.186 3.177 3.237 3.295 2.830 2.832 2.836 2.832 2.832 2.832 2.832 2.832 2.832 2.832 2.832 2.832 2.832 2.832 2.832 2.832 2.832 2.832 2.832 2.832 2.832 2.832 2.486 2.489 2.490 2.489 2.489 2.489 2.489 2.489 2.489 2.489 2.489 2.489 2.489 2.489 2.489 2.489 2.489 2.489 2.489 2.489 2.489 2.489 2.333 2.334 2.336 2.334 2.334 2.334 2.334 2.334 2.334 2.334 2.334 2.334 2.334 2.334 2.334 2.334 2.334 2.334 2.334 2.334 2.334 2.334 2.295 2.298 2.298 2.298 2.298 2.298 2.298 2.298 2.298 2.298 2.298 2.298 2.298 2.298 2.298 2.298 2.298 2.298 2.298 2.298 2.298 2.298 3.235 3.238 3.243 3.238 3.238 3.238 3.238 3.238 3.238 3.238 3.238 3.238 3.238 3.238 3.238 3.238 3.238 3.238 3.238 3.238 3.238 3.238 3.410 3.412 3.420 3.412 3.412 3.412 3.412 3.412 3.412 3.412 3.412 3.412 3.412 3.412 3.412 3.412 3.412 3.412 3.412 3.412 3.412 3.412 3.186 3.189 3.193 3.189 3.189 3.189 3.189 3.189 3.189 3.189 3.189 3.189 3.189 3.189 3.189 3.189 3.189 3.189 3.189 3.189 3.189 3.189 3.177 3.180 3.183 3.180 3.180 3.180 3.180 3.180 3.180 3.180 3.180 3.180 3.180 3.180 3.180 3.180 3.180 3.180 3.180 3.180 3.180 3.180 3.237 3.239 3.242 3.239 3.239 3.239 3.239 3.239 3.239 3.239 3.239 3.239 3.239 3.239 3.239 3.239 3.239 3.239 3.239 3.239 3.239 3.239 3.295 3.297 3.304 3.297 3.297 3.297 3.297 3.297 3.297 3.297 3.297 3.297 3.297 3.297 3.297 3.297 3.297 3.297 3.297 3.297 3.297 3.297
0.0152 0.01508 9.00000 1.3800001144 2.5280018908    1.380  0.620  3.8349  4.249    1  0.000  0.541     0.00     0.00     0.00     0.00     0.00 -1 -3.54e-13      0.00 7.521e-01 2.343e-01 2.423e-03 6.561e-04 5.967e-03 -1.000 1.359e-02       6836          0          0          0          0      1.461      1.461 3.219 2.760 2.425 2.278 2.241 3.158 3.322 3.110 3.107 3.170 3.211 2.760 2.762 2.766 2.762 2.762 2.762 2.762 2.762 2.762 2.762 2.762 2.762 2.762 2.762 2.762 2.762 2.762 2.762 2.762 2.762 2.762 2.762 2.425 2.428 2.429 2.428 2.428 2.428 2.428 2.428 2.428 2.428 2.428 2.428 2.428 2.428 2.428 2.428 2.428 2.428 2.428 2.428 2.428 2.428 2.278 2.280 2.281 2.280 2.280 2.280 2.280 2.280 2.280 2.280 2.280 2.280 2.280 2.280 2.280 2.280 2.280 2.280 2.280 2.280 2.280 2.280 2.241 2.243 2.244 2.243 2.243 2.243 2.243 2.243 2.243 2.243 2.243 2.243 2.243 2.243 2.243 2.243 2.243 2.243 2.243 2.243 2.243 2.243 3.158 3.160 3.165 3.160 3.160 3.160 3.160 3.160 3.160 3.160 3.160 3.160 3.160 3.160 3.160 3.160 3.160 3.160 3.160 3.160 3.160 3.160 3.322 3.323 3.331 3.323 3.323 3.323 3.323 3.323 3.323 3.323 3.323 3.323 3.323 3.323 3.323 3.323 3.323 3.323 3.323 3.323 3.323 3.323 3.110 3.112 3.117 3.112 3.112 3.112 3.112 3.112 3.112 3.112 3.112 3.112 3.112 3.112 3.112 3.112 3.112 3.112 3.112 3.112 3.112 3.112 3.107 3.109 3.113 3.109 3.109 3.109 3.109 3.109 3.109 3.109 3.109 3.109 3.109 3.109 3.109 3.109 3.109 3.109 3.109 3.109 3.109 3.109 3.170 3.172 3.176 3.172 3.172 3.172 3.172 3.172 3.172 3.172 3.172 3.172 3.172 3.172 3.172 3.172 3.172 3.172 3.172 3.172 3.172 3.172 3.211 3.212 3.219 3.212 3.212 3.212 3.212 3.212 3.212 3.212 3.212 3.212 3.212 3.212 3.212 3.212 3.212 3.212 3.212 3.212 3.212 3.212
0.0152 0.01508 9.00000 1.4000000954 2.5299650415    1.400  0.651  3.8382  4.238    1  0.000  0.542     0.00     0.00     0.00     0.00     0.00 -1 -3.82e-13      0.00 7.525e-01 2.339e-01 2.418e-03 6.546e-04 5.953e-03 -1.000 1.356e-02       6889          0          0          0          0      1.491      1.491 3.142 2.692 2.366 2.225 2.189 3.083 3.235 3.036 3.038 3.106 3.128 2.692 2.694 2.697 2.694 2.694 2.694 2.694 2.694 2.694 2.694 2.694 2.694 2.694 2.694 2.694 2.694 2.694 2.694 2.694 2.694 2.694 2.694 2.366 2.368 2.370 2.368 2.368 2.368 2.368 2.368 2.368 2.368 2.368 2.368 2.368 2.368 2.368 2.368 2.368 2.368 2.368 2.368 2.368 2.368 2.225 2.227 2.228 2.227 2.227 2.227 2.227 2.227 2.227 2.227 2.227 2.227 2.227 2.227 2.227 2.227 2.227 2.227 2.227 2.227 2.227 2.227 2.189 2.191 2.191 2.191 2.191 2.191 2.191 2.191 2.191 2.191 2.191 2.191 2.191 2.191 2.191 2.191 2.191 2.191 2.191 2.191 2.191 2.191 3.083 3.085 3.090 3.085 3.085 3.085 3.085 3.085 3.085 3.085 3.085 3.085 3.085 3.085 3.085 3.085 3.085 3.085 3.085 3.085 3.085 3.085 3.235 3.237 3.245 3.237 3.237 3.237 3.237 3.237 3.237 3.237 3.237 3.237 3.237 3.237 3.237 3.237 3.237 3.237 3.237 3.237 3.237 3.237 3.036 3.038 3.043 3.038 3.038 3.038 3.038 3.038 3.038 3.038 3.038 3.038 3.038 3.038 3.038 3.038 3.038 3.038 3.038 3.038 3.038 3.038 3.038 3.041 3.044 3.041 3.041 3.041 3.041 3.041 3.041 3.041 3.041 3.041 3.041 3.041 3.041 3.041 3.041 3.041 3.041 3.041 3.041 3.041 3.106 3.107 3.111 3.107 3.107 3.107 3.107 3.107 3.107 3.107 3.107 3.107 3.107 3.107 3.107 3.107 3.107 3.107 3.107 3.107 3.107 3.107 3.128 3.130 3.137 3.130 3.130 3.130 3.130 3.130 3.130 3.130 3.130 3.130 3.130 3.130 3.130 3.130 3.130 3.130 3.130 3.130 3.130 3.130
0.0152 0.01508 9.00000 1.4199999571 2.5318647212    1.420  0.681  3.8414  4.227    1  0.000  0.542     0.00     0.00     0.00     0.00     0.00 -1 -4.12e-13      0.00 7.521e-01 2.343e-01 2.418e-03 6.546e-04 5.953e-03 -1.000 1.356e-02       6941          0          0          0          0      1.521      1.521 3.066 2.624 2.307 2.173 2.137 3.009 3.150 2.963 2.971 3.042 3.047 2.624 2.626 2.630 2.626 2.626 2.626 2.626 2.626 2.626 2.626 2.626 2.626 2.626 2.626 2.626 2.626 2.626 2.626 2.626 2.626 2.626 2.626 2.307 2.310 2.311 2.310 2.310 2.310 2.310 2.310 2.310 2.310 2.310 2.310 2.310 2.310 2.310 2.310 2.310 2.310 2.310 2.310 2.310 2.310 2.173 2.174 2.175 2.174 2.174 2.174 2.174 2.174 2.174 2.174 2.174 2.174 2.174 2.174 2.174 2.174 2.174 2.174 2.174 2.174 2.174 2.174 2.137 2.139 2.139 2.139 2.139 2.139 2.139 2.139 2.139 2.139 2.139 2.139 2.139 2.139 2.139 2.139 2.139 2.139 2.139 2.139 2.139 2.139 3.009 3.011 3.016 3.011 3.011 3.011 3.011 3.011 3.011 3.011 3.011 3.011 3.011 3.011 3.011 3.011 3.011 3.011 3.011 3.011 3.011 3.011 3.150 3.152 3.160 3.152 3.152 3.152 3.152 3.152 3.152 3.152 3.152 3.152 3.152 3.152 3.152 3.152 3.152 3.152 3.152 3.152 3.152 3.152 2.963 2.965 2.970 2.965 2.965 2.965 2.965 2.965 2.965 2.965 2.965 2.965 2.965 2.965 2.965 2.965 2.965 2.965 2.965 2.965 2.965 2.965 2.971 2.974 2.977 2.974 2.974 2.974 2.974 2.974 2.974 2.974 2.974 2.974 2.974 2.974 2.974 2.974 2.974 2.974 2.974 2.974 2.974 2.974 3.042 3.044 3.047 3.044 3.044 3.044 3.044 3.044 3.044 3.044 3.044 3.044 3.044 3.044 3.044 3.044 3.044 3.044 3.044 3.044 3.044 3.044 3.047 3.049 3.056 3.049 3.049 3.049 3.049 3.049 3.049 3.049 3.049 3.049 3.049 3.049 3.049 3.049 3.049 3.049 3.049 3.049 3.049 3.049
0.0152 0.01508 9.00000 1.4400000572 2.5337038658    1.440  0.711  3.8450  4.217    1  0.000  0.542     0.00     0.00     0.00     0.00     0.00 -1 -4.44e-13      0.00 7.520e-01 2.344e-01 2.418e-03 6.547e-04 5.953e-03 -1.000 1.356e-02       6998          0          0          0          0      1.549      1.549 2.992 2.560 2.252 2.124 2.089 2.936 3.065 2.892 2.907 2.982 2.966 2.560 2.562 2.565 2.562 2.562 2.562 2.562 2.562 2.562 2.562 2.562 2.562 2.562 2.562 2.562 2.562 2.562 2.562 2.562 2.562 2.562 2.562 2.252 2.254 2.256 2.254 2.254 2.254 2.254 2.254 2.254 2.254 2.254 2.254 2.254 2.254 2.254 2.254 2.254 2.254 2.254 2.254 2.254 2.254 2.124 2.125 2.126 2.125 2.125 2.125 2.125 2.125 2.125 2.125 2.125 2.125 2.125 2.125 2.125 2.125 2.125 2.125 2.125 2.125 2.125 2.125 2.089 2.091 2.091 2.091 2.091 2.091 2.091 2.091 2.091 2.091 2.091 2.091 2.091 2.091 2.091 2.091 2.091 2.091 2.091 2.091 2.091 2.091 2.936 2.938 2.943 2.938 2.938 2.938 2.938 2.938 2.938 2.938 2.938 2.938 2.938 2.938 2.938 2.938 2.938 2.938 2.938 2.938 2.938 2.938 3.065 3.066 3.074 3.066 3.066 3.066 3.066 3.066 3.066 3.066 3.066 3.066 3.066 3.066 3.066 3.066 3.066 3.066 3.066 3.066 3.066 3.066 2.892 2.894 2.898 2.894 2.894 2.894 2.894 2.894 2.894 2.894 2.894 2.894 2.894 2.894 2.894 2.894 2.894 2.894 2.894 2.894 2.894 2.894 2.907 2.909 2.912 2.909 2.909 2.909 2.909 2.909 2.909 2.909 2.909 2.909 2.909 2.909 2.909 2.909 2.909 2.909 2.909 2.909 2.909 2.909 2.982 2.984 2.986 2.984 2.984 2.984 2.984 2.984 2.984 2.984 2.984 2.984 2.984 2.984 2.984 2.984 2.984 2.984 2.984 2.984 2.984 2.984 2.966 2.967 2.974 2.967 2.967 2.967 2.967 2.967 2.967 2.967 2.967 2.967 2.967 2.967 2.967 2.967 2.967 2.967 2.967 2.967 2.967 2.967
0.0152 0.01508 9.00000 1.4600000381 2.5354851738    1.460  0.741  3.8489  4.209    1  0.000  0.542     0.00     0.00     0.00     0.00     0.00 -1 -4.76e-13      0.00 7.525e-01 2.340e-01 2.415e-03 6.537e-04 5.945e-03 -1.000 1.354e-02       7061          0          0          0          0      1.573      1.573 2.918 2.498 2.200 2.079 2.045 2.865 2.980 2.822 2.845 2.924 2.885 2.498 2.500 2.503 2.500 2.500 2.500 2.500 2.500 2.500 2.500 2.500 2.500 2.500 2.500 2.500 2.500 2.500 2.500 2.500 2.500 2.500 2.500 2.200 2.202 2.204 2.202 2.202 2.202 2.202 2.202 2.202 2.202 2.202 2.202 2.202 2.202 2.202 2.202 2.202 2.202 2.202 2.202 2.202 2.202 2.079 2.080 2.081 2.080 2.080 2.080 2.080 2.080 2.080 2.080 2.080 2.080 2.080 2.080 2.080 2.080 2.080 2.080 2.080 2.080 2.080 2.080 2.045 2.046 2.047 2.046 2.046 2.046 2.046 2.046 2.046 2.046 2.046 2.046 2.046 2.046 2.046 2.046 2.046 2.046 2.046 2.046 2.046 2.046 2.865 2.867 2.872 2.867 2.867 2.867 2.867 2.867 2.867 2.867 2.867 2.867 2.867 2.867 2.867 2.867 2.867 2.867 2.867 2.867 2.867 2.867 2.980 2.981 2.989 2.981 2.981 2.981 2.981 2.981 2.981 2.981 2.981 2.981 2.981 2.981 2.981 2.981 2.981 2.981 2.981 2.981 2.981 2.981 2.822 2.824 2.829 2.824 2.824 2.824 2.824 2.824 2.824 2.824 2.824 2.824 2.824 2.824 2.824 2.824 2.824 2.824 2.824 2.824 2.824 2.824 2.845 2.847 2.850 2.847 2.847 2.847 2.847 2.847 2.847 2.847 2.847 2.847 2.847 2.847 2.847 2.847 2.847 2.847 2.847 2.847 2.847 2.847 2.924 2.926 2.929 2.926 2.926 2.926 2.926 2.926 2.926 2.926 2.926 2.926 2.926 2.926 2.926 2.926 2.926 2.926 2.926 2.926 2.926 2.926 2.885 2.887 2.894 2.887 2.887 2.887 2.887 2.887 2.887 2.887 2.887 2.887 2.887 2.887 2.887 2.887 2.887 2.887 2.887 2.887 2.887 2.887
0.0152 0.01508 9.00000 1.4800000191 2.5372112297    1.480  0.769  3.8533  4.204    1  0.000  0.543     0.00     0.00     0.00     0.00     0.00 -1 -5.07e-13      0.00 7.405e-01 2.455e-01 2.499e-03 6.758e-04 6.141e-03 -1.000 1.398e-02       7133          0          0          0          0      1.593      1.593 2.847 2.440 2.154 2.040 2.007 2.797 2.898 2.756 2.787 2.871 2.808 2.440 2.442 2.445 2.442 2.442 2.442 2.442 2.442 2.442 2.442 2.442 2.442 2.442 2.442 2.442 2.442 2.442 2.442 2.442 2.442 2.442 2.442 2.154 2.155 2.157 2.155 2.155 2.155 2.155 2.155 2.155 2.155 2.155 2.155 2.155 2.155 2.155 2.155 2.155 2.155 2.155 2.155 2.155 2.155 2.040 2.041 2.042 2.041 2.041 2.041 2.041 2.041 2.041 2.041 2.041 2.041 2.041 2.041 2.041 2.041 2.041 2.041 2.041 2.041 2.041 2.041 2.007 2.008 2.009 2.008 2.008 2.008 2.008 2.008 2.008 2.008 2.008 2.008 2.008 2.008 2.008 2.008 2.008 2.008 2.008 2.008 2.008 2.008 2.797 2.799 2.804 2.799 2.799 2.799 2.799 2.799 2.799 2.799 2.799 2.799 2.799 2.799 2.799 2.799 2.799 2.799 2.799 2.799 2.799 2.799 2.898 2.898 2.906 2.898 2.898 2.898 2.898 2.898 2.898 2.898 2.898 2.898 2.898 2.898 2.898 2.898 2.898 2.898 2.898 2.898 2.898 2.898 2.756 2.758 2.763 2.758 2.758 2.758 2.758 2.758 2.758 2.758 2.758 2.758 2.758 2.758 2.758 2.758 2.758 2.758 2.758 2.758 2.758 2.758 2.787 2.789 2.792 2.789 2.789 2.789 2.789 2.789 2.789 2.789 2.789 2.789 2.789 2.789 2.789 2.789 2.789 2.789 2.789 2.789 2.789 2.789 2.871 2.873 2.876 2.873 2.873 2.873 2.873 2.873 2.873 2.873 2.873 2.873 2.873 2.873 2.873 2.873 2.873 2.873 2.873 2.873 2.873 2.873 2.808 2.809 2.816 2.809 2.809 2.809 2.809 2.809 2.809 2.809 2.809 2.809 2.809 2.809 2.809 2.809 2.809 2.809 2.809 2.809 2.809 2.809
0.0152 0.01508 9.00000 1.4980883598 2.5387267483    1.498  0.794  3.8580  4.204    1  0.000  0.545     0.00     0.00     0.00     0.00     0.00 -1 -5.34e-13      0.00 7.122e-01 2.726e-01 2.722e-03 7.345e-04 6.662e-03 -1.000 1.514e-02       7211          0          0          0          0      1.603      1.603 2.785 2.392 2.118 2.012 1.980 2.739 2.824 2.700 2.739 2.829 2.740 2.392 2.394 2.397 2.394 2.394 2.394 2.394 2.394 2.394 2.394 2.394 2.394 2.394 2.394 2.394 2.394 2.394 2.394 2.394 2.394 2.394 2.394 2.118 2.119 2.121 2.119 2.119 2.119 2.119 2.119 2.119 2.119 2.119 2.119 2.119 2.119 2.119 2.119 2.119 2.119 2.119 2.119 2.119 2.119 2.012 2.013 2.014 2.013 2.013 2.013 2.013 2.013 2.013 2.013 2.013 2.013 2.013 2.013 2.013 2.013 2.013 2.013 2.013 2.013 2.013 2.013 1.980 1.981 1.982 1.981 1.981 1.981 1.981 1.981 1.981 1.981 1.981 1.981 1.981 1.981 1.981 1.981 1.981 1.981 1.981 1.981 1.981 1.981 2.739 2.741 2.745 2.741 2.741 2.741 2.741 2.741 2.741 2.741 2.741 2.741 2.741 2.741 2.741 2.741 2.741 2.741 2.741 2.741 2.741 2.741 2.824 2.824 2.832 2.824 2.824 2.824 2.824 2.824 2.824 2.824 2.824 2.824 2.824 2.824 2.824 2.824 2.824 2.824 2.824 2.824 2.824 2.824 2.700 2.701 2.706 2.701 2.701 2.701 2.701 2.701 2.701 2.701 2.701 2.701 2.701 2.701 2.701 2.701 2.701 2.701 2.701 2.701 2.701 2.701 2.739 2.741 2.744 2.741 2.741 2.741 2.741 2.741 2.741 2.741 2.741 2.741 2.741 2.741 2.741 2.741 2.741 2.741 2.741 2.741 2.741 2.741 2.829 2.830 2.833 2.830 2.830 2.830 2.830 2.830 2.830 2.830 2.830 2.830 2.830 2.830 2.830 2.830 2.830 2.830 2.830 2.830 2.830 2.830 2.740 2.740 2.747 2.740 2.740 2.740 2.740 2.740 2.740 2.740 2.740 2.740 2.740 2.740 2.740 2.740 2.740 2.740 2.740 2.740 2.740 2.740
0.0152 0.01508 9.00000 1.5000000000 2.5388844597    1.500  0.796  3.8585  4.204    1  0.000  0.545     0.00     0.00     0.00     0.00     0.00 -1 -5.37e-13      0.00 7.092e-01 2.756e-01 2.746e-03 7.408e-04 6.719e-03 -1.000 1.527e-02       7219          0          0          0          0      1.605      1.605 2.779 2.387 2.114 2.009 1.977 2.733 2.816 2.694 2.734 2.824 2.733 2.387 2.389 2.392 2.389 2.389 2.389 2.389 2.389 2.389 2.389 2.389 2.389 2.389 2.389 2.389 2.389 2.389 2.389 2.389 2.389 2.389 2.389 2.114 2.116 2.117 2.116 2.116 2.116 2.116 2.116 2.116 2.116 2.116 2.116 2.116 2.116 2.116 2.116 2.116 2.116 2.116 2.116 2.116 2.116 2.009 2.010 2.011 2.010 2.010 2.010 2.010 2.010 2.010 2.010 2.010 2.010 2.010 2.010 2.010 2.010 2.010 2.010 2.010 2.010 2.010 2.010 1.977 1.979 1.979 1.979 1.979 1.979 1.979 1.979 1.979 1.979 1.979 1.979 1.979 1.979 1.979 1.979 1.979 1.979 1.979 1.979 1.979 1.979 2.733 2.734 2.739 2.734 2.734 2.734 2.734 2.734 2.734 2.734 2.734 2.734 2.734 2.734 2.734 2.734 2.734 2.734 2.734 2.734 2.734 2.734 2.816 2.817 2.825 2.817 2.817 2.817 2.817 2.817 2.817 2.817 2.817 2.817 2.817 2.817 2.817 2.817 2.817 2.817 2.817 2.817 2.817 2.817 2.694 2.696 2.700 2.696 2.696 2.696 2.696 2.696 2.696 2.696 2.696 2.696 2.696 2.696 2.696 2.696 2.696 2.696 2.696 2.696 2.696 2.696 2.734 2.736 2.739 2.736 2.736 2.736 2.736 2.736 2.736 2.736 2.736 2.736 2.736 2.736 2.736 2.736 2.736 2.736 2.736 2.736 2.736 2.736 2.824 2.826 2.828 2.826 2.826 2.826 2.826 2.826 2.826 2.826 2.826 2.826 2.826 2.826 2.826 2.826 2.826 2.826 2.826 2.826 2.826 2.826 2.733 2.733 2.740 2.733 2.733 2.733 2.733 2.733 2.733 2.733 2.733 2.733 2.733 2.733 2.733 2.733 2.733 2.733 2.733 2.733 2.733 2.733
0.0152 0.01508 9.00000 1.5049909353 2.5392940436    1.505  0.803  3.8594  4.202    1  0.000  0.545     0.00     0.00     0.00     0.00     0.00 -1 -5.46e-13      0.00 7.092e-01 2.756e-01 2.746e-03 7.408e-04 6.719e-03 -1.000 1.527e-02       7234          0          0          0          0       1.61       1.61 2.762 2.373 2.102 1.999 1.967 2.717 2.797 2.678 2.719 2.811 2.714 2.373 2.374 2.377 2.374 2.374 2.374 2.374 2.374 2.374 2.374 2.374 2.374 2.374 2.374 2.374 2.374 2.374 2.374 2.374 2.374 2.374 2.374 2.102 2.104 2.105 2.104 2.104 2.104 2.104 2.104 2.104 2.104 2.104 2.104 2.104 2.104 2.104 2.104 2.104 2.104 2.104 2.104 2.104 2.104 1.999 1.999 2.000 1.999 1.999 1.999 1.999 1.999 1.999 1.999 1.999 1.999 1.999 1.999 1.999 1.999 1.999 1.999 1.999 1.999 1.999 1.999 1.967 1.968 1.968 1.968 1.968 1.968 1.968 1.968 1.968 1.968 1.968 1.968 1.968 1.968 1.968 1.968 1.968 1.968 1.968 1.968 1.968 1.968 2.717 2.718 2.723 2.718 2.718 2.718 2.718 2.718 2.718 2.718 2.718 2.718 2.718 2.718 2.718 2.718 2.718 2.718 2.718 2.718 2.718 2.718 2.797 2.797 2.805 2.797 2.797 2.797 2.797 2.797 2.797 2.797 2.797 2.797 2.797 2.797 2.797 2.797 2.797 2.797 2.797 2.797 2.797 2.797 2.678 2.679 2.684 2.679 2.679 2.679 2.679 2.679 2.679 2.679 2.679 2.679 2.679 2.679 2.679 2.679 2.679 2.679 2.679 2.679 2.679 2.679 2.719 2.722 2.724 2.722 2.722 2.722 2.722 2.722 2.722 2.722 2.722 2.722 2.722 2.722 2.722 2.722 2.722 2.722 2.722 2.722 2.722 2.722 2.811 2.812 2.815 2.812 2.812 2.812 2.812 2.812 2.812 2.812 2.812 2.812 2.812 2.812 2.812 2.812 2.812 2.812 2.812 2.812 2.812 2.812 2.714 2.715 2.722 2.715 2.715 2.715 2.715 2.715 2.715 2.715 2.715 2.715 2.715 2.715 2.715 2.715 2.715 2.715 2.715 2.715 2.715 2.715
0.0152 0.01508 9.00000 1.5975478888 2.5463596155    1.597  0.926  3.8724  4.156    1  0.000  0.545     0.00     0.00     0.00     0.00     0.00 -1 -7.41e-13      0.00 7.092e-01 2.756e-01 2.746e-03 7.408e-04 6.719e-03 -1.000 1.527e-02       7454          0          0          0          0      1.748      1.748 2.454 2.106 1.869 1.788 1.758 2.420 2.458 2.387 2.454 2.559 2.389 2.106 2.107 2.109 2.107 2.107 2.107 2.107 2.107 2.107 2.107 2.107 2.107 2.107 2.107 2.107 2.107 2.107 2.107 2.107 2.107 2.107 2.107 1.869 1.869 1.870 1.869 1.869 1.869 1.869 1.869 1.869 1.869 1.869 1.869 1.869 1.869 1.869 1.869 1.869 1.869 1.869 1.869 1.869 1.869 1.788 1.787 1.788 1.787 1.787 1.787 1.787 1.787 1.787 1.787 1.787 1.787 1.787 1.787 1.787 1.787 1.787 1.787 1.787 1.787 1.787 1.787 1.758 1.759 1.758 1.759 1.759 1.759 1.759 1.759 1.759 1.759 1.759 1.759 1.759 1.759 1.759 1.759 1.759 1.759 1.759 1.759 1.759 1.759 2.420 2.421 2.425 2.421 2.421 2.421 2.421 2.421 2.421 2.421 2.421 2.421 2.421 2.421 2.421 2.421 2.421 2.421 2.421 2.421 2.421 2.421 2.458 2.457 2.465 2.457 2.457 2.457 2.457 2.457 2.457 2.457 2.457 2.457 2.457 2.457 2.457 2.457 2.457 2.457 2.457 2.457 2.457 2.457 2.387 2.388 2.392 2.388 2.388 2.388 2.388 2.388 2.388 2.388 2.388 2.388 2.388 2.388 2.388 2.388 2.388 2.388 2.388 2.388 2.388 2.388 2.454 2.455 2.457 2.455 2.455 2.455 2.455 2.455 2.455 2.455 2.455 2.455 2.455 2.455 2.455 2.455 2.455 2.455 2.455 2.455 2.455 2.455 2.559 2.560 2.562 2.560 2.560 2.560 2.560 2.560 2.560 2.560 2.560 2.560 2.560 2.560 2.560 2.560 2.560 2.560 2.560 2.560 2.560 2.560 2.389 2.389 2.396 2.389 2.389 2.389 2.389 2.389 2.389 2.389 2.389 2.389 2.389 2.389 2.389 2.389 2.389 2.389 2.389 2.389 2.389 2.389
0.0152 0.01508 9.00000 1.6000000238 2.5465340628    1.599  0.929  3.8726  4.155    1  0.000  0.545     0.00     0.00     0.00     0.00     0.00 -1 -7.47e-13      0.00 7.092e-01 2.756e-01 2.746e-03 7.408e-04 6.719e-03 -1.000 1.527e-02       7458          0          0          0          0      1.753      1.753 2.446 2.099 1.862 1.782 1.752 2.413 2.449 2.380 2.447 2.553 2.380 2.099 2.100 2.102 2.100 2.100 2.100 2.100 2.100 2.100 2.100 2.100 2.100 2.100 2.100 2.100 2.100 2.100 2.100 2.100 2.100 2.100 2.100 1.862 1.863 1.864 1.863 1.863 1.863 1.863 1.863 1.863 1.863 1.863 1.863 1.863 1.863 1.863 1.863 1.863 1.863 1.863 1.863 1.863 1.863 1.782 1.781 1.782 1.781 1.781 1.781 1.781 1.781 1.781 1.781 1.781 1.781 1.781 1.781 1.781 1.782 1.781 1.781 1.781 1.781 1.781 1.782 1.752 1.753 1.753 1.753 1.753 1.753 1.753 1.753 1.753 1.753 1.753 1.753 1.753 1.753 1.753 1.753 1.753 1.753 1.753 1.753 1.753 1.753 2.413 2.413 2.418 2.413 2.413 2.413 2.413 2.413 2.413 2.413 2.413 2.413 2.413 2.413 2.413 2.413 2.413 2.413 2.413 2.413 2.413 2.413 2.449 2.448 2.457 2.448 2.448 2.448 2.448 2.448 2.448 2.448 2.448 2.448 2.448 2.448 2.448 2.448 2.448 2.448 2.448 2.448 2.448 2.448 2.380 2.380 2.384 2.380 2.380 2.380 2.380 2.380 2.380 2.380 2.380 2.380 2.380 2.380 2.380 2.380 2.380 2.380 2.380 2.380 2.380 2.380 2.447 2.448 2.450 2.448 2.448 2.448 2.448 2.448 2.448 2.448 2.448 2.448 2.448 2.448 2.448 2.448 2.448 2.448 2.448 2.448 2.448 2.448 2.553 2.553 2.555 2.553 2.553 2.553 2.553 2.553 2.553 2.553 2.553 2.553 2.553 2.553 2.553 2.553 2.553 2.553 2.553 2.553 2.553 2.553 2.380 2.380 2.387 2.380 2.380 2.380 2.380 2.380 2.380 2.380 2.380 2.380 2.380 2.380 2.380 2.380 2.380 2.380 2.380 2.380 2.380 2.380
0.0152 0.01508 9.00000 1.6222854853 2.5480917111    1.621  0.958  3.8754  4.143    1  0.000  0.545     0.00     0.00     0.00     0.00     0.00 -1 -8.03e-13      0.00 7.092e-01 2.756e-01 2.746e-03 7.408e-04 6.719e-03 -1.000 1.527e-02       7507          0          0          0          0      1.788      1.788 2.375 2.037 1.808 1.732 1.703 2.343 2.369 2.312 2.385 2.494 2.304 2.037 2.038 2.040 2.038 2.038 2.038 2.038 2.038 2.038 2.038 2.038 2.038 2.038 2.038 2.038 2.038 2.038 2.038 2.038 2.038 2.038 2.038 1.808 1.808 1.809 1.808 1.808 1.808 1.808 1.808 1.808 1.808 1.808 1.808 1.808 1.808 1.808 1.808 1.808 1.808 1.808 1.808 1.808 1.808 1.732 1.732 1.733 1.732 1.732 1.732 1.732 1.732 1.732 1.732 1.732 1.732 1.732 1.732 1.732 1.732 1.732 1.732 1.732 1.732 1.732 1.732 1.703 1.704 1.704 1.704 1.704 1.704 1.704 1.704 1.704 1.704 1.704 1.704 1.704 1.704 1.704 1.704 1.704 1.704 1.704 1.704 1.704 1.704 2.343 2.343 2.348 2.343 2.343 2.343 2.343 2.343 2.343 2.343 2.343 2.343 2.343 2.343 2.343 2.343 2.343 2.343 2.343 2.343 2.343 2.343 2.369 2.368 2.376 2.368 2.368 2.368 2.368 2.368 2.368 2.368 2.368 2.368 2.368 2.368 2.368 2.368 2.368 2.368 2.368 2.368 2.368 2.368 2.312 2.312 2.317 2.312 2.312 2.312 2.312 2.312 2.312 2.312 2.312 2.312 2.312 2.312 2.312 2.312 2.312 2.312 2.312 2.312 2.312 2.312 2.385 2.386 2.388 2.386 2.386 2.386 2.386 2.386 2.386 2.386 2.386 2.386 2.386 2.386 2.386 2.386 2.386 2.386 2.386 2.386 2.386 2.386 2.494 2.495 2.497 2.495 2.495 2.495 2.495 2.495 2.495 2.495 2.495 2.495 2.495 2.495 2.495 2.495 2.495 2.495 2.495 2.495 2.495 2.495 2.304 2.304 2.311 2.304 2.304 2.304 2.304 2.304 2.304 2.304 2.304 2.304 2.304 2.304 2.304 2.304 2.304 2.304 2.304 2.304 2.304 2.304
0.0152 0.01508 9.00000 1.6898689270 2.5525279353    1.688  1.044  3.8819  4.101    1  0.000  0.545     0.00     0.00     0.00     0.00     0.00 -1 -1.01e-12      0.00 7.092e-01 2.756e-01 2.746e-03 7.408e-04 6.719e-03 -1.000 1.527e-02       7619          0          0          0          0      1.915      1.915 2.161 1.846 1.633 1.568 1.542 2.134 2.134 2.107 2.195 2.311 2.078 1.846 1.846 1.849 1.846 1.846 1.846 1.846 1.846 1.846 1.846 1.846 1.846 1.846 1.846 1.846 1.846 1.846 1.846 1.846 1.846 1.846 1.846 1.633 1.633 1.634 1.633 1.633 1.633 1.633 1.633 1.633 1.633 1.633 1.633 1.633 1.633 1.633 1.633 1.633 1.633 1.633 1.633 1.633 1.633 1.568 1.568 1.569 1.568 1.568 1.568 1.568 1.568 1.568 1.568 1.568 1.568 1.568 1.568 1.568 1.568 1.568 1.568 1.568 1.568 1.568 1.568 1.542 1.542 1.542 1.542 1.542 1.542 1.542 1.542 1.542 1.542 1.542 1.542 1.542 1.542 1.542 1.542 1.542 1.542 1.542 1.542 1.542 1.542 2.134 2.134 2.139 2.134 2.134 2.134 2.134 2.134 2.134 2.134 2.134 2.134 2.134 2.134 2.134 2.134 2.134 2.134 2.134 2.134 2.134 2.134 2.134 2.133 2.141 2.133 2.133 2.133 2.133 2.133 2.133 2.133 2.133 2.133 2.133 2.133 2.133 2.133 2.133 2.133 2.133 2.133 2.133 2.133 2.107 2.107 2.111 2.107 2.107 2.107 2.107 2.107 2.107 2.107 2.107 2.107 2.107 2.107 2.107 2.107 2.107 2.107 2.107 2.107 2.107 2.107 2.195 2.196 2.198 2.196 2.196 2.196 2.196 2.196 2.196 2.196 2.196 2.196 2.196 2.196 2.196 2.196 2.196 2.196 2.196 2.196 2.196 2.196 2.311 2.311 2.314 2.311 2.311 2.311 2.311 2.311 2.311 2.311 2.311 2.311 2.311 2.311 2.311 2.311 2.311 2.311 2.311 2.311 2.311 2.311 2.078 2.077 2.084 2.077 2.077 2.077 2.077 2.077 2.077 2.077 2.077 2.077 2.077 2.077 2.077 2.077 2.077 2.077 2.077 2.077 2.077 2.077
0.0152 0.01508 9.00000 1.7000000477 2.5531580802    1.698  1.056  3.8826  4.094    1  0.000  0.545     0.00     0.00     0.00     0.00     0.00 -1 -1.04e-12      0.00 7.092e-01 2.756e-01 2.746e-03 7.408e-04 6.719e-03 -1.000 1.527e-02       7631          0          0          0          0      1.938      1.938 2.129 1.816 1.605 1.542 1.515 2.103 2.100 2.076 2.166 2.282 2.045 1.816 1.817 1.820 1.817 1.817 1.817 1.817 1.817 1.817 1.817 1.817 1.817 1.817 1.817 1.817 1.817 1.817 1.817 1.817 1.817 1.817 1.817 1.605 1.605 1.606 1.605 1.605 1.605 1.605 1.605 1.605 1.605 1.605 1.605 1.605 1.605 1.605 1.605 1.605 1.605 1.605 1.605 1.605 1.605 1.542 1.541 1.542 1.541 1.541 1.541 1.541 1.541 1.541 1.541 1.541 1.541 1.541 1.541 1.541 1.541 1.541 1.541 1.541 1.541 1.541 1.541 1.515 1.516 1.515 1.516 1.516 1.516 1.516 1.516 1.516 1.516 1.516 1.516 1.516 1.516 1.516 1.516 1.516 1.516 1.516 1.516 1.516 1.516 2.103 2.103 2.107 2.103 2.103 2.103 2.103 2.103 2.103 2.103 2.103 2.103 2.103 2.103 2.103 2.103 2.103 2.103 2.103 2.103 2.103 2.103 2.100 2.099 2.107 2.099 2.099 2.099 2.099 2.099 2.099 2.099 2.099 2.099 2.099 2.099 2.099 2.099 2.099 2.099 2.099 2.099 2.099 2.099 2.076 2.076 2.080 2.076 2.076 2.076 2.076 2.076 2.076 2.076 2.076 2.076 2.076 2.076 2.076 2.076 2.076 2.076 2.076 2.076 2.076 2.076 2.166 2.167 2.169 2.167 2.167 2.167 2.167 2.167 2.167 2.167 2.167 2.167 2.167 2.167 2.167 2.167 2.167 2.167 2.167 2.167 2.167 2.167 2.282 2.283 2.285 2.283 2.283 2.283 2.283 2.283 2.283 2.283 2.283 2.283 2.283 2.283 2.283 2.283 2.283 2.283 2.283 2.283 2.283 2.283 2.045 2.044 2.051 2.044 2.044 2.044 2.044 2.044 2.044 2.044 2.044 2.044 2.044 2.044 2.044 2.044 2.044 2.044 2.044 2.044 2.044 2.044
0.0152 0.01508 9.00000 1.7449035645 2.5558500189    1.743  1.113  3.8852  4.059    1  0.000  0.545     0.00     0.00     0.00     0.00     0.00 -1 -1.22e-12      0.00 7.092e-01 2.756e-01 2.746e-03 7.408e-04 6.719e-03 -1.000 1.527e-02       7678          0          0          0          0      2.043      2.043 1.989 1.686 1.481 1.423 1.397 1.964 1.950 1.939 2.036 2.155 1.900 1.686 1.686 1.689 1.686 1.686 1.686 1.686 1.686 1.686 1.686 1.686 1.686 1.686 1.686 1.686 1.686 1.686 1.686 1.686 1.686 1.686 1.686 1.481 1.482 1.483 1.482 1.482 1.482 1.482 1.482 1.482 1.482 1.482 1.482 1.482 1.482 1.482 1.482 1.482 1.482 1.482 1.482 1.482 1.482 1.423 1.423 1.424 1.423 1.423 1.423 1.423 1.423 1.423 1.423 1.423 1.423 1.423 1.423 1.423 1.423 1.423 1.423 1.423 1.423 1.423 1.423 1.397 1.398 1.397 1.398 1.398 1.398 1.398 1.398 1.398 1.398 1.398 1.398 1.398 1.398 1.398 1.398 1.398 1.398 1.398 1.398 1.398 1.398 1.964 1.964 1.969 1.964 1.964 1.964 1.964 1.964 1.964 1.964 1.964 1.964 1.964 1.964 1.964 1.964 1.964 1.964 1.964 1.964 1.964 1.964 1.950 1.949 1.957 1.949 1.949 1.949 1.949 1.949 1.949 1.949 1.949 1.949 1.949 1.949 1.949 1.949 1.949 1.949 1.949 1.949 1.949 1.949 1.939 1.940 1.944 1.940 1.940 1.940 1.940 1.940 1.940 1.940 1.940 1.940 1.940 1.940 1.940 1.940 1.940 1.940 1.940 1.940 1.940 1.940 2.036 2.037 2.039 2.037 2.037 2.037 2.037 2.037 2.037 2.037 2.037 2.037 2.037 2.037 2.037 2.037 2.037 2.037 2.037 2.037 2.037 2.037 2.155 2.155 2.158 2.155 2.155 2.155 2.155 2.155 2.155 2.155 2.155 2.155 2.155 2.155 2.155 2.155 2.155 2.155 2.155 2.155 2.155 2.155 1.900 1.899 1.906 1.899 1.899 1.899 1.899 1.899 1.899 1.899 1.899 1.899 1.899 1.899 1.899 1.899 1.899 1.899 1.899 1.899 1.899 1.899
0.0152 0.01508 9.00000 1.7891680002 2.5583521299    1.787  1.167  3.8863  4.020    1  0.000  0.545     0.00     0.00     0.00     0.00     0.00 -1 -1.43e-12      0.00 7.092e-01 2.756e-01 2.746e-03 7.408e-04 6.719e-03 -1.000 1.527e-02       7698          0          0          0          0      2.164      2.164 1.852 1.553 1.351 1.296 1.270 1.828 1.807 1.804 1.904 2.023 1.759 1.553 1.553 1.556 1.553 1.553 1.553 1.553 1.553 1.553 1.553 1.553 1.553 1.553 1.553 1.553 1.553 1.553 1.553 1.553 1.553 1.553 1.553 1.351 1.352 1.353 1.352 1.352 1.352 1.352 1.352 1.352 1.352 1.352 1.352 1.352 1.352 1.352 1.352 1.352 1.352 1.352 1.352 1.352 1.352 1.296 1.295 1.296 1.295 1.295 1.295 1.295 1.295 1.295 1.295 1.295 1.295 1.295 1.295 1.295 1.295 1.295 1.295 1.295 1.295 1.295 1.295 1.270 1.270 1.270 1.270 1.270 1.270 1.270 1.270 1.270 1.270 1.270 1.270 1.270 1.270 1.270 1.270 1.270 1.270 1.270 1.270 1.270 1.270 1.828 1.828 1.832 1.828 1.828 1.828 1.828 1.828 1.828 1.828 1.828 1.828 1.828 1.828 1.828 1.828 1.828 1.828 1.828 1.828 1.828 1.828 1.807 1.806 1.814 1.806 1.806 1.806 1.806 1.806 1.806 1.806 1.806 1.806 1.806 1.806 1.806 1.806 1.806 1.806 1.806 1.806 1.806 1.806 1.804 1.804 1.808 1.804 1.804 1.804 1.804 1.804 1.804 1.804 1.804 1.804 1.804 1.804 1.804 1.804 1.804 1.804 1.804 1.804 1.804 1.804 1.904 1.905 1.907 1.905 1.905 1.905 1.905 1.905 1.905 1.905 1.905 1.905 1.905 1.905 1.905 1.905 1.905 1.905 1.905 1.905 1.905 1.905 2.023 2.023 2.026 2.023 2.023 2.023 2.023 2.023 2.023 2.023 2.023 2.023 2.023 2.023 2.023 2.023 2.023 2.023 2.023 2.023 2.023 2.023 1.759 1.759 1.765 1.759 1.759 1.759 1.759 1.759 1.759 1.759 1.759 1.759 1.759 1.759 1.759 1.759 1.759 1.759 1.759 1.759 1.759 1.759
0.0152 0.01508 9.00000 1.8000000715 2.5589429150    1.798  1.181  3.8863  4.010    1  0.000  0.545     0.00     0.00     0.00     0.00     0.00 -1 -1.48e-12      0.00 7.092e-01 2.756e-01 2.746e-03 7.408e-04 6.719e-03 -1.000 1.527e-02       7697          0          0          0          0      2.197      2.197 1.819 1.520 1.318 1.263 1.236 1.794 1.773 1.770 1.871 1.990 1.725 1.520 1.520 1.523 1.520 1.520 1.520 1.520 1.520 1.520 1.520 1.520 1.520 1.520 1.520 1.520 1.520 1.520 1.520 1.520 1.520 1.520 1.520 1.318 1.319 1.320 1.319 1.319 1.319 1.319 1.319 1.319 1.319 1.319 1.319 1.319 1.319 1.319 1.319 1.319 1.319 1.319 1.319 1.319 1.319 1.263 1.262 1.263 1.262 1.262 1.262 1.262 1.262 1.262 1.262 1.262 1.262 1.262 1.262 1.262 1.262 1.262 1.262 1.262 1.262 1.262 1.262 1.236 1.237 1.237 1.237 1.237 1.237 1.237 1.237 1.237 1.237 1.237 1.237 1.237 1.237 1.237 1.237 1.237 1.237 1.237 1.237 1.237 1.237 1.794 1.794 1.799 1.794 1.794 1.794 1.794 1.794 1.794 1.794 1.794 1.794 1.794 1.794 1.794 1.794 1.794 1.794 1.794 1.794 1.794 1.794 1.773 1.772 1.780 1.772 1.772 1.772 1.772 1.772 1.772 1.772 1.772 1.772 1.772 1.772 1.772 1.772 1.772 1.772 1.772 1.772 1.772 1.772 1.770 1.770 1.775 1.770 1.770 1.770 1.770 1.770 1.770 1.770 1.770 1.770 1.770 1.770 1.770 1.770 1.770 1.770 1.770 1.770 1.770 1.770 1.871 1.871 1.874 1.871 1.871 1.871 1.871 1.871 1.871 1.871 1.871 1.871 1.871 1.871 1.871 1.871 1.871 1.871 1.871 1.871 1.871 1.871 1.990 1.990 1.993 1.990 1.990 1.990 1.990 1.990 1.990 1.990 1.990 1.990 1.990 1.990 1.990 1.990 1.990 1.990 1.990 1.990 1.990 1.990 1.725 1.725 1.732 1.725 1.725 1.725 1.725 1.725 1.725 1.725 1.725 1.725 1.725 1.725 1.725 1.725 1.725 1.725 1.725 1.725 1.725 1.725
0.0152 0.01508 9.00000 1.8214926720 2.5600912418    1.819  1.207  3.8865  3.989    1  0.000  0.545     0.00     0.00     0.00     0.00     0.00 -1 -1.61e-12      0.00 7.092e-01 2.756e-01 2.746e-03 7.408e-04 6.719e-03 -1.000 1.527e-02       7701          0          0          0          0      2.263      2.263 1.752 1.454 1.254 1.198 1.172 1.728 1.705 1.704 1.805 1.925 1.658 1.454 1.454 1.457 1.454 1.454 1.454 1.454 1.454 1.454 1.454 1.454 1.454 1.454 1.454 1.454 1.454 1.454 1.454 1.454 1.454 1.454 1.454 1.254 1.254 1.255 1.254 1.254 1.254 1.254 1.254 1.254 1.254 1.254 1.254 1.254 1.254 1.254 1.254 1.254 1.254 1.254 1.254 1.254 1.254 1.198 1.198 1.199 1.198 1.198 1.198 1.198 1.198 1.198 1.198 1.198 1.198 1.198 1.198 1.198 1.198 1.198 1.198 1.198 1.198 1.198 1.198 1.172 1.173 1.173 1.173 1.173 1.173 1.173 1.173 1.173 1.173 1.173 1.173 1.173 1.173 1.173 1.173 1.173 1.173 1.173 1.173 1.173 1.173 1.728 1.728 1.732 1.728 1.728 1.728 1.728 1.728 1.728 1.728 1.728 1.728 1.728 1.728 1.728 1.728 1.728 1.728 1.728 1.728 1.728 1.728 1.705 1.704 1.712 1.704 1.704 1.704 1.704 1.704 1.704 1.704 1.704 1.704 1.704 1.704 1.704 1.704 1.704 1.704 1.704 1.704 1.704 1.704 1.704 1.704 1.708 1.704 1.704 1.704 1.704 1.704 1.704 1.704 1.704 1.704 1.704 1.704 1.704 1.704 1.704 1.704 1.704 1.704 1.704 1.704 1.805 1.806 1.809 1.806 1.806 1.806 1.806 1.806 1.806 1.806 1.806 1.806 1.806 1.806 1.806 1.806 1.806 1.806 1.806 1.806 1.806 1.806 1.925 1.925 1.927 1.925 1.925 1.925 1.925 1.925 1.925 1.925 1.925 1.925 1.925 1.925 1.925 1.925 1.925 1.925 1.925 1.925 1.925 1.925 1.658 1.657 1.664 1.657 1.657 1.657 1.657 1.657 1.657 1.657 1.657 1.657 1.657 1.657 1.657 1.657 1.657 1.657 1.657 1.657 1.657 1.657
0.0152 0.01508 9.00000 1.8538578749 2.5617628424    1.852  1.247  3.8856  3.953    1  0.000  0.545     0.00     0.00     0.00     0.00     0.00 -1 -1.81e-12      0.00 7.092e-01 2.756e-01 2.746e-03 7.408e-04 6.719e-03 -1.000 1.527e-02       7685          0          0          0          0      2.379      2.379 1.654 1.352 1.150 1.094 1.067 1.627 1.605 1.603 1.704 1.822 1.558 1.352 1.352 1.355 1.352 1.352 1.352 1.352 1.352 1.352 1.352 1.352 1.352 1.352 1.352 1.352 1.352 1.352 1.352 1.352 1.352 1.352 1.352 1.150 1.150 1.151 1.150 1.150 1.150 1.150 1.150 1.150 1.150 1.150 1.150 1.150 1.150 1.150 1.150 1.150 1.150 1.150 1.150 1.150 1.150 1.094 1.093 1.094 1.093 1.093 1.093 1.093 1.093 1.093 1.093 1.093 1.093 1.093 1.093 1.093 1.093 1.093 1.093 1.093 1.093 1.093 1.093 1.067 1.068 1.068 1.068 1.068 1.068 1.068 1.068 1.068 1.068 1.068 1.068 1.068 1.068 1.068 1.068 1.068 1.068 1.068 1.068 1.068 1.068 1.627 1.627 1.631 1.627 1.627 1.627 1.627 1.627 1.627 1.627 1.627 1.627 1.627 1.627 1.627 1.627 1.627 1.627 1.627 1.627 1.627 1.627 1.605 1.604 1.612 1.604 1.604 1.604 1.604 1.604 1.604 1.604 1.604 1.604 1.604 1.604 1.604 1.604 1.604 1.604 1.604 1.604 1.604 1.604 1.603 1.603 1.607 1.603 1.603 1.603 1.603 1.603 1.603 1.603 1.603 1.603 1.603 1.603 1.603 1.603 1.603 1.603 1.603 1.603 1.603 1.603 1.704 1.705 1.707 1.705 1.705 1.705 1.705 1.705 1.705 1.705 1.705 1.705 1.705 1.705 1.705 1.705 1.705 1.705 1.705 1.705 1.705 1.705 1.822 1.822 1.824 1.822 1.822 1.822 1.822 1.822 1.822 1.822 1.822 1.822 1.822 1.822 1.822 1.822 1.822 1.822 1.822 1.822 1.822 1.822 1.558 1.557 1.564 1.557 1.557 1.557 1.557 1.557 1.557 1.557 1.557 1.557 1.557 1.557 1.557 1.557 1.557 1.557 1.557 1.557 1.557 1.557
0.0152 0.01508 9.00000 1.8813902140 2.5631328940    1.879  1.280  3.8836  3.918    1  0.000  0.545     0.00     0.00     0.00     0.00     0.00 -1 -2.02e-12      0.00 7.092e-01 2.756e-01 2.746e-03 7.408e-04 6.719e-03 -1.000 1.527e-02       7649          0          0          0          0      2.494      2.494 1.571 1.261 1.055 0.996 0.969 1.540 1.524 1.515 1.613 1.729 1.475 1.261 1.262 1.265 1.262 1.262 1.262 1.262 1.262 1.262 1.262 1.262 1.262 1.262 1.262 1.262 1.262 1.262 1.262 1.262 1.262 1.262 1.262 1.055 1.055 1.056 1.055 1.055 1.055 1.055 1.055 1.055 1.055 1.055 1.055 1.055 1.055 1.055 1.055 1.055 1.055 1.055 1.055 1.055 1.055 0.996 0.996 0.996 0.996 0.996 0.996 0.996 0.996 0.996 0.996 0.996 0.996 0.996 0.996 0.996 0.996 0.996 0.996 0.996 0.996 0.996 0.996 0.969 0.970 0.969 0.970 0.970 0.970 0.970 0.970 0.970 0.970 0.970 0.970 0.970 0.970 0.970 0.970 0.970 0.970 0.970 0.970 0.970 0.970 1.540 1.540 1.545 1.540 1.540 1.540 1.540 1.540 1.540 1.540 1.540 1.540 1.540 1.540 1.540 1.540 1.540 1.540 1.540 1.540 1.540 1.540 1.524 1.523 1.531 1.523 1.523 1.523 1.523 1.523 1.523 1.523 1.523 1.523 1.523 1.523 1.523 1.523 1.523 1.523 1.523 1.523 1.523 1.523 1.515 1.515 1.520 1.515 1.515 1.515 1.515 1.515 1.515 1.515 1.515 1.515 1.515 1.515 1.515 1.515 1.515 1.515 1.515 1.515 1.515 1.515 1.613 1.614 1.616 1.614 1.614 1.614 1.614 1.614 1.614 1.614 1.614 1.614 1.614 1.614 1.614 1.614 1.614 1.614 1.614 1.614 1.614 1.614 1.729 1.729 1.731 1.729 1.729 1.729 1.729 1.729 1.729 1.729 1.729 1.729 1.729 1.729 1.729 1.729 1.729 1.729 1.729 1.729 1.729 1.729 1.475 1.474 1.481 1.474 1.474 1.474 1.474 1.474 1.474 1.474 1.474 1.474 1.474 1.474 1.474 1.474 1.474 1.474 1.474 1.474 1.474 1.474
0.0152 0.01508 9.00000 1.9000000954 2.5640331317    1.898  1.302  3.8817  3.893    1  0.000  0.545     0.00     0.00     0.00     0.00     0.00 -1 -2.18e-12      0.00 7.092e-01 2.756e-01 2.746e-03 7.408e-04 6.719e-03 -1.000 1.527e-02       7615          0          0          0          0      2.581      2.581 1.515 1.199 0.988 0.926 0.899 1.482 1.471 1.456 1.551 1.664 1.420 1.199 1.200 1.202 1.200 1.200 1.200 1.200 1.200 1.200 1.200 1.200 1.200 1.200 1.200 1.200 1.200 1.200 1.200 1.200 1.200 1.200 1.200 0.988 0.988 0.989 0.988 0.988 0.988 0.988 0.988 0.988 0.988 0.988 0.988 0.988 0.988 0.988 0.988 0.988 0.988 0.988 0.988 0.988 0.988 0.926 0.926 0.927 0.926 0.926 0.926 0.926 0.926 0.926 0.926 0.926 0.926 0.926 0.926 0.926 0.926 0.926 0.926 0.926 0.926 0.926 0.926 0.899 0.900 0.899 0.900 0.900 0.900 0.900 0.900 0.900 0.900 0.900 0.900 0.900 0.900 0.900 0.900 0.900 0.900 0.900 0.900 0.900 0.900 1.482 1.482 1.486 1.482 1.482 1.482 1.482 1.482 1.482 1.482 1.482 1.482 1.482 1.482 1.482 1.482 1.482 1.482 1.482 1.482 1.482 1.482 1.471 1.469 1.478 1.469 1.469 1.469 1.469 1.469 1.469 1.469 1.469 1.469 1.469 1.469 1.469 1.469 1.469 1.469 1.469 1.469 1.469 1.469 1.456 1.456 1.460 1.456 1.456 1.456 1.456 1.456 1.456 1.456 1.456 1.456 1.456 1.456 1.456 1.456 1.456 1.456 1.456 1.456 1.456 1.456 1.551 1.552 1.554 1.552 1.552 1.552 1.552 1.552 1.552 1.552 1.552 1.552 1.552 1.552 1.552 1.552 1.552 1.552 1.552 1.552 1.552 1.552 1.664 1.665 1.667 1.665 1.665 1.665 1.665 1.665 1.665 1.665 1.665 1.665 1.665 1.665 1.665 1.665 1.665 1.665 1.665 1.665 1.665 1.665 1.420 1.419 1.426 1.419 1.419 1.419 1.419 1.419 1.419 1.419 1.419 1.419 1.419 1.419 1.419 1.419 1.419 1.419 1.419 1.419 1.419 1.419
0.0152 0.01508 9.00000 1.9041937590 2.5642332049    1.902  1.307  3.8812  3.887    1  0.000  0.545     0.00     0.00     0.00     0.00     0.00 -1 -2.22e-12      0.00 7.092e-01 2.756e-01 2.746e-03 7.408e-04 6.719e-03 -1.000 1.527e-02       7607          0          0          0          0      2.601      2.601 1.503 1.185 0.973 0.911 0.883 1.469 1.459 1.443 1.537 1.650 1.407 1.185 1.186 1.188 1.186 1.186 1.186 1.186 1.186 1.186 1.186 1.186 1.186 1.186 1.186 1.186 1.186 1.186 1.186 1.186 1.186 1.186 1.186 0.973 0.973 0.974 0.973 0.973 0.973 0.973 0.973 0.973 0.973 0.973 0.973 0.973 0.973 0.973 0.973 0.973 0.973 0.973 0.973 0.973 0.973 0.911 0.910 0.911 0.910 0.910 0.910 0.910 0.910 0.910 0.910 0.910 0.910 0.910 0.910 0.910 0.910 0.910 0.910 0.910 0.910 0.910 0.910 0.883 0.884 0.883 0.884 0.884 0.884 0.884 0.884 0.884 0.884 0.884 0.884 0.884 0.884 0.884 0.884 0.884 0.884 0.884 0.884 0.884 0.884 1.469 1.469 1.473 1.469 1.469 1.469 1.469 1.469 1.469 1.469 1.469 1.469 1.469 1.469 1.469 1.469 1.469 1.469 1.469 1.469 1.469 1.469 1.459 1.457 1.466 1.457 1.457 1.457 1.457 1.457 1.457 1.457 1.457 1.457 1.457 1.457 1.457 1.457 1.457 1.457 1.457 1.457 1.457 1.457 1.443 1.443 1.447 1.443 1.443 1.443 1.443 1.443 1.443 1.443 1.443 1.443 1.443 1.443 1.443 1.443 1.443 1.443 1.443 1.443 1.443 1.443 1.537 1.538 1.540 1.538 1.538 1.538 1.538 1.538 1.538 1.538 1.538 1.538 1.538 1.538 1.538 1.538 1.538 1.538 1.538 1.538 1.538 1.538 1.650 1.650 1.653 1.650 1.650 1.650 1.650 1.650 1.650 1.650 1.650 1.650 1.650 1.650 1.650 1.650 1.650 1.650 1.650 1.650 1.650 1.650 1.407 1.407 1.414 1.407 1.407 1.407 1.407 1.407 1.407 1.407 1.407 1.407 1.407 1.407 1.407 1.407 1.407 1.407 1.407 1.407 1.407 1.407
0.0152 0.01508 9.00000 1.9273144007 2.5653183010    1.925  1.334  3.8782  3.853    1  0.000  0.545     0.00     0.00     0.00     0.00     0.00 -1 -2.44e-12      0.00 7.092e-01 2.756e-01 2.746e-03 7.408e-04 6.719e-03 -1.000 1.527e-02       7555          0          0          0          0      2.721      2.721 1.435 1.107 0.888 0.821 0.793 1.397 1.396 1.370 1.459 1.569 1.342 1.107 1.108 1.110 1.108 1.108 1.108 1.108 1.108 1.108 1.108 1.108 1.108 1.108 1.108 1.108 1.108 1.108 1.108 1.108 1.108 1.108 1.108 0.888 0.888 0.889 0.888 0.888 0.888 0.888 0.888 0.888 0.888 0.888 0.888 0.888 0.888 0.888 0.888 0.888 0.888 0.888 0.888 0.888 0.888 0.821 0.821 0.822 0.821 0.821 0.821 0.821 0.821 0.821 0.821 0.821 0.821 0.821 0.821 0.821 0.821 0.821 0.821 0.821 0.821 0.821 0.821 0.793 0.794 0.793 0.794 0.794 0.794 0.794 0.794 0.794 0.794 0.794 0.794 0.794 0.794 0.794 0.794 0.794 0.794 0.794 0.794 0.794 0.794 1.397 1.397 1.402 1.397 1.397 1.397 1.397 1.397 1.397 1.397 1.397 1.397 1.397 1.397 1.397 1.397 1.397 1.397 1.397 1.397 1.397 1.397 1.396 1.394 1.403 1.394 1.394 1.394 1.394 1.394 1.394 1.394 1.394 1.394 1.394 1.394 1.394 1.394 1.394 1.394 1.394 1.394 1.394 1.394 1.370 1.370 1.374 1.370 1.370 1.370 1.370 1.370 1.370 1.370 1.370 1.370 1.370 1.370 1.370 1.370 1.370 1.370 1.370 1.370 1.370 1.370 1.459 1.460 1.462 1.460 1.460 1.460 1.460 1.460 1.460 1.460 1.460 1.460 1.460 1.460 1.460 1.460 1.460 1.460 1.460 1.460 1.460 1.460 1.569 1.569 1.571 1.569 1.569 1.569 1.569 1.569 1.569 1.569 1.569 1.569 1.569 1.569 1.569 1.569 1.569 1.569 1.569 1.569 1.569 1.569 1.342 1.341 1.348 1.341 1.341 1.341 1.341 1.341 1.341 1.341 1.341 1.341 1.341 1.341 1.341 1.341 1.341 1.341 1.341 1.341 1.341 1.341
0.0152 0.01508 9.00000 1.9463009834 2.5661872430    1.944  1.356  3.8747  3.822    1  0.000  0.545     0.00     0.00     0.00     0.00     0.00 -1 -2.65e-12      0.00 7.092e-01 2.756e-01 2.746e-03 7.408e-04 6.719e-03 -1.000 1.527e-02       7495          0          0          0          0      2.835      2.835 1.381 1.041 0.813 0.741 0.712 1.338 1.347 1.309 1.393 1.499 1.290 1.041 1.042 1.044 1.042 1.042 1.042 1.042 1.042 1.042 1.042 1.042 1.042 1.042 1.042 1.042 1.042 1.042 1.042 1.042 1.042 1.042 1.042 0.813 0.813 0.814 0.813 0.813 0.813 0.813 0.813 0.813 0.813 0.813 0.813 0.813 0.813 0.813 0.813 0.813 0.813 0.813 0.813 0.813 0.813 0.741 0.741 0.742 0.741 0.741 0.741 0.741 0.741 0.741 0.741 0.741 0.741 0.741 0.741 0.741 0.741 0.741 0.741 0.741 0.741 0.741 0.741 0.712 0.713 0.712 0.713 0.713 0.713 0.713 0.713 0.713 0.713 0.713 0.713 0.713 0.713 0.713 0.713 0.713 0.713 0.713 0.713 0.713 0.713 1.338 1.338 1.343 1.338 1.338 1.338 1.338 1.338 1.338 1.338 1.338 1.338 1.338 1.338 1.338 1.338 1.338 1.338 1.338 1.338 1.338 1.338 1.347 1.346 1.355 1.346 1.346 1.346 1.346 1.346 1.346 1.346 1.346 1.346 1.346 1.346 1.346 1.346 1.346 1.346 1.346 1.346 1.346 1.346 1.309 1.310 1.314 1.310 1.310 1.310 1.310 1.310 1.310 1.310 1.310 1.310 1.310 1.310 1.310 1.310 1.310 1.310 1.310 1.310 1.310 1.310 1.393 1.394 1.396 1.394 1.394 1.394 1.394 1.394 1.394 1.394 1.394 1.394 1.394 1.394 1.394 1.394 1.394 1.394 1.394 1.394 1.394 1.394 1.499 1.499 1.501 1.499 1.499 1.499 1.499 1.499 1.499 1.499 1.499 1.499 1.499 1.499 1.499 1.499 1.499 1.499 1.499 1.499 1.499 1.499 1.290 1.289 1.296 1.289 1.289 1.289 1.289 1.289 1.289 1.289 1.289 1.289 1.289 1.289 1.289 1.289 1.289 1.289 1.289 1.289 1.289 1.289
0.0152 0.01508 9.00000 1.9634100199 2.5669537252    1.962  1.375  3.8707  3.790    1  0.000  0.545     0.00     0.00     0.00     0.00     0.00 -1 -2.86e-12      0.00 7.092e-01 2.756e-01 2.746e-03 7.408e-04 6.719e-03 -1.000 1.527e-02       7426          0          0          0          0      2.954      2.954 1.333 0.979 0.741 0.663 0.632 1.285 1.306 1.254 1.330 1.432 1.245 0.979 0.980 0.982 0.980 0.980 0.980 0.980 0.980 0.980 0.980 0.980 0.980 0.980 0.980 0.980 0.980 0.980 0.980 0.980 0.980 0.980 0.980 0.741 0.741 0.742 0.741 0.741 0.741 0.741 0.741 0.741 0.741 0.741 0.741 0.741 0.741 0.741 0.741 0.741 0.741 0.741 0.741 0.741 0.741 0.663 0.663 0.663 0.663 0.663 0.663 0.663 0.663 0.663 0.663 0.663 0.663 0.663 0.663 0.663 0.663 0.663 0.663 0.663 0.663 0.663 0.663 0.632 0.634 0.633 0.634 0.634 0.634 0.634 0.634 0.634 0.634 0.634 0.634 0.634 0.634 0.634 0.634 0.634 0.634 0.634 0.634 0.634 0.634 1.285 1.285 1.290 1.285 1.285 1.285 1.285 1.285 1.285 1.285 1.285 1.285 1.285 1.285 1.285 1.285 1.285 1.285 1.285 1.285 1.285 1.285 1.306 1.305 1.314 1.305 1.305 1.305 1.305 1.305 1.305 1.305 1.305 1.305 1.305 1.305 1.305 1.305 1.305 1.305 1.305 1.305 1.305 1.305 1.254 1.255 1.259 1.255 1.255 1.255 1.255 1.255 1.255 1.255 1.255 1.255 1.255 1.255 1.255 1.255 1.255 1.255 1.255 1.255 1.255 1.255 1.330 1.332 1.334 1.332 1.332 1.332 1.332 1.332 1.332 1.332 1.332 1.332 1.332 1.332 1.332 1.332 1.332 1.332 1.332 1.332 1.332 1.332 1.432 1.433 1.435 1.433 1.433 1.433 1.433 1.433 1.433 1.433 1.433 1.433 1.433 1.433 1.433 1.433 1.433 1.433 1.433 1.433 1.433 1.433 1.245 1.244 1.251 1.244 1.244 1.244 1.244 1.244 1.244 1.244 1.244 1.244 1.244 1.244 1.244 1.244 1.244 1.244 1.244 1.244 1.244 1.244
0.0152 0.01508 9.00000 1.9796221256 2.5676659838    1.978  1.393  3.8663  3.758    1  0.000  0.545     0.00     0.00     0.00     0.00     0.00 -1 -3.08e-12      0.00 7.092e-01 2.756e-01 2.746e-03 7.408e-04 6.719e-03 -1.000 1.527e-02       7350          0          0          0          0      3.077      3.077 1.287 0.919 0.670 0.585 0.555 1.235 1.268 1.202 1.271 1.368 1.203 0.919 0.921 0.923 0.921 0.921 0.921 0.921 0.921 0.921 0.921 0.921 0.921 0.921 0.921 0.921 0.921 0.921 0.921 0.921 0.921 0.921 0.921 0.670 0.672 0.672 0.672 0.672 0.672 0.672 0.672 0.672 0.672 0.672 0.672 0.672 0.672 0.672 0.672 0.672 0.672 0.672 0.672 0.672 0.672 0.585 0.586 0.586 0.586 0.586 0.586 0.586 0.586 0.586 0.586 0.586 0.586 0.586 0.586 0.586 0.586 0.586 0.586 0.586 0.586 0.586 0.586 0.555 0.556 0.556 0.556 0.556 0.556 0.556 0.556 0.556 0.556 0.556 0.556 0.556 0.556 0.556 0.556 0.556 0.556 0.556 0.556 0.556 0.556 1.235 1.235 1.240 1.235 1.235 1.235 1.235 1.235 1.235 1.235 1.235 1.235 1.235 1.235 1.235 1.235 1.235 1.235 1.235 1.235 1.235 1.235 1.268 1.267 1.276 1.267 1.267 1.267 1.267 1.267 1.267 1.267 1.267 1.267 1.267 1.267 1.267 1.267 1.267 1.267 1.267 1.267 1.267 1.267 1.202 1.203 1.207 1.203 1.203 1.203 1.203 1.203 1.203 1.203 1.203 1.203 1.203 1.203 1.203 1.203 1.203 1.203 1.203 1.203 1.203 1.203 1.271 1.273 1.275 1.273 1.273 1.273 1.273 1.273 1.273 1.273 1.273 1.273 1.273 1.273 1.273 1.273 1.273 1.273 1.273 1.273 1.273 1.273 1.368 1.370 1.371 1.370 1.370 1.370 1.370 1.370 1.370 1.370 1.370 1.370 1.370 1.370 1.370 1.370 1.370 1.370 1.370 1.370 1.370 1.370 1.203 1.202 1.210 1.202 1.202 1.202 1.202 1.202 1.202 1.202 1.202 1.202 1.202 1.202 1.202 1.202 1.202 1.202 1.202 1.202 1.202 1.202
0.0152 0.01508 9.00000 1.9949430227 2.5683268674    1.993  1.410  3.8618  3.727    1  0.000  0.545     0.00     0.00     0.00     0.00     0.00 -1 -3.31e-12      0.00 7.092e-01 2.756e-01 2.746e-03 7.408e-04 6.719e-03 -1.000 1.527e-02       7274          0          0          0          0      3.203      3.203 1.245 0.863 0.602 0.510 0.479 1.187 1.234 1.153 1.215 1.307 1.164 0.863 0.865 0.868 0.865 0.865 0.865 0.865 0.865 0.865 0.865 0.865 0.865 0.865 0.865 0.865 0.865 0.865 0.865 0.865 0.865 0.865 0.865 0.602 0.604 0.605 0.604 0.604 0.604 0.604 0.604 0.604 0.604 0.604 0.604 0.604 0.604 0.604 0.604 0.604 0.604 0.604 0.604 0.604 0.604 0.510 0.511 0.511 0.511 0.511 0.511 0.511 0.511 0.511 0.511 0.511 0.511 0.511 0.511 0.511 0.511 0.511 0.511 0.511 0.511 0.511 0.511 0.479 0.481 0.480 0.481 0.481 0.481 0.481 0.481 0.481 0.481 0.481 0.481 0.481 0.481 0.481 0.481 0.481 0.481 0.481 0.481 0.481 0.481 1.187 1.188 1.193 1.188 1.188 1.188 1.188 1.188 1.188 1.188 1.188 1.188 1.188 1.188 1.188 1.188 1.188 1.188 1.188 1.188 1.188 1.188 1.234 1.233 1.242 1.233 1.233 1.233 1.233 1.233 1.233 1.233 1.233 1.233 1.233 1.233 1.233 1.233 1.233 1.233 1.233 1.233 1.233 1.233 1.153 1.155 1.159 1.155 1.155 1.155 1.155 1.155 1.155 1.155 1.155 1.155 1.155 1.155 1.155 1.155 1.155 1.155 1.155 1.155 1.155 1.155 1.215 1.217 1.219 1.217 1.217 1.217 1.217 1.217 1.217 1.217 1.217 1.217 1.217 1.217 1.217 1.217 1.217 1.217 1.217 1.217 1.217 1.217 1.307 1.310 1.311 1.310 1.310 1.310 1.310 1.310 1.310 1.310 1.310 1.310 1.310 1.310 1.310 1.310 1.310 1.310 1.310 1.310 1.310 1.310 1.164 1.163 1.171 1.163 1.163 1.163 1.163 1.163 1.163 1.163 1.163 1.163 1.163 1.163 1.163 1.163 1.163 1.163 1.163 1.163 1.163 1.163
0.0152 0.01508 9.00000 2.0000000000 2.5685424513    1.998  1.415  3.8602  3.716    1  0.000  0.545     0.00     0.00     0.00     0.00     0.00 -1 -3.39e-12      0.00 7.092e-01 2.756e-01 2.746e-03 7.408e-04 6.719e-03 -1.000 1.527e-02       7248          0          0          0          0      3.247      3.247 1.231 0.844 0.579 0.485 0.453 1.172 1.222 1.137 1.196 1.287 1.151 0.844 0.847 0.849 0.847 0.847 0.847 0.847 0.847 0.847 0.847 0.847 0.847 0.847 0.847 0.847 0.847 0.847 0.847 0.847 0.847 0.847 0.847 0.579 0.581 0.582 0.581 0.581 0.581 0.581 0.581 0.581 0.581 0.581 0.581 0.581 0.581 0.581 0.581 0.581 0.581 0.581 0.581 0.581 0.581 0.485 0.485 0.486 0.485 0.485 0.485 0.485 0.485 0.485 0.485 0.485 0.485 0.485 0.485 0.485 0.485 0.485 0.485 0.485 0.485 0.485 0.485 0.453 0.455 0.455 0.455 0.455 0.455 0.455 0.455 0.455 0.455 0.455 0.455 0.455 0.455 0.455 0.455 0.455 0.455 0.455 0.455 0.455 0.455 1.172 1.173 1.178 1.173 1.173 1.173 1.173 1.173 1.173 1.173 1.173 1.173 1.173 1.173 1.173 1.173 1.173 1.173 1.173 1.173 1.173 1.173 1.222 1.221 1.231 1.221 1.221 1.221 1.221 1.221 1.221 1.221 1.221 1.221 1.221 1.221 1.221 1.221 1.221 1.221 1.221 1.221 1.221 1.221 1.137 1.138 1.143 1.138 1.138 1.138 1.138 1.138 1.138 1.138 1.138 1.138 1.138 1.138 1.138 1.138 1.138 1.138 1.138 1.138 1.138 1.138 1.196 1.199 1.200 1.199 1.199 1.199 1.199 1.199 1.199 1.199 1.199 1.199 1.199 1.199 1.199 1.199 1.199 1.199 1.199 1.199 1.199 1.199 1.287 1.289 1.291 1.289 1.289 1.289 1.289 1.289 1.289 1.289 1.289 1.289 1.289 1.289 1.289 1.289 1.289 1.289 1.289 1.289 1.289 1.289 1.151 1.151 1.159 1.151 1.151 1.151 1.151 1.151 1.151 1.151 1.151 1.151 1.151 1.151 1.151 1.151 1.151 1.151 1.151 1.151 1.151 1.151
0.0152 0.01508 9.00000 2.0039498806 2.5687099685    2.002  1.420  3.8590  3.708    1  0.000  0.545     0.00     0.00     0.00     0.00     0.00 -1 -3.45e-12      0.00 7.092e-01 2.756e-01 2.746e-03 7.408e-04 6.719e-03 -1.000 1.527e-02       7227          0          0          0          0      3.281      3.281 1.221 0.830 0.562 0.465 0.433 1.160 1.215 1.125 1.181 1.271 1.142 0.830 0.832 0.834 0.832 0.832 0.832 0.832 0.832 0.832 0.832 0.832 0.832 0.832 0.832 0.832 0.832 0.832 0.832 0.832 0.832 0.832 0.832 0.562 0.564 0.564 0.564 0.564 0.564 0.564 0.564 0.564 0.564 0.564 0.564 0.564 0.564 0.564 0.564 0.564 0.564 0.564 0.564 0.564 0.564 0.465 0.466 0.466 0.466 0.466 0.466 0.466 0.466 0.466 0.466 0.466 0.466 0.466 0.466 0.466 0.466 0.466 0.466 0.466 0.466 0.466 0.466 0.433 0.435 0.434 0.435 0.435 0.435 0.435 0.435 0.435 0.435 0.435 0.435 0.435 0.435 0.435 0.435 0.435 0.435 0.435 0.435 0.435 0.435 1.160 1.161 1.166 1.161 1.161 1.161 1.161 1.161 1.161 1.161 1.161 1.161 1.161 1.161 1.161 1.161 1.161 1.161 1.161 1.161 1.161 1.161 1.215 1.215 1.224 1.215 1.215 1.215 1.215 1.215 1.215 1.215 1.215 1.215 1.215 1.215 1.215 1.215 1.215 1.215 1.215 1.215 1.215 1.215 1.125 1.126 1.131 1.126 1.126 1.126 1.126 1.126 1.126 1.126 1.126 1.126 1.126 1.126 1.126 1.126 1.126 1.126 1.126 1.126 1.126 1.126 1.181 1.184 1.186 1.184 1.184 1.184 1.184 1.184 1.184 1.184 1.184 1.184 1.184 1.184 1.184 1.184 1.184 1.184 1.184 1.184 1.184 1.184 1.271 1.273 1.275 1.273 1.273 1.273 1.273 1.273 1.273 1.273 1.273 1.273 1.273 1.273 1.273 1.273 1.273 1.273 1.273 1.273 1.273 1.273 1.142 1.142 1.150 1.142 1.142 1.142 1.142 1.142 1.142 1.142 1.142 1.142 1.142 1.142 1.142 1.142 1.142 1.142 1.142 1.142 1.142 1.142
0.0152 0.01508 9.00000 2.0159173012 2.5692129097    2.014  1.432  3.8546  3.680    1  0.000  0.545     0.00     0.00     0.00     0.00     0.00 -1 -3.66e-12      0.00 7.092e-01 2.756e-01 2.746e-03 7.408e-04 6.719e-03 -1.000 1.527e-02       7156          0          0          0          0      3.397      3.397 1.189 0.783 0.505 0.401 0.367 1.125 1.197 1.087 1.134 1.219 1.119 0.783 0.785 0.788 0.785 0.785 0.785 0.785 0.785 0.785 0.785 0.785 0.785 0.785 0.785 0.785 0.785 0.785 0.785 0.785 0.785 0.785 0.785 0.505 0.507 0.508 0.507 0.507 0.507 0.507 0.507 0.507 0.507 0.507 0.507 0.507 0.507 0.507 0.507 0.507 0.507 0.507 0.507 0.507 0.507 0.401 0.402 0.403 0.402 0.402 0.402 0.402 0.402 0.402 0.402 0.402 0.402 0.402 0.402 0.402 0.402 0.402 0.402 0.402 0.402 0.402 0.402 0.367 0.369 0.369 0.369 0.369 0.369 0.369 0.369 0.369 0.369 0.369 0.369 0.369 0.369 0.369 0.369 0.369 0.369 0.369 0.369 0.369 0.369 1.125 1.126 1.131 1.126 1.126 1.126 1.126 1.126 1.126 1.126 1.126 1.126 1.126 1.126 1.126 1.126 1.126 1.126 1.126 1.126 1.126 1.126 1.197 1.197 1.207 1.197 1.197 1.197 1.197 1.197 1.197 1.197 1.197 1.197 1.197 1.197 1.197 1.197 1.197 1.197 1.197 1.197 1.197 1.197 1.087 1.089 1.093 1.089 1.089 1.089 1.089 1.089 1.089 1.089 1.089 1.089 1.089 1.089 1.089 1.089 1.089 1.089 1.089 1.089 1.089 1.089 1.134 1.137 1.139 1.137 1.137 1.137 1.137 1.137 1.137 1.137 1.137 1.137 1.137 1.137 1.137 1.137 1.137 1.137 1.137 1.137 1.137 1.137 1.219 1.221 1.223 1.221 1.221 1.221 1.221 1.221 1.221 1.221 1.221 1.221 1.221 1.221 1.221 1.221 1.221 1.221 1.221 1.221 1.221 1.221 1.119 1.119 1.127 1.119 1.119 1.119 1.119 1.119 1.119 1.119 1.119 1.119 1.119 1.119 1.119 1.119 1.119 1.119 1.119 1.119 1.119 1.119
0.0152 0.01508 9.00000 2.0261280537 2.5696366280    2.024  1.444  3.8505  3.655    1  0.000  0.545     0.00     0.00     0.00     0.00     0.00 -1 -3.86e-12      0.00 7.092e-01 2.756e-01 2.746e-03 7.408e-04 6.719e-03 -1.000 1.527e-02       7088          0          0          0          0      3.507      3.507 1.161 0.741 0.453 0.342 0.306 1.094 1.184 1.054 1.092 1.171 1.099 0.741 0.743 0.746 0.743 0.743 0.743 0.743 0.743 0.743 0.743 0.743 0.743 0.743 0.743 0.743 0.743 0.743 0.743 0.743 0.743 0.743 0.743 0.453 0.455 0.456 0.455 0.455 0.455 0.455 0.455 0.455 0.455 0.455 0.455 0.455 0.455 0.455 0.455 0.455 0.455 0.455 0.455 0.455 0.455 0.342 0.344 0.345 0.344 0.344 0.344 0.344 0.344 0.344 0.344 0.344 0.344 0.344 0.344 0.344 0.344 0.344 0.344 0.344 0.344 0.344 0.344 0.306 0.308 0.308 0.308 0.308 0.308 0.308 0.308 0.308 0.308 0.308 0.308 0.308 0.308 0.308 0.308 0.308 0.308 0.308 0.308 0.308 0.308 1.094 1.096 1.101 1.096 1.096 1.096 1.096 1.096 1.096 1.096 1.096 1.096 1.096 1.096 1.096 1.096 1.096 1.096 1.096 1.096 1.096 1.096 1.184 1.184 1.193 1.184 1.184 1.184 1.184 1.184 1.184 1.184 1.184 1.184 1.184 1.184 1.184 1.184 1.184 1.184 1.184 1.184 1.184 1.184 1.054 1.056 1.061 1.056 1.056 1.056 1.056 1.056 1.056 1.056 1.056 1.056 1.056 1.056 1.056 1.056 1.056 1.056 1.056 1.056 1.056 1.056 1.092 1.094 1.096 1.094 1.094 1.094 1.094 1.094 1.094 1.094 1.094 1.094 1.094 1.094 1.094 1.094 1.094 1.094 1.094 1.094 1.094 1.094 1.171 1.173 1.175 1.173 1.173 1.173 1.173 1.173 1.173 1.173 1.173 1.173 1.173 1.173 1.173 1.173 1.173 1.173 1.173 1.173 1.173 1.173 1.099 1.100 1.108 1.100 1.100 1.100 1.100 1.100 1.100 1.100 1.100 1.100 1.100 1.100 1.100 1.100 1.100 1.100 1.100 1.100 1.100 1.100
0.0152 0.01508 9.00000 2.0386528969 2.5701497148    2.036  1.459  3.8464  3.625    1  0.000  0.545     0.00     0.00     0.00     0.00     0.00 -1 -4.12e-12      0.00 7.092e-01 2.756e-01 2.746e-03 7.408e-04 6.719e-03 -1.000 1.527e-02       7022          0          0          0          0      3.638      3.638 1.122 0.689 0.390 0.274 0.236 1.053 1.158 1.011 1.039 1.114 1.068 0.689 0.691 0.694 0.691 0.691 0.691 0.691 0.691 0.691 0.691 0.691 0.691 0.691 0.691 0.691 0.691 0.691 0.691 0.691 0.691 0.691 0.691 0.390 0.393 0.394 0.393 0.393 0.393 0.393 0.393 0.393 0.393 0.393 0.393 0.393 0.393 0.393 0.393 0.393 0.393 0.393 0.393 0.393 0.393 0.274 0.275 0.276 0.275 0.275 0.275 0.275 0.275 0.275 0.275 0.275 0.275 0.275 0.275 0.275 0.275 0.275 0.275 0.275 0.275 0.275 0.275 0.236 0.238 0.238 0.238 0.238 0.238 0.238 0.238 0.238 0.238 0.238 0.238 0.238 0.238 0.238 0.238 0.238 0.238 0.238 0.238 0.238 0.238 1.053 1.054 1.060 1.054 1.054 1.054 1.054 1.054 1.054 1.054 1.054 1.054 1.054 1.054 1.054 1.054 1.054 1.054 1.054 1.054 1.054 1.054 1.158 1.159 1.168 1.159 1.159 1.159 1.159 1.159 1.159 1.159 1.159 1.159 1.159 1.159 1.159 1.159 1.159 1.159 1.159 1.159 1.159 1.159 1.011 1.013 1.017 1.013 1.013 1.013 1.013 1.013 1.013 1.013 1.013 1.013 1.013 1.013 1.013 1.013 1.013 1.013 1.013 1.013 1.013 1.013 1.039 1.042 1.044 1.042 1.042 1.042 1.042 1.042 1.042 1.042 1.042 1.042 1.042 1.042 1.042 1.042 1.042 1.042 1.042 1.042 1.042 1.042 1.114 1.116 1.118 1.116 1.116 1.116 1.116 1.116 1.116 1.116 1.116 1.116 1.116 1.116 1.116 1.116 1.116 1.116 1.116 1.116 1.116 1.116 1.068 1.069 1.077 1.069 1.069 1.069 1.069 1.069 1.069 1.069 1.069 1.069 1.069 1.069 1.069 1.069 1.069 1.069 1.069 1.069 1.069 1.069
0.0152 0.01508 9.00000 2.0494067669 2.5705845029    2.047  1.476  3.8447  3.604    1  0.000  0.545     0.00     0.00     0.00     0.00     0.00 -1 -4.38e-12      0.00 7.092e-01 2.756e-01 2.746e-03 7.408e-04 6.719e-03 -1.000 1.527e-02       6994          0          0          0          0      3.736      3.736 1.081 0.642 0.340 0.220 0.182 1.010 1.122 0.968 0.993 1.066 1.030 0.642 0.645 0.648 0.645 0.645 0.645 0.645 0.645 0.645 0.645 0.645 0.645 0.645 0.645 0.645 0.645 0.645 0.645 0.645 0.645 0.645 0.645 0.340 0.342 0.343 0.342 0.342 0.342 0.342 0.342 0.342 0.342 0.342 0.342 0.342 0.342 0.342 0.342 0.342 0.342 0.342 0.342 0.342 0.342 0.220 0.222 0.223 0.222 0.222 0.222 0.222 0.222 0.222 0.222 0.222 0.222 0.222 0.222 0.222 0.222 0.222 0.222 0.222 0.222 0.222 0.222 0.182 0.184 0.184 0.184 0.184 0.184 0.184 0.184 0.184 0.184 0.184 0.184 0.184 0.184 0.184 0.184 0.184 0.184 0.184 0.184 0.184 0.184 1.010 1.012 1.018 1.012 1.012 1.012 1.012 1.012 1.012 1.012 1.012 1.012 1.012 1.012 1.012 1.012 1.012 1.012 1.012 1.012 1.012 1.012 1.122 1.123 1.132 1.123 1.123 1.123 1.123 1.123 1.123 1.123 1.123 1.123 1.123 1.123 1.123 1.123 1.123 1.123 1.123 1.123 1.123 1.123 0.968 0.970 0.974 0.970 0.970 0.970 0.970 0.970 0.970 0.970 0.970 0.970 0.970 0.970 0.970 0.970 0.970 0.970 0.970 0.970 0.970 0.970 0.993 0.995 0.998 0.995 0.995 0.995 0.995 0.995 0.995 0.995 0.995 0.995 0.995 0.995 0.995 0.995 0.995 0.995 0.995 0.995 0.995 0.995 1.066 1.068 1.070 1.068 1.068 1.068 1.068 1.068 1.068 1.068 1.068 1.068 1.068 1.068 1.068 1.068 1.068 1.068 1.068 1.068 1.068 1.068 1.030 1.031 1.039 1.031 1.031 1.031 1.031 1.031 1.031 1.031 1.031 1.031 1.031 1.031 1.031 1.031 1.031 1.031 1.031 1.031 1.031 1.031
0.0152 0.01508 9.00000 2.0499999523 2.5706083333    2.047  1.477  3.8451  3.604    1  0.000  0.545     0.00     0.00     0.00     0.00     0.00 -1 -4.39e-12      0.00 7.092e-01 2.756e-01 2.746e-03 7.408e-04 6.719e-03 -1.000 1.527e-02       6999          0          0          0          0      3.736      3.736 1.077 0.640 0.338 0.219 0.180 1.007 1.117 0.964 0.990 1.063 1.025 0.640 0.642 0.645 0.642 0.642 0.642 0.642 0.642 0.642 0.642 0.642 0.642 0.642 0.642 0.642 0.642 0.642 0.642 0.642 0.642 0.642 0.642 0.338 0.340 0.341 0.340 0.340 0.340 0.340 0.340 0.340 0.340 0.340 0.340 0.340 0.340 0.340 0.340 0.340 0.340 0.340 0.340 0.340 0.340 0.219 0.220 0.221 0.220 0.220 0.220 0.220 0.220 0.220 0.220 0.220 0.220 0.220 0.220 0.220 0.220 0.220 0.220 0.220 0.220 0.220 0.220 0.180 0.182 0.183 0.182 0.182 0.182 0.182 0.182 0.182 0.182 0.182 0.182 0.182 0.182 0.182 0.182 0.182 0.182 0.182 0.182 0.182 0.182 1.007 1.009 1.014 1.009 1.009 1.009 1.009 1.009 1.009 1.009 1.009 1.009 1.009 1.009 1.009 1.009 1.009 1.009 1.009 1.009 1.009 1.009 1.117 1.118 1.127 1.118 1.118 1.118 1.118 1.118 1.118 1.118 1.118 1.118 1.118 1.118 1.118 1.118 1.118 1.118 1.118 1.118 1.118 1.118 0.964 0.966 0.971 0.966 0.966 0.966 0.966 0.966 0.966 0.966 0.966 0.966 0.966 0.966 0.966 0.966 0.966 0.966 0.966 0.966 0.966 0.966 0.990 0.993 0.995 0.993 0.993 0.993 0.993 0.993 0.993 0.993 0.993 0.993 0.993 0.993 0.993 0.993 0.993 0.993 0.993 0.993 0.993 0.993 1.063 1.065 1.068 1.065 1.065 1.065 1.065 1.065 1.065 1.065 1.065 1.065 1.065 1.065 1.065 1.065 1.065 1.065 1.065 1.065 1.065 1.065 1.025 1.027 1.034 1.027 1.027 1.027 1.027 1.027 1.027 1.027 1.027 1.027 1.027 1.027 1.027 1.027 1.027 1.027 1.027 1.027 1.027 1.027
0.0152 0.01508 9.00000 2.0507707596 2.5706392757    2.048  1.479  3.8455  3.604    1  0.000  0.545     0.00     0.00     0.00     0.00     0.00 -1 -4.41e-12      0.00 7.092e-01 2.756e-01 2.746e-03 7.408e-04 6.719e-03 -1.000 1.527e-02       7006          0          0          0          0      3.738      3.738 1.072 0.636 0.335 0.217 0.179 1.002 1.111 0.960 0.986 1.060 1.019 0.636 0.638 0.641 0.638 0.638 0.638 0.638 0.638 0.638 0.638 0.638 0.638 0.638 0.638 0.638 0.638 0.638 0.638 0.638 0.638 0.638 0.638 0.335 0.337 0.339 0.337 0.337 0.337 0.337 0.337 0.337 0.337 0.337 0.337 0.337 0.337 0.337 0.337 0.337 0.337 0.337 0.337 0.337 0.337 0.217 0.218 0.220 0.218 0.218 0.218 0.218 0.218 0.218 0.218 0.218 0.218 0.218 0.218 0.218 0.218 0.218 0.218 0.218 0.218 0.218 0.218 0.179 0.181 0.181 0.181 0.181 0.181 0.181 0.181 0.181 0.181 0.181 0.181 0.181 0.181 0.181 0.181 0.181 0.181 0.181 0.181 0.181 0.181 1.002 1.004 1.009 1.004 1.004 1.004 1.004 1.004 1.004 1.004 1.004 1.004 1.004 1.004 1.004 1.004 1.004 1.004 1.004 1.004 1.004 1.004 1.111 1.112 1.121 1.112 1.112 1.112 1.112 1.112 1.112 1.112 1.112 1.112 1.112 1.112 1.112 1.112 1.112 1.112 1.112 1.112 1.112 1.112 0.960 0.962 0.966 0.962 0.962 0.962 0.962 0.962 0.962 0.962 0.962 0.962 0.962 0.962 0.962 0.962 0.962 0.962 0.962 0.962 0.962 0.962 0.986 0.989 0.991 0.989 0.989 0.989 0.989 0.989 0.989 0.989 0.989 0.989 0.989 0.989 0.989 0.989 0.989 0.989 0.989 0.989 0.989 0.989 1.060 1.062 1.064 1.062 1.062 1.062 1.062 1.062 1.062 1.062 1.062 1.062 1.062 1.062 1.062 1.062 1.062 1.062 1.062 1.062 1.062 1.062 1.019 1.021 1.028 1.021 1.021 1.021 1.021 1.021 1.021 1.021 1.021 1.021 1.021 1.021 1.021 1.021 1.021 1.021 1.021 1.021 1.021 1.021
0.0152 0.01508 9.00000 2.0581607819 2.5709345800    2.055  1.502  3.8518  3.608    1  0.000  0.545     0.00     0.00     0.00     0.00     0.00 -1 -4.62e-12      0.00 7.092e-01 2.756e-01 2.746e-03 7.408e-04 6.719e-03 -1.000 1.527e-02       7108          0          0          0          0      3.727      3.727 1.016 0.599 0.315 0.207 0.172 0.948 1.031 0.909 0.951 1.032 0.949 0.599 0.602 0.604 0.602 0.602 0.602 0.602 0.602 0.602 0.602 0.602 0.602 0.602 0.602 0.602 0.602 0.602 0.602 0.602 0.602 0.602 0.602 0.315 0.317 0.318 0.317 0.317 0.317 0.317 0.317 0.317 0.317 0.317 0.317 0.317 0.317 0.317 0.317 0.317 0.317 0.317 0.317 0.317 0.317 0.207 0.208 0.209 0.208 0.208 0.208 0.208 0.208 0.208 0.208 0.208 0.208 0.208 0.208 0.208 0.208 0.208 0.208 0.208 0.208 0.208 0.208 0.172 0.174 0.173 0.174 0.174 0.174 0.174 0.174 0.174 0.174 0.174 0.174 0.174 0.174 0.174 0.174 0.174 0.174 0.174 0.174 0.174 0.174 0.948 0.950 0.955 0.950 0.950 0.950 0.950 0.950 0.950 0.950 0.950 0.950 0.950 0.950 0.950 0.950 0.950 0.950 0.950 0.950 0.950 0.950 1.031 1.031 1.040 1.031 1.031 1.031 1.031 1.031 1.031 1.031 1.031 1.031 1.031 1.031 1.031 1.031 1.031 1.031 1.031 1.031 1.031 1.031 0.909 0.911 0.916 0.911 0.911 0.911 0.911 0.911 0.911 0.911 0.911 0.911 0.911 0.911 0.911 0.911 0.911 0.911 0.911 0.911 0.911 0.911 0.951 0.953 0.955 0.953 0.953 0.953 0.953 0.953 0.953 0.953 0.953 0.953 0.953 0.953 0.953 0.953 0.953 0.953 0.953 0.953 0.953 0.953 1.032 1.034 1.036 1.034 1.034 1.034 1.034 1.034 1.034 1.034 1.034 1.034 1.034 1.034 1.034 1.034 1.034 1.034 1.034 1.034 1.034 1.034 0.949 0.949 0.957 0.949 0.949 0.949 0.949 0.949 0.949 0.949 0.949 0.949 0.949 0.949 0.949 0.949 0.949 0.949 0.949 0.949 0.949 0.949
0.0152 0.01508 9.00000 2.0606307983 2.5710327386    2.058  1.515  3.8573  3.618    1  0.000  0.545     0.00     0.00     0.00     0.00     0.00 -1 -4.71e-12      0.00 7.092e-01 2.756e-01 2.746e-03 7.408e-04 6.719e-03 -1.000 1.527e-02       7199          0          0          0          0      3.689      3.689 0.983 0.586 0.315 0.216 0.184 0.919 0.977 0.883 0.938 1.026 0.903 0.586 0.589 0.591 0.589 0.589 0.589 0.589 0.589 0.589 0.589 0.589 0.589 0.589 0.589 0.589 0.589 0.589 0.589 0.589 0.589 0.589 0.589 0.315 0.317 0.318 0.317 0.317 0.317 0.317 0.317 0.317 0.317 0.317 0.317 0.317 0.317 0.317 0.317 0.317 0.317 0.317 0.317 0.317 0.317 0.216 0.217 0.218 0.217 0.217 0.217 0.217 0.217 0.217 0.217 0.217 0.217 0.217 0.217 0.217 0.217 0.217 0.217 0.217 0.217 0.217 0.217 0.184 0.186 0.185 0.186 0.186 0.186 0.186 0.186 0.186 0.186 0.186 0.186 0.186 0.186 0.186 0.186 0.186 0.186 0.186 0.186 0.186 0.186 0.919 0.920 0.925 0.920 0.920 0.920 0.920 0.920 0.920 0.920 0.920 0.920 0.920 0.920 0.920 0.920 0.920 0.920 0.920 0.920 0.920 0.920 0.977 0.976 0.986 0.977 0.976 0.976 0.976 0.976 0.976 0.976 0.976 0.976 0.976 0.976 0.976 0.976 0.976 0.976 0.976 0.976 0.976 0.976 0.883 0.885 0.889 0.885 0.885 0.885 0.885 0.885 0.885 0.885 0.885 0.885 0.885 0.885 0.885 0.885 0.885 0.885 0.885 0.885 0.885 0.885 0.938 0.941 0.943 0.941 0.941 0.941 0.941 0.941 0.941 0.941 0.941 0.941 0.941 0.941 0.941 0.941 0.941 0.941 0.941 0.941 0.941 0.941 1.026 1.028 1.030 1.028 1.028 1.028 1.028 1.028 1.028 1.028 1.028 1.028 1.028 1.028 1.028 1.028 1.028 1.028 1.028 1.028 1.028 1.028 0.903 0.903 0.911 0.903 0.903 0.903 0.903 0.903 0.903 0.903 0.903 0.903 0.903 0.903 0.903 0.903 0.903 0.903 0.903 0.903 0.903 0.903
0.0152 0.01508 9.00000 2.0619938374 2.5710867900    2.059  1.526  3.8629  3.629    1  0.000  0.545     0.00     0.00     0.00     0.00     0.00 -1 -4.77e-12      0.00 7.092e-01 2.756e-01 2.746e-03 7.408e-04 6.719e-03 -1.000 1.527e-02       7293          0          0          0          0      3.642      3.642 0.955 0.576 0.319 0.230 0.199 0.895 0.932 0.862 0.929 1.022 0.866 0.576 0.578 0.581 0.578 0.578 0.578 0.578 0.578 0.578 0.578 0.578 0.578 0.578 0.578 0.578 0.578 0.578 0.578 0.578 0.578 0.578 0.578 0.319 0.321 0.322 0.321 0.321 0.321 0.321 0.321 0.321 0.321 0.321 0.321 0.321 0.321 0.321 0.321 0.321 0.321 0.321 0.321 0.321 0.321 0.230 0.231 0.232 0.231 0.231 0.231 0.231 0.231 0.231 0.231 0.231 0.231 0.231 0.231 0.231 0.231 0.231 0.231 0.231 0.231 0.231 0.231 0.199 0.201 0.201 0.201 0.201 0.201 0.201 0.201 0.201 0.201 0.201 0.201 0.201 0.201 0.201 0.201 0.201 0.201 0.201 0.201 0.201 0.201 0.895 0.896 0.901 0.896 0.896 0.896 0.896 0.896 0.896 0.896 0.896 0.896 0.896 0.896 0.896 0.896 0.896 0.896 0.896 0.896 0.896 0.896 0.932 0.931 0.940 0.931 0.931 0.931 0.931 0.931 0.931 0.931 0.931 0.931 0.931 0.931 0.931 0.931 0.931 0.931 0.931 0.931 0.931 0.931 0.862 0.863 0.867 0.863 0.863 0.863 0.863 0.863 0.863 0.863 0.863 0.863 0.863 0.863 0.863 0.863 0.863 0.863 0.863 0.863 0.863 0.863 0.929 0.932 0.933 0.932 0.932 0.932 0.932 0.932 0.932 0.932 0.932 0.932 0.932 0.932 0.932 0.932 0.932 0.932 0.932 0.932 0.932 0.932 1.022 1.024 1.026 1.024 1.024 1.024 1.024 1.024 1.024 1.024 1.024 1.024 1.024 1.024 1.024 1.024 1.024 1.024 1.024 1.024 1.024 1.024 0.866 0.865 0.873 0.865 0.865 0.865 0.865 0.865 0.865 0.865 0.865 0.865 0.865 0.865 0.865 0.865 0.865 0.865 0.865 0.865 0.865 0.865
0.0152 0.01508 9.00000 2.0628836155 2.5711220300    2.060  1.537  3.8687  3.642    1  0.000  0.545     0.00     0.00     0.00     0.00     0.00 -1 -4.82e-12      0.00 7.092e-01 2.756e-01 2.746e-03 7.408e-04 6.719e-03 -1.000 1.527e-02       7392          0          0          0          0      3.591      3.591 0.927 0.567 0.325 0.246 0.215 0.873 0.891 0.842 0.920 1.019 0.831 0.567 0.568 0.570 0.568 0.568 0.568 0.568 0.568 0.568 0.568 0.568 0.568 0.568 0.568 0.568 0.568 0.568 0.568 0.568 0.568 0.568 0.568 0.325 0.326 0.327 0.326 0.326 0.326 0.326 0.326 0.326 0.326 0.326 0.326 0.326 0.326 0.326 0.326 0.326 0.326 0.326 0.326 0.326 0.326 0.246 0.246 0.247 0.246 0.246 0.246 0.246 0.246 0.246 0.246 0.246 0.246 0.246 0.246 0.246 0.246 0.246 0.246 0.246 0.246 0.246 0.246 0.215 0.217 0.216 0.217 0.217 0.217 0.217 0.217 0.217 0.217 0.217 0.217 0.217 0.217 0.217 0.217 0.217 0.217 0.217 0.217 0.217 0.217 0.873 0.873 0.878 0.873 0.873 0.873 0.873 0.873 0.873 0.873 0.873 0.873 0.873 0.873 0.873 0.873 0.873 0.873 0.873 0.873 0.873 0.873 0.891 0.890 0.899 0.890 0.890 0.890 0.890 0.890 0.890 0.890 0.890 0.890 0.890 0.890 0.890 0.890 0.890 0.890 0.890 0.890 0.890 0.890 0.842 0.843 0.847 0.843 0.843 0.843 0.843 0.843 0.843 0.843 0.843 0.843 0.843 0.843 0.843 0.843 0.843 0.843 0.843 0.843 0.843 0.843 0.920 0.922 0.923 0.922 0.922 0.922 0.922 0.922 0.922 0.922 0.922 0.922 0.922 0.922 0.922 0.922 0.922 0.922 0.922 0.922 0.922 0.922 1.019 1.020 1.022 1.020 1.020 1.020 1.020 1.020 1.020 1.020 1.020 1.020 1.020 1.020 1.020 1.020 1.020 1.020 1.020 1.020 1.020 1.020 0.831 0.830 0.838 0.830 0.830 0.830 0.830 0.830 0.830 0.830 0.830 0.830 0.830 0.830 0.830 0.830 0.830 0.830 0.830 0.830 0.830 0.830
0.0152 0.01508 9.00000 2.0634908676 2.5711460603    2.061  1.548  3.8746  3.654    1  0.000  0.545     0.00     0.00     0.00     0.00     0.00 -1 -4.88e-12      0.00 7.092e-01 2.756e-01 2.746e-03 7.408e-04 6.719e-03 -1.000 1.527e-02       7492          0          0          0          0      3.541      3.541 0.899 0.558 0.331 0.262 0.232 0.851 0.850 0.823 0.912 1.016 0.797 0.558 0.559 0.561 0.559 0.559 0.559 0.559 0.559 0.559 0.559 0.559 0.559 0.559 0.559 0.559 0.559 0.559 0.559 0.559 0.559 0.559 0.559 0.331 0.332 0.333 0.332 0.332 0.332 0.332 0.332 0.332 0.332 0.332 0.332 0.332 0.332 0.332 0.332 0.332 0.332 0.332 0.332 0.332 0.332 0.262 0.262 0.262 0.262 0.262 0.262 0.262 0.262 0.262 0.262 0.262 0.262 0.262 0.262 0.262 0.262 0.262 0.262 0.262 0.262 0.262 0.262 0.232 0.234 0.233 0.234 0.234 0.234 0.234 0.234 0.234 0.234 0.234 0.234 0.234 0.234 0.234 0.234 0.234 0.234 0.234 0.234 0.234 0.234 0.851 0.851 0.856 0.851 0.851 0.851 0.851 0.851 0.851 0.851 0.851 0.851 0.851 0.851 0.851 0.851 0.851 0.851 0.851 0.851 0.851 0.851 0.850 0.849 0.857 0.849 0.849 0.849 0.849 0.849 0.849 0.849 0.849 0.849 0.849 0.849 0.849 0.849 0.849 0.849 0.849 0.849 0.849 0.849 0.823 0.823 0.828 0.823 0.823 0.823 0.823 0.823 0.823 0.823 0.823 0.823 0.823 0.823 0.823 0.823 0.823 0.823 0.823 0.823 0.823 0.823 0.912 0.913 0.915 0.913 0.913 0.913 0.913 0.913 0.913 0.913 0.913 0.913 0.913 0.913 0.913 0.913 0.913 0.913 0.913 0.913 0.913 0.913 1.016 1.017 1.019 1.017 1.017 1.017 1.017 1.017 1.017 1.017 1.017 1.017 1.017 1.017 1.017 1.017 1.017 1.017 1.017 1.017 1.017 1.017 0.797 0.796 0.804 0.796 0.796 0.796 0.796 0.796 0.796 0.796 0.796 0.796 0.796 0.796 0.796 0.796 0.796 0.796 0.796 0.796 0.796 0.796
0.0152 0.01508 9.00000 2.0638957024 2.5711620715    2.061  1.559  3.8801  3.665    1  0.000  0.545     0.00     0.00     0.00     0.00     0.00 -1 -4.94e-12      0.00 7.092e-01 2.756e-01 2.746e-03 7.408e-04 6.719e-03 -1.000 1.527e-02       7587          0          0          0          0      3.496      3.496 0.872 0.549 0.337 0.277 0.248 0.829 0.811 0.805 0.904 1.013 0.764 0.549 0.550 0.553 0.550 0.550 0.550 0.550 0.550 0.550 0.550 0.550 0.550 0.550 0.550 0.550 0.550 0.550 0.550 0.550 0.550 0.550 0.550 0.337 0.337 0.338 0.337 0.337 0.337 0.337 0.337 0.337 0.337 0.337 0.337 0.337 0.337 0.337 0.337 0.337 0.337 0.337 0.337 0.337 0.337 0.277 0.276 0.277 0.276 0.276 0.276 0.276 0.276 0.276 0.276 0.276 0.276 0.276 0.276 0.276 0.276 0.276 0.276 0.276 0.276 0.276 0.276 0.248 0.249 0.248 0.249 0.249 0.249 0.249 0.249 0.249 0.249 0.249 0.249 0.249 0.249 0.249 0.249 0.249 0.249 0.249 0.249 0.249 0.249 0.829 0.829 0.834 0.829 0.829 0.829 0.829 0.829 0.829 0.829 0.829 0.829 0.829 0.829 0.829 0.829 0.829 0.829 0.829 0.829 0.829 0.829 0.811 0.810 0.818 0.810 0.810 0.810 0.810 0.810 0.810 0.810 0.810 0.810 0.810 0.810 0.810 0.810 0.810 0.810 0.810 0.810 0.810 0.810 0.805 0.805 0.809 0.805 0.805 0.805 0.805 0.805 0.805 0.805 0.805 0.805 0.805 0.805 0.805 0.805 0.805 0.805 0.805 0.805 0.805 0.805 0.904 0.905 0.907 0.905 0.905 0.905 0.905 0.905 0.905 0.905 0.905 0.905 0.905 0.905 0.905 0.905 0.905 0.905 0.905 0.905 0.905 0.905 1.013 1.014 1.016 1.014 1.014 1.014 1.014 1.014 1.014 1.014 1.014 1.014 1.014 1.014 1.014 1.014 1.014 1.014 1.014 1.014 1.014 1.014 0.764 0.764 0.771 0.764 0.764 0.764 0.764 0.764 0.764 0.764 0.764 0.764 0.764 0.764 0.764 0.764 0.764 0.764 0.764 0.764 0.764 0.764
0.0152 0.01508 9.00000 2.0642025471 2.5711742024    2.061  1.571  3.8856  3.676    1  0.000  0.545     0.00     0.00     0.00     0.00     0.00 -1    -5e-12      0.00 7.092e-01 2.756e-01 2.746e-03 7.408e-04 6.719e-03 -1.000 1.527e-02       7685          0          0          0          0      3.452      3.452 0.844 0.540 0.342 0.290 0.262 0.808 0.771 0.787 0.896 1.010 0.732 0.540 0.541 0.544 0.541 0.541 0.541 0.541 0.541 0.541 0.541 0.541 0.541 0.541 0.541 0.541 0.541 0.541 0.541 0.541 0.541 0.541 0.541 0.342 0.342 0.343 0.342 0.342 0.342 0.342 0.342 0.342 0.342 0.342 0.342 0.342 0.342 0.342 0.342 0.342 0.342 0.342 0.342 0.342 0.342 0.290 0.290 0.291 0.290 0.290 0.290 0.290 0.290 0.290 0.290 0.290 0.290 0.290 0.290 0.290 0.290 0.290 0.290 0.290 0.290 0.290 0.290 0.262 0.263 0.263 0.263 0.263 0.263 0.263 0.263 0.263 0.263 0.263 0.263 0.263 0.263 0.263 0.263 0.263 0.263 0.263 0.263 0.263 0.263 0.808 0.808 0.813 0.808 0.808 0.808 0.808 0.808 0.808 0.808 0.808 0.808 0.808 0.808 0.808 0.808 0.808 0.808 0.808 0.808 0.808 0.808 0.771 0.770 0.778 0.770 0.770 0.770 0.770 0.770 0.770 0.770 0.770 0.770 0.770 0.770 0.770 0.770 0.770 0.770 0.770 0.770 0.770 0.770 0.787 0.787 0.791 0.787 0.787 0.787 0.787 0.787 0.787 0.787 0.787 0.787 0.787 0.787 0.787 0.787 0.787 0.787 0.787 0.787 0.787 0.787 0.896 0.897 0.899 0.897 0.897 0.897 0.897 0.897 0.897 0.897 0.897 0.897 0.897 0.897 0.897 0.897 0.897 0.897 0.897 0.897 0.897 0.897 1.010 1.010 1.012 1.010 1.010 1.010 1.010 1.010 1.010 1.010 1.010 1.010 1.010 1.010 1.010 1.010 1.010 1.010 1.010 1.010 1.010 1.010 0.732 0.731 0.738 0.731 0.731 0.731 0.731 0.731 0.731 0.731 0.731 0.731 0.731 0.731 0.731 0.731 0.731 0.731 0.731 0.731 0.731 0.731
0.0152 0.01508 9.00000 2.0644321442 2.5711832766    2.062  1.583  3.8911  3.686    1  0.000  0.545     0.00     0.00     0.00     0.00     0.00 -1 -5.08e-12      0.00 7.092e-01 2.756e-01 2.746e-03 7.408e-04 6.719e-03 -1.000 1.527e-02       7783          0          0          0          0      3.412      3.412 0.814 0.530 0.345 0.302 0.275 0.785 0.731 0.767 0.886 1.005 0.698 0.530 0.531 0.533 0.531 0.531 0.531 0.531 0.531 0.531 0.531 0.531 0.531 0.531 0.531 0.531 0.531 0.531 0.531 0.531 0.531 0.531 0.531 0.345 0.346 0.347 0.346 0.346 0.346 0.346 0.346 0.346 0.346 0.346 0.346 0.346 0.346 0.346 0.346 0.346 0.346 0.346 0.346 0.346 0.346 0.302 0.302 0.302 0.302 0.302 0.302 0.302 0.302 0.302 0.302 0.302 0.302 0.302 0.302 0.302 0.302 0.302 0.302 0.302 0.302 0.302 0.302 0.275 0.275 0.275 0.275 0.275 0.275 0.275 0.275 0.275 0.275 0.275 0.275 0.275 0.275 0.275 0.275 0.275 0.275 0.275 0.275 0.275 0.275 0.785 0.785 0.790 0.785 0.785 0.785 0.785 0.785 0.785 0.785 0.785 0.785 0.785 0.785 0.785 0.785 0.785 0.785 0.785 0.785 0.785 0.785 0.731 0.730 0.737 0.730 0.730 0.730 0.730 0.730 0.730 0.730 0.730 0.730 0.730 0.730 0.730 0.730 0.730 0.730 0.730 0.730 0.730 0.730 0.767 0.767 0.771 0.767 0.767 0.767 0.767 0.767 0.767 0.767 0.767 0.767 0.767 0.767 0.767 0.767 0.767 0.767 0.767 0.767 0.767 0.767 0.886 0.887 0.889 0.887 0.887 0.887 0.887 0.887 0.887 0.887 0.887 0.887 0.887 0.887 0.887 0.887 0.887 0.887 0.887 0.887 0.887 0.887 1.005 1.005 1.007 1.005 1.005 1.005 1.005 1.005 1.005 1.005 1.005 1.005 1.005 1.005 1.005 1.005 1.005 1.005 1.005 1.005 1.005 1.005 0.698 0.698 0.704 0.698 0.698 0.698 0.698 0.698 0.698 0.698 0.698 0.698 0.698 0.698 0.698 0.698 0.698 0.698 0.698 0.698 0.698 0.698
0.0152 0.01508 9.00000 2.0646090508 2.5711902668    2.062  1.595  3.8966  3.695    1  0.000  0.545     0.00     0.00     0.00     0.00     0.00 -1 -5.17e-12      0.00 7.092e-01 2.756e-01 2.746e-03 7.408e-04 6.719e-03 -1.000 1.527e-02       7881          0          0          0          0      3.376      3.376 0.782 0.520 0.348 0.311 0.285 0.763 0.691 0.748 0.877 0.999 0.667 0.520 0.520 0.523 0.520 0.520 0.520 0.520 0.520 0.520 0.520 0.520 0.520 0.520 0.520 0.520 0.520 0.520 0.520 0.520 0.520 0.520 0.520 0.348 0.348 0.349 0.348 0.348 0.348 0.348 0.348 0.348 0.348 0.348 0.348 0.348 0.348 0.348 0.348 0.348 0.348 0.348 0.348 0.348 0.348 0.311 0.311 0.312 0.311 0.311 0.311 0.311 0.311 0.311 0.311 0.311 0.311 0.311 0.311 0.311 0.311 0.311 0.311 0.311 0.311 0.311 0.311 0.285 0.285 0.285 0.285 0.285 0.285 0.285 0.285 0.285 0.285 0.285 0.285 0.285 0.285 0.285 0.285 0.285 0.285 0.285 0.285 0.285 0.285 0.763 0.763 0.767 0.763 0.763 0.763 0.763 0.763 0.763 0.763 0.763 0.763 0.763 0.763 0.763 0.763 0.763 0.763 0.763 0.763 0.763 0.763 0.691 0.691 0.698 0.691 0.691 0.691 0.691 0.691 0.691 0.691 0.691 0.691 0.691 0.691 0.691 0.691 0.691 0.691 0.691 0.691 0.691 0.691 0.748 0.748 0.752 0.748 0.748 0.748 0.748 0.748 0.748 0.748 0.748 0.748 0.748 0.748 0.748 0.748 0.748 0.748 0.748 0.748 0.748 0.748 0.877 0.877 0.879 0.877 0.877 0.877 0.877 0.877 0.877 0.877 0.877 0.877 0.877 0.877 0.877 0.877 0.877 0.877 0.877 0.877 0.877 0.877 0.999 0.999 1.001 0.999 0.999 0.999 0.999 0.999 0.999 0.999 0.999 0.999 0.999 0.999 0.999 0.999 0.999 0.999 0.999 0.999 0.999 0.999 0.667 0.666 0.672 0.666 0.666 0.666 0.666 0.666 0.666 0.666 0.666 0.666 0.666 0.666 0.666 0.666 0.666 0.666 0.666 0.666 0.666 0.666
0.0152 0.01508 9.00000 2.0647473335 2.5711957299    2.062  1.608  3.9019  3.704    1  0.000  0.545     0.00     0.00     0.00     0.00     0.00 -1 -5.28e-12      0.00 7.092e-01 2.756e-01 2.746e-03 7.408e-04 6.719e-03 -1.000 1.527e-02       7979          0          0          0          0      3.345      3.345 0.749 0.507 0.348 0.319 0.292 0.739 0.652 0.728 0.865 0.991 0.634 0.507 0.507 0.510 0.507 0.507 0.507 0.507 0.507 0.507 0.507 0.507 0.507 0.507 0.507 0.507 0.507 0.507 0.507 0.507 0.507 0.507 0.507 0.348 0.348 0.349 0.348 0.348 0.348 0.348 0.348 0.348 0.348 0.348 0.348 0.348 0.348 0.348 0.348 0.348 0.348 0.348 0.348 0.348 0.348 0.319 0.318 0.319 0.318 0.318 0.318 0.318 0.318 0.318 0.318 0.318 0.318 0.318 0.318 0.318 0.318 0.318 0.318 0.318 0.318 0.318 0.318 0.292 0.293 0.293 0.293 0.293 0.293 0.293 0.293 0.293 0.293 0.293 0.293 0.293 0.293 0.293 0.293 0.293 0.293 0.293 0.293 0.293 0.293 0.739 0.739 0.744 0.739 0.739 0.739 0.739 0.739 0.739 0.739 0.739 0.739 0.739 0.739 0.739 0.739 0.739 0.739 0.739 0.739 0.739 0.739 0.652 0.651 0.658 0.651 0.651 0.651 0.651 0.651 0.651 0.651 0.651 0.651 0.651 0.651 0.651 0.651 0.651 0.651 0.651 0.651 0.651 0.651 0.728 0.728 0.732 0.728 0.728 0.728 0.728 0.728 0.728 0.728 0.728 0.728 0.728 0.728 0.728 0.728 0.728 0.728 0.728 0.728 0.728 0.728 0.865 0.865 0.868 0.865 0.865 0.865 0.865 0.865 0.865 0.865 0.865 0.865 0.865 0.865 0.865 0.865 0.865 0.865 0.865 0.865 0.865 0.865 0.991 0.991 0.993 0.991 0.991 0.991 0.991 0.991 0.991 0.991 0.991 0.991 0.991 0.991 0.991 0.991 0.991 0.991 0.991 0.991 0.991 0.991 0.634 0.633 0.639 0.633 0.633 0.633 0.633 0.633 0.633 0.633 0.633 0.633 0.633 0.633 0.633 0.633 0.633 0.633 0.633 0.633 0.633 0.633
0.0152 0.01508 9.00000 2.0648596287 2.5712001657    2.062  1.621  3.9068  3.711    1  0.000  0.545     0.00     0.00     0.00     0.00     0.00 -1 -5.39e-12      0.00 7.092e-01 2.756e-01 2.746e-03 7.408e-04 6.719e-03 -1.000 1.527e-02       8069          0          0          0          0      3.317      3.317 0.719 0.495 0.347 0.324 0.298 0.717 0.616 0.709 0.853 0.983 0.604 0.495 0.495 0.498 0.495 0.495 0.495 0.495 0.495 0.495 0.495 0.495 0.495 0.495 0.495 0.495 0.495 0.495 0.495 0.495 0.495 0.495 0.495 0.347 0.348 0.349 0.348 0.348 0.348 0.348 0.348 0.348 0.348 0.348 0.348 0.348 0.348 0.348 0.348 0.348 0.348 0.348 0.348 0.348 0.348 0.324 0.324 0.325 0.324 0.324 0.324 0.324 0.324 0.324 0.324 0.324 0.324 0.324 0.324 0.324 0.324 0.324 0.324 0.324 0.324 0.324 0.324 0.298 0.299 0.299 0.299 0.299 0.299 0.299 0.299 0.299 0.299 0.299 0.299 0.299 0.299 0.299 0.299 0.299 0.299 0.299 0.299 0.299 0.299 0.717 0.718 0.722 0.718 0.718 0.718 0.718 0.718 0.718 0.718 0.718 0.718 0.718 0.718 0.718 0.718 0.718 0.718 0.718 0.718 0.718 0.718 0.616 0.616 0.623 0.616 0.616 0.616 0.616 0.616 0.616 0.616 0.616 0.616 0.616 0.616 0.616 0.616 0.616 0.616 0.616 0.616 0.616 0.616 0.709 0.709 0.713 0.709 0.709 0.709 0.709 0.709 0.709 0.709 0.709 0.709 0.709 0.709 0.709 0.709 0.709 0.709 0.709 0.709 0.709 0.709 0.853 0.854 0.856 0.854 0.854 0.854 0.854 0.854 0.854 0.854 0.854 0.854 0.854 0.854 0.854 0.854 0.854 0.854 0.854 0.854 0.854 0.854 0.983 0.983 0.986 0.983 0.983 0.983 0.983 0.983 0.983 0.983 0.983 0.983 0.983 0.983 0.983 0.983 0.983 0.983 0.983 0.983 0.983 0.983 0.604 0.604 0.609 0.604 0.604 0.604 0.604 0.604 0.604 0.604 0.604 0.604 0.604 0.604 0.604 0.604 0.604 0.604 0.604 0.604 0.604 0.604
0.0152 0.01508 9.00000 2.0650079250 2.5712060227    2.062  1.633  3.9123  3.721    1  0.000  0.545     0.00     0.00     0.00     0.00     0.00 -1 -5.49e-12      0.00 7.092e-01 2.756e-01 2.746e-03 7.408e-04 6.719e-03 -1.000 1.527e-02       8172          0          0          0          0      3.279      3.279 0.689 0.487 0.351 0.335 0.310 0.698 0.583 0.693 0.846 0.979 0.576 0.487 0.487 0.490 0.487 0.487 0.487 0.487 0.487 0.487 0.487 0.487 0.487 0.487 0.487 0.487 0.487 0.487 0.487 0.487 0.487 0.487 0.487 0.351 0.352 0.353 0.352 0.352 0.352 0.352 0.352 0.352 0.352 0.352 0.352 0.352 0.352 0.352 0.352 0.352 0.352 0.352 0.352 0.352 0.352 0.335 0.335 0.336 0.335 0.335 0.335 0.335 0.335 0.335 0.335 0.335 0.335 0.335 0.335 0.335 0.335 0.335 0.335 0.335 0.335 0.335 0.335 0.310 0.311 0.311 0.311 0.311 0.311 0.311 0.311 0.311 0.311 0.311 0.311 0.311 0.311 0.311 0.311 0.311 0.311 0.311 0.311 0.311 0.311 0.698 0.699 0.703 0.699 0.699 0.699 0.699 0.699 0.699 0.699 0.699 0.699 0.699 0.699 0.699 0.699 0.699 0.699 0.699 0.699 0.699 0.699 0.583 0.583 0.589 0.583 0.583 0.583 0.583 0.583 0.583 0.583 0.583 0.583 0.583 0.583 0.583 0.583 0.583 0.583 0.583 0.583 0.583 0.583 0.693 0.693 0.697 0.693 0.693 0.693 0.693 0.693 0.693 0.693 0.693 0.693 0.693 0.693 0.693 0.693 0.693 0.693 0.693 0.693 0.693 0.693 0.846 0.847 0.849 0.847 0.847 0.847 0.847 0.847 0.847 0.847 0.847 0.847 0.847 0.847 0.847 0.847 0.847 0.847 0.847 0.847 0.847 0.847 0.979 0.979 0.982 0.979 0.979 0.979 0.979 0.979 0.979 0.979 0.979 0.979 0.979 0.979 0.979 0.979 0.979 0.979 0.979 0.979 0.979 0.979 0.576 0.577 0.582 0.577 0.577 0.577 0.577 0.577 0.577 0.577 0.577 0.577 0.577 0.577 0.577 0.577 0.577 0.577 0.577 0.577 0.577 0.577
0.0152 0.01508 9.00000 2.0650734901 2.5712086119    2.062  1.618  3.9099  3.725    2  0.000  0.545     0.00     0.00     0.00     0.00     0.00 -1 -5.35e-12      0.00 7.092e-01 2.756e-01 2.746e-03 7.408e-04 6.719e-03 -1.000 1.527e-02       8126          0          0          0          0      3.262      3.262 0.724 0.512 0.371 0.352 0.327 0.729 0.620 0.721 0.871 1.003 0.610 0.512 0.513 0.515 0.513 0.513 0.513 0.513 0.513 0.513 0.513 0.513 0.513 0.513 0.513 0.513 0.513 0.513 0.513 0.513 0.513 0.513 0.513 0.371 0.372 0.373 0.372 0.372 0.372 0.372 0.372 0.372 0.372 0.372 0.372 0.372 0.372 0.372 0.372 0.372 0.372 0.372 0.372 0.372 0.372 0.352 0.352 0.353 0.352 0.352 0.352 0.352 0.352 0.352 0.352 0.352 0.352 0.352 0.352 0.352 0.352 0.352 0.352 0.352 0.352 0.352 0.352 0.327 0.327 0.328 0.327 0.327 0.327 0.327 0.327 0.327 0.327 0.327 0.327 0.327 0.327 0.327 0.327 0.327 0.327 0.327 0.327 0.327 0.327 0.729 0.729 0.733 0.729 0.729 0.729 0.729 0.729 0.729 0.729 0.729 0.729 0.729 0.729 0.729 0.729 0.729 0.729 0.729 0.729 0.729 0.729 0.620 0.619 0.626 0.619 0.619 0.619 0.619 0.619 0.619 0.619 0.619 0.619 0.619 0.619 0.619 0.619 0.619 0.619 0.619 0.619 0.619 0.619 0.721 0.722 0.725 0.722 0.722 0.722 0.722 0.722 0.722 0.722 0.722 0.722 0.722 0.722 0.722 0.722 0.722 0.722 0.722 0.722 0.722 0.722 0.871 0.871 0.874 0.871 0.871 0.871 0.871 0.871 0.871 0.871 0.871 0.871 0.871 0.871 0.871 0.871 0.871 0.871 0.871 0.871 0.871 0.871 1.003 1.003 1.006 1.003 1.003 1.003 1.003 1.003 1.003 1.003 1.003 1.003 1.003 1.003 1.003 1.003 1.003 1.003 1.003 1.003 1.003 1.003 0.610 0.610 0.615 0.610 0.610 0.610 0.610 0.610 0.610 0.610 0.610 0.610 0.610 0.610 0.610 0.610 0.610 0.610 0.610 0.610 0.610 0.610
0.0152 0.01508 9.00000 2.0651183128 2.5712103819    2.062  1.604  3.9064  3.726    2  0.000  0.545     0.00     0.00     0.00     0.00     0.00 -1  -5.2e-12      0.00 7.092e-01 2.756e-01 2.746e-03 7.408e-04 6.719e-03 -1.000 1.527e-02       8061          0          0          0          0       3.26       3.26 0.760 0.535 0.386 0.363 0.337 0.759 0.660 0.750 0.893 1.023 0.646 0.535 0.535 0.538 0.535 0.535 0.535 0.535 0.535 0.535 0.535 0.535 0.535 0.535 0.535 0.535 0.535 0.535 0.535 0.535 0.535 0.535 0.535 0.386 0.387 0.388 0.387 0.387 0.387 0.387 0.387 0.387 0.387 0.387 0.387 0.387 0.387 0.387 0.387 0.387 0.387 0.387 0.387 0.387 0.387 0.363 0.362 0.363 0.362 0.362 0.362 0.362 0.362 0.362 0.362 0.362 0.362 0.362 0.362 0.362 0.362 0.362 0.362 0.362 0.362 0.362 0.362 0.337 0.337 0.337 0.337 0.337 0.337 0.337 0.337 0.337 0.337 0.337 0.337 0.337 0.337 0.337 0.337 0.337 0.337 0.337 0.337 0.337 0.337 0.759 0.759 0.763 0.759 0.759 0.759 0.759 0.759 0.759 0.759 0.759 0.759 0.759 0.759 0.759 0.759 0.759 0.759 0.759 0.759 0.759 0.759 0.660 0.659 0.666 0.659 0.659 0.659 0.659 0.659 0.659 0.659 0.659 0.659 0.659 0.659 0.659 0.659 0.659 0.659 0.659 0.659 0.659 0.659 0.750 0.750 0.754 0.750 0.750 0.750 0.750 0.750 0.750 0.750 0.750 0.750 0.750 0.750 0.750 0.750 0.750 0.750 0.750 0.750 0.750 0.750 0.893 0.894 0.896 0.894 0.894 0.894 0.894 0.894 0.894 0.894 0.894 0.894 0.894 0.894 0.894 0.894 0.894 0.894 0.894 0.894 0.894 0.894 1.023 1.023 1.025 1.023 1.023 1.023 1.023 1.023 1.023 1.023 1.023 1.023 1.023 1.023 1.023 1.023 1.023 1.023 1.023 1.023 1.023 1.023 0.646 0.646 0.652 0.646 0.646 0.646 0.646 0.646 0.646 0.646 0.646 0.646 0.646 0.646 0.646 0.646 0.646 0.646 0.646 0.646 0.646 0.646
0.0152 0.01508 9.00000 2.0651726723 2.5712125283    2.062  1.587  3.9009  3.721    2  0.000  0.545     0.00     0.00     0.00     0.00     0.00 -1 -5.01e-12      0.00 7.092e-01 2.756e-01 2.746e-03 7.408e-04 6.719e-03 -1.000 1.527e-02       7961          0          0          0          0       3.28       3.28 0.802 0.556 0.394 0.363 0.337 0.791 0.707 0.778 0.913 1.039 0.687 0.556 0.556 0.559 0.556 0.556 0.556 0.556 0.556 0.556 0.556 0.556 0.556 0.556 0.556 0.556 0.556 0.556 0.556 0.556 0.556 0.556 0.556 0.394 0.394 0.396 0.394 0.394 0.394 0.394 0.394 0.394 0.394 0.394 0.394 0.394 0.394 0.394 0.394 0.394 0.394 0.394 0.394 0.394 0.394 0.363 0.363 0.364 0.363 0.363 0.363 0.363 0.363 0.363 0.363 0.363 0.363 0.363 0.363 0.363 0.363 0.363 0.363 0.363 0.363 0.363 0.363 0.337 0.338 0.338 0.338 0.338 0.338 0.338 0.338 0.338 0.338 0.338 0.338 0.338 0.338 0.338 0.338 0.338 0.338 0.338 0.338 0.338 0.338 0.791 0.790 0.795 0.790 0.790 0.790 0.790 0.790 0.790 0.790 0.790 0.790 0.790 0.790 0.790 0.790 0.790 0.790 0.790 0.790 0.790 0.790 0.707 0.706 0.713 0.706 0.706 0.706 0.706 0.706 0.706 0.706 0.706 0.706 0.706 0.706 0.706 0.706 0.706 0.706 0.706 0.706 0.706 0.706 0.778 0.778 0.782 0.778 0.778 0.778 0.778 0.778 0.778 0.778 0.778 0.778 0.778 0.778 0.778 0.778 0.778 0.778 0.778 0.778 0.778 0.778 0.913 0.914 0.916 0.914 0.914 0.914 0.914 0.914 0.914 0.914 0.914 0.914 0.914 0.914 0.914 0.914 0.914 0.914 0.914 0.914 0.914 0.914 1.039 1.039 1.041 1.039 1.039 1.039 1.039 1.039 1.039 1.039 1.039 1.039 1.039 1.039 1.039 1.039 1.039 1.039 1.039 1.039 1.039 1.039 0.687 0.687 0.692 0.687 0.687 0.687 0.687 0.687 0.687 0.687 0.687 0.687 0.687 0.687 0.687 0.687 0.687 0.687 0.687 0.687 0.687 0.687
0.0152 0.01508 9.00000 2.0652296543 2.5712147781    2.062  1.577  3.8950  3.708    2  0.000  0.545     0.00     0.00     0.00     0.00     0.00 -1  -4.9e-12      0.00 7.092e-01 2.756e-01 2.746e-03 7.408e-04 6.719e-03 -1.000 1.527e-02       7853          0          0          0          0      3.329      3.329 0.828 0.560 0.384 0.346 0.319 0.807 0.741 0.791 0.917 1.038 0.714 0.560 0.560 0.563 0.560 0.560 0.560 0.560 0.560 0.560 0.560 0.560 0.560 0.560 0.560 0.560 0.560 0.560 0.560 0.560 0.560 0.560 0.560 0.384 0.385 0.386 0.385 0.385 0.385 0.385 0.385 0.385 0.385 0.385 0.385 0.385 0.385 0.385 0.385 0.385 0.385 0.385 0.385 0.385 0.385 0.346 0.345 0.346 0.345 0.345 0.345 0.345 0.345 0.345 0.345 0.345 0.345 0.345 0.345 0.345 0.345 0.345 0.345 0.345 0.345 0.345 0.345 0.319 0.320 0.319 0.320 0.320 0.320 0.320 0.320 0.320 0.320 0.320 0.320 0.320 0.320 0.320 0.320 0.320 0.320 0.320 0.320 0.320 0.320 0.807 0.807 0.812 0.807 0.807 0.807 0.807 0.807 0.807 0.807 0.807 0.807 0.807 0.807 0.807 0.807 0.807 0.807 0.807 0.807 0.807 0.807 0.741 0.740 0.748 0.740 0.740 0.740 0.740 0.740 0.740 0.740 0.740 0.740 0.740 0.740 0.740 0.740 0.740 0.740 0.740 0.740 0.740 0.740 0.791 0.791 0.795 0.791 0.791 0.791 0.791 0.791 0.791 0.791 0.791 0.791 0.791 0.791 0.791 0.791 0.791 0.791 0.791 0.791 0.791 0.791 0.917 0.917 0.919 0.917 0.917 0.917 0.917 0.917 0.917 0.917 0.917 0.917 0.917 0.917 0.917 0.917 0.917 0.917 0.917 0.917 0.917 0.917 1.038 1.038 1.040 1.038 1.038 1.038 1.038 1.038 1.038 1.038 1.038 1.038 1.038 1.038 1.038 1.038 1.038 1.038 1.038 1.038 1.038 1.038 0.714 0.713 0.719 0.713 0.713 0.713 0.713 0.713 0.713 0.713 0.713 0.713 0.713 0.713 0.713 0.713 0.713 0.713 0.713 0.713 0.713 0.713
0.0152 0.01508 9.00000 2.0652883053 2.5712170937    2.062  1.574  3.8896  3.689    2  0.000  0.545     0.00     0.00     0.00     0.00     0.00 -1 -4.92e-12      0.00 7.092e-01 2.756e-01 2.746e-03 7.408e-04 6.719e-03 -1.000 1.527e-02       7755          0          0          0          0      3.403      3.403 0.835 0.546 0.358 0.312 0.284 0.805 0.755 0.786 0.902 1.019 0.721 0.546 0.547 0.549 0.547 0.547 0.547 0.547 0.547 0.547 0.547 0.547 0.547 0.547 0.547 0.547 0.547 0.547 0.547 0.547 0.547 0.547 0.547 0.358 0.358 0.359 0.358 0.358 0.358 0.358 0.358 0.358 0.358 0.358 0.358 0.358 0.358 0.358 0.358 0.358 0.358 0.358 0.358 0.358 0.358 0.312 0.311 0.312 0.311 0.311 0.311 0.311 0.311 0.311 0.311 0.311 0.311 0.311 0.311 0.311 0.311 0.311 0.311 0.311 0.311 0.311 0.311 0.284 0.285 0.285 0.285 0.285 0.285 0.285 0.285 0.285 0.285 0.285 0.285 0.285 0.285 0.285 0.285 0.285 0.285 0.285 0.285 0.285 0.285 0.805 0.805 0.809 0.805 0.805 0.805 0.805 0.805 0.805 0.805 0.805 0.805 0.805 0.805 0.805 0.805 0.805 0.805 0.805 0.805 0.805 0.805 0.755 0.754 0.762 0.754 0.754 0.754 0.754 0.754 0.754 0.754 0.754 0.754 0.754 0.754 0.754 0.754 0.754 0.754 0.754 0.754 0.754 0.754 0.786 0.786 0.790 0.786 0.786 0.786 0.786 0.786 0.786 0.786 0.786 0.786 0.786 0.786 0.786 0.786 0.786 0.786 0.786 0.786 0.786 0.786 0.902 0.903 0.905 0.903 0.903 0.903 0.903 0.903 0.903 0.903 0.903 0.903 0.903 0.903 0.903 0.903 0.903 0.903 0.903 0.903 0.903 0.903 1.019 1.019 1.022 1.019 1.019 1.019 1.019 1.019 1.019 1.019 1.019 1.019 1.019 1.019 1.019 1.019 1.019 1.019 1.019 1.019 1.019 1.019 0.721 0.720 0.727 0.720 0.720 0.720 0.720 0.720 0.720 0.720 0.720 0.720 0.720 0.720 0.720 0.720 0.720 0.720 0.720 0.720 0.720 0.720
0.0152 0.01508 9.00000 2.0653874874 2.5712210092    2.063  1.580  3.8820  3.653    2  0.000  0.545     0.00     0.00     0.00     0.00     0.00 -1 -5.14e-12      0.00 7.092e-01 2.756e-01 2.746e-03 7.408e-04 6.719e-03 -1.000 1.527e-02       7621          0          0          0          0      3.548      3.548 0.820 0.505 0.297 0.240 0.212 0.780 0.754 0.757 0.860 0.970 0.711 0.505 0.505 0.508 0.505 0.505 0.505 0.505 0.505 0.505 0.505 0.505 0.505 0.505 0.505 0.505 0.505 0.505 0.505 0.505 0.505 0.505 0.505 0.297 0.298 0.299 0.298 0.298 0.298 0.298 0.298 0.298 0.298 0.298 0.298 0.298 0.298 0.298 0.298 0.298 0.298 0.298 0.298 0.298 0.298 0.240 0.240 0.241 0.240 0.240 0.240 0.240 0.240 0.240 0.240 0.240 0.240 0.240 0.240 0.240 0.240 0.240 0.240 0.240 0.240 0.240 0.240 0.212 0.213 0.212 0.213 0.213 0.213 0.213 0.213 0.213 0.213 0.213 0.213 0.213 0.213 0.213 0.213 0.213 0.213 0.213 0.213 0.213 0.213 0.780 0.780 0.785 0.780 0.780 0.780 0.780 0.780 0.780 0.780 0.780 0.780 0.780 0.780 0.780 0.780 0.780 0.780 0.780 0.780 0.780 0.780 0.754 0.753 0.761 0.753 0.753 0.753 0.753 0.753 0.753 0.753 0.753 0.753 0.753 0.753 0.753 0.753 0.753 0.753 0.753 0.753 0.753 0.753 0.757 0.757 0.761 0.757 0.757 0.757 0.757 0.757 0.757 0.757 0.757 0.757 0.757 0.757 0.757 0.757 0.757 0.757 0.757 0.757 0.757 0.757 0.860 0.861 0.863 0.861 0.861 0.861 0.861 0.861 0.861 0.861 0.861 0.861 0.861 0.861 0.861 0.861 0.861 0.861 0.861 0.861 0.861 0.861 0.970 0.971 0.973 0.971 0.971 0.971 0.971 0.971 0.971 0.971 0.971 0.971 0.971 0.971 0.971 0.971 0.971 0.971 0.971 0.971 0.971 0.971 0.711 0.710 0.717 0.710 0.710 0.710 0.710 0.710 0.710 0.710 0.710 0.710 0.710 0.710 0.710 0.710 0.710 0.710 0.710 0.710 0.710 0.710
0.0152 0.01508 9.00000 2.0654668808 2.5712241432    2.063  1.586  3.8769  3.626    2  0.000  0.545     0.00     0.00     0.00     0.00     0.00 -1 -5.37e-12      0.00 7.092e-01 2.756e-01 2.746e-03 7.408e-04 6.719e-03 -1.000 1.527e-02       7532          0          0          0          0      3.659      3.659 0.805 0.471 0.251 0.186 0.157 0.758 0.748 0.732 0.826 0.932 0.698 0.471 0.472 0.475 0.472 0.472 0.472 0.472 0.472 0.472 0.472 0.472 0.472 0.472 0.472 0.472 0.472 0.472 0.472 0.472 0.472 0.472 0.472 0.251 0.252 0.253 0.252 0.252 0.252 0.252 0.252 0.252 0.252 0.252 0.252 0.252 0.252 0.252 0.252 0.252 0.252 0.252 0.252 0.252 0.252 0.186 0.186 0.187 0.186 0.186 0.186 0.186 0.186 0.186 0.186 0.186 0.186 0.186 0.186 0.186 0.186 0.186 0.186 0.186 0.186 0.186 0.186 0.157 0.158 0.157 0.158 0.158 0.158 0.158 0.158 0.158 0.158 0.158 0.158 0.158 0.158 0.158 0.158 0.158 0.158 0.158 0.158 0.158 0.158 0.758 0.758 0.763 0.758 0.758 0.758 0.758 0.758 0.758 0.758 0.758 0.758 0.758 0.758 0.758 0.758 0.758 0.758 0.758 0.758 0.758 0.758 0.748 0.746 0.755 0.746 0.746 0.746 0.746 0.746 0.746 0.746 0.746 0.746 0.746 0.746 0.746 0.746 0.746 0.746 0.746 0.746 0.746 0.746 0.732 0.732 0.736 0.732 0.732 0.732 0.732 0.732 0.732 0.732 0.732 0.732 0.732 0.732 0.732 0.732 0.732 0.732 0.732 0.732 0.732 0.732 0.826 0.827 0.829 0.827 0.827 0.827 0.827 0.827 0.827 0.827 0.827 0.827 0.827 0.827 0.827 0.827 0.827 0.827 0.827 0.827 0.827 0.827 0.932 0.933 0.935 0.933 0.933 0.933 0.933 0.933 0.933 0.933 0.933 0.933 0.933 0.933 0.933 0.933 0.933 0.933 0.933 0.933 0.933 0.933 0.698 0.698 0.705 0.698 0.698 0.698 0.698 0.698 0.698 0.698 0.698 0.698 0.698 0.698 0.698 0.698 0.698 0.698 0.698 0.698 0.698 0.698
0.0152 0.01508 9.00000 2.0656104088 2.5712298080    2.063  1.595  3.8691  3.586    2  0.000  0.545     0.00     0.00     0.00     0.00     0.00 -1 -5.74e-12      0.00 7.092e-01 2.756e-01 2.746e-03 7.408e-04 6.719e-03 -1.000 1.527e-02       7398          0          0          0          0       3.83       3.83 0.783 0.424 0.184 0.107 0.076 0.728 0.742 0.698 0.778 0.877 0.684 0.424 0.426 0.428 0.426 0.426 0.426 0.426 0.426 0.426 0.426 0.426 0.426 0.426 0.426 0.426 0.426 0.426 0.426 0.426 0.426 0.426 0.426 0.184 0.185 0.186 0.185 0.185 0.185 0.185 0.185 0.185 0.185 0.185 0.185 0.185 0.185 0.185 0.185 0.185 0.185 0.185 0.185 0.185 0.185 0.107 0.107 0.107 0.107 0.107 0.107 0.107 0.107 0.107 0.107 0.107 0.107 0.107 0.107 0.107 0.107 0.107 0.107 0.107 0.107 0.107 0.107 0.076 0.078 0.077 0.078 0.078 0.078 0.078 0.078 0.078 0.078 0.078 0.078 0.078 0.078 0.078 0.078 0.078 0.078 0.078 0.078 0.078 0.078 0.728 0.728 0.733 0.728 0.728 0.728 0.728 0.728 0.728 0.728 0.728 0.728 0.728 0.728 0.728 0.728 0.728 0.728 0.728 0.728 0.728 0.728 0.742 0.740 0.749 0.740 0.740 0.740 0.740 0.740 0.740 0.740 0.740 0.740 0.740 0.740 0.740 0.740 0.740 0.740 0.740 0.740 0.740 0.740 0.698 0.699 0.703 0.699 0.699 0.699 0.699 0.699 0.699 0.699 0.699 0.699 0.699 0.699 0.699 0.699 0.699 0.699 0.699 0.699 0.699 0.699 0.778 0.780 0.782 0.780 0.780 0.780 0.780 0.780 0.780 0.780 0.780 0.780 0.780 0.780 0.780 0.780 0.780 0.780 0.780 0.780 0.780 0.780 0.877 0.879 0.880 0.879 0.879 0.879 0.879 0.879 0.879 0.879 0.879 0.879 0.879 0.879 0.879 0.879 0.879 0.879 0.879 0.879 0.879 0.879 0.684 0.683 0.690 0.683 0.683 0.683 0.683 0.683 0.683 0.683 0.683 0.683 0.683 0.683 0.683 0.683 0.683 0.683 0.683 0.683 0.683 0.683
0.0152 0.01508 9.00000 2.0657217503 2.5712342019    2.063  1.598  3.8638  3.561    2  0.000  0.545     0.00     0.00     0.00     0.00     0.00 -1 -5.98e-12      0.00 7.092e-01 2.756e-01 2.746e-03 7.408e-04 6.719e-03 -1.000 1.527e-02       7309          0          0          0          0      3.942      3.942 0.774 0.398 0.144 0.058 0.027 0.713 0.743 0.681 0.752 0.846 0.679 0.398 0.400 0.402 0.400 0.400 0.400 0.400 0.400 0.400 0.400 0.400 0.400 0.400 0.400 0.400 0.400 0.400 0.400 0.400 0.400 0.400 0.400 0.144 0.146 0.146 0.146 0.146 0.146 0.146 0.146 0.146 0.146 0.146 0.146 0.146 0.146 0.146 0.146 0.146 0.146 0.146 0.146 0.146 0.146 0.058 0.058 0.059 0.058 0.058 0.058 0.058 0.058 0.058 0.058 0.058 0.058 0.058 0.058 0.058 0.058 0.058 0.058 0.058 0.058 0.058 0.058 0.027 0.029 0.028 0.029 0.029 0.029 0.029 0.029 0.029 0.029 0.029 0.029 0.029 0.029 0.029 0.029 0.029 0.029 0.029 0.029 0.029 0.029 0.713 0.713 0.718 0.713 0.713 0.713 0.713 0.713 0.713 0.713 0.713 0.713 0.713 0.713 0.713 0.713 0.713 0.713 0.713 0.713 0.713 0.713 0.743 0.741 0.751 0.741 0.741 0.741 0.741 0.741 0.741 0.741 0.741 0.741 0.741 0.741 0.741 0.741 0.741 0.741 0.741 0.741 0.741 0.741 0.681 0.682 0.686 0.682 0.682 0.682 0.682 0.682 0.682 0.682 0.682 0.682 0.682 0.682 0.682 0.682 0.682 0.682 0.682 0.682 0.682 0.682 0.752 0.754 0.756 0.754 0.754 0.754 0.754 0.754 0.754 0.754 0.754 0.754 0.754 0.754 0.754 0.754 0.754 0.754 0.754 0.754 0.754 0.754 0.846 0.848 0.849 0.848 0.848 0.848 0.848 0.848 0.848 0.848 0.848 0.848 0.848 0.848 0.848 0.848 0.848 0.848 0.848 0.848 0.848 0.848 0.679 0.678 0.686 0.678 0.678 0.678 0.678 0.678 0.678 0.678 0.678 0.678 0.678 0.678 0.678 0.678 0.678 0.678 0.678 0.678 0.678 0.678
0.0152 0.01508 9.00000 2.0658428669 2.5712389809    2.063  1.601  3.8587  3.539    2  0.000  0.545     0.00     0.00     0.00     0.00     0.00 -1 -6.18e-12      0.00 7.092e-01 2.756e-01 2.746e-03 7.408e-04 6.719e-03 -1.000 1.527e-02       7223          0          0          0          0      4.047      4.047 0.768 0.376 0.108 0.014 -0.018 0.702 0.750 0.668 0.729 0.818 0.680 0.376 0.378 0.380 0.378 0.378 0.378 0.378 0.378 0.378 0.378 0.378 0.378 0.378 0.378 0.378 0.378 0.378 0.378 0.378 0.378 0.378 0.378 0.108 0.111 0.111 0.111 0.111 0.111 0.111 0.111 0.111 0.111 0.111 0.111 0.111 0.111 0.111 0.111 0.111 0.111 0.111 0.111 0.111 0.111 0.014 0.015 0.015 0.015 0.015 0.015 0.015 0.015 0.015 0.015 0.015 0.015 0.015 0.015 0.015 0.015 0.015 0.015 0.015 0.015 0.015 0.015 -0.018 -0.016 -0.017 -0.016 -0.016 -0.016 -0.016 -0.016 -0.016 -0.016 -0.016 -0.016 -0.016 -0.016 -0.016 -0.016 -0.016 -0.016 -0.016 -0.016 -0.016 -0.016 0.702 0.703 0.709 0.703 0.703 0.703 0.703 0.703 0.703 0.703 0.703 0.703 0.703 0.703 0.703 0.703 0.703 0.703 0.703 0.703 0.703 0.703 0.750 0.749 0.759 0.749 0.749 0.749 0.749 0.749 0.749 0.749 0.749 0.749 0.749 0.749 0.749 0.749 0.749 0.749 0.749 0.749 0.749 0.749 0.668 0.669 0.674 0.669 0.669 0.669 0.669 0.669 0.669 0.669 0.669 0.669 0.669 0.669 0.669 0.669 0.669 0.669 0.669 0.669 0.669 0.669 0.729 0.732 0.733 0.732 0.732 0.732 0.732 0.732 0.732 0.732 0.732 0.732 0.732 0.732 0.732 0.732 0.732 0.732 0.732 0.732 0.732 0.732 0.818 0.820 0.822 0.820 0.820 0.820 0.820 0.820 0.820 0.820 0.820 0.820 0.820 0.820 0.820 0.820 0.820 0.820 0.820 0.820 0.820 0.820 0.680 0.679 0.688 0.679 0.679 0.679 0.679 0.679 0.679 0.679 0.679 0.679 0.679 0.679 0.679 0.679 0.679 0.679 0.679 0.679 0.679 0.679
0.0152 0.01508 9.00000 2.0660512447 2.5712472016    2.063  1.603  3.8507  3.505    2  0.000  0.545     0.00     0.00     0.00     0.00     0.00 -1 -6.47e-12      0.00 7.092e-01 2.756e-01 2.746e-03 7.408e-04 6.719e-03 -1.000 1.527e-02       7091          0          0          0          0      4.207      4.207 0.763 0.342 0.056 -0.051 -0.088 0.693 0.777 0.653 0.694 0.773 0.694 0.342 0.345 0.347 0.345 0.345 0.345 0.345 0.345 0.345 0.345 0.345 0.345 0.345 0.345 0.345 0.345 0.345 0.345 0.345 0.345 0.345 0.345 0.056 0.058 0.059 0.058 0.058 0.058 0.058 0.058 0.058 0.058 0.058 0.058 0.058 0.058 0.058 0.058 0.058 0.058 0.058 0.058 0.058 0.058 -0.051 -0.050 -0.049 -0.050 -0.050 -0.050 -0.050 -0.050 -0.050 -0.050 -0.050 -0.050 -0.050 -0.050 -0.050 -0.050 -0.050 -0.050 -0.050 -0.050 -0.050 -0.050 -0.088 -0.086 -0.087 -0.086 -0.086 -0.086 -0.086 -0.086 -0.086 -0.086 -0.086 -0.086 -0.086 -0.086 -0.086 -0.086 -0.086 -0.086 -0.086 -0.086 -0.086 -0.086 0.693 0.695 0.700 0.695 0.695 0.695 0.695 0.695 0.695 0.695 0.695 0.695 0.695 0.695 0.695 0.695 0.695 0.695 0.695 0.695 0.695 0.695 0.777 0.777 0.787 0.777 0.777 0.777 0.777 0.777 0.777 0.777 0.777 0.777 0.777 0.777 0.777 0.777 0.777 0.777 0.777 0.777 0.777 0.777 0.653 0.655 0.660 0.655 0.655 0.655 0.655 0.655 0.655 0.655 0.655 0.655 0.655 0.655 0.655 0.655 0.655 0.655 0.655 0.655 0.655 0.655 0.694 0.697 0.699 0.697 0.697 0.697 0.697 0.697 0.697 0.697 0.697 0.697 0.697 0.697 0.697 0.697 0.697 0.697 0.697 0.697 0.697 0.697 0.773 0.775 0.777 0.775 0.775 0.775 0.775 0.775 0.775 0.775 0.775 0.775 0.775 0.775 0.775 0.775 0.775 0.775 0.775 0.775 0.775 0.775 0.694 0.695 0.703 0.695 0.695 0.695 0.695 0.695 0.695 0.695 0.695 0.695 0.695 0.695 0.695 0.695 0.695 0.695 0.695 0.695 0.695 0.695
0.0152 0.01508 9.00000 2.0662093163 2.5712534364    2.063  1.603  3.8453  3.483    2  0.000  0.545     0.00     0.00     0.00     0.00     0.00 -1 -6.64e-12      0.00 7.092e-01 2.756e-01 2.746e-03 7.408e-04 6.719e-03 -1.000 1.527e-02       7004          0          0          0          0      4.314      4.314 0.763 0.325 0.025 -0.091 -0.131 0.690 0.795 0.647 0.676 0.749 0.705 0.325 0.327 0.330 0.327 0.327 0.327 0.327 0.327 0.327 0.327 0.327 0.327 0.327 0.327 0.327 0.327 0.327 0.327 0.327 0.327 0.327 0.327 0.025 0.027 0.028 0.027 0.027 0.027 0.027 0.027 0.027 0.027 0.027 0.027 0.027 0.027 0.027 0.027 0.027 0.027 0.027 0.027 0.027 0.027 -0.091 -0.090 -0.089 -0.090 -0.090 -0.090 -0.090 -0.090 -0.090 -0.090 -0.090 -0.090 -0.090 -0.090 -0.090 -0.090 -0.090 -0.090 -0.090 -0.090 -0.090 -0.090 -0.131 -0.129 -0.129 -0.129 -0.129 -0.129 -0.129 -0.129 -0.129 -0.129 -0.129 -0.129 -0.129 -0.129 -0.129 -0.129 -0.129 -0.129 -0.129 -0.129 -0.129 -0.129 0.690 0.691 0.697 0.691 0.691 0.691 0.691 0.691 0.691 0.691 0.691 0.691 0.691 0.691 0.691 0.691 0.691 0.691 0.691 0.691 0.691 0.691 0.795 0.796 0.805 0.796 0.796 0.796 0.796 0.796 0.796 0.796 0.796 0.796 0.796 0.796 0.796 0.796 0.796 0.796 0.796 0.796 0.796 0.796 0.647 0.649 0.654 0.649 0.649 0.649 0.649 0.649 0.649 0.649 0.649 0.649 0.649 0.649 0.649 0.649 0.649 0.649 0.649 0.649 0.649 0.649 0.676 0.679 0.681 0.679 0.679 0.679 0.679 0.679 0.679 0.679 0.679 0.679 0.679 0.679 0.679 0.679 0.679 0.679 0.679 0.679 0.679 0.679 0.749 0.751 0.753 0.751 0.751 0.751 0.751 0.751 0.751 0.751 0.751 0.751 0.751 0.751 0.751 0.751 0.751 0.751 0.751 0.751 0.751 0.751 0.705 0.706 0.714 0.706 0.706 0.706 0.706 0.706 0.706 0.706 0.706 0.706 0.706 0.706 0.706 0.706 0.706 0.706 0.706 0.706 0.706 0.706
0.0152 0.01508 9.00000 2.0663809776 2.5712602059    2.063  1.602  3.8399  3.462    2  0.000  0.545     0.00     0.00     0.00     0.00     0.00 -1 -6.81e-12      0.00 7.092e-01 2.756e-01 2.746e-03 7.408e-04 6.719e-03 -1.000 1.527e-02       6917          0          0          0          0       4.42       4.42 0.764 0.310 -0.004 -0.130 -0.171 0.688 0.814 0.643 0.660 0.727 0.717 0.310 0.312 0.315 0.312 0.312 0.312 0.312 0.312 0.312 0.312 0.312 0.312 0.312 0.312 0.312 0.312 0.312 0.312 0.312 0.312 0.312 0.312 -0.004 -0.002 -0.000 -0.002 -0.002 -0.002 -0.002 -0.002 -0.002 -0.002 -0.002 -0.002 -0.002 -0.002 -0.002 -0.002 -0.002 -0.002 -0.002 -0.002 -0.002 -0.002 -0.130 -0.128 -0.127 -0.128 -0.128 -0.128 -0.128 -0.128 -0.128 -0.128 -0.128 -0.128 -0.128 -0.128 -0.128 -0.128 -0.128 -0.128 -0.128 -0.128 -0.128 -0.128 -0.171 -0.169 -0.168 -0.169 -0.169 -0.169 -0.169 -0.169 -0.169 -0.169 -0.169 -0.169 -0.169 -0.169 -0.169 -0.169 -0.169 -0.169 -0.169 -0.169 -0.169 -0.169 0.688 0.690 0.695 0.690 0.690 0.690 0.690 0.690 0.690 0.690 0.690 0.690 0.690 0.690 0.690 0.690 0.690 0.690 0.690 0.690 0.690 0.690 0.814 0.816 0.825 0.816 0.816 0.816 0.816 0.816 0.816 0.816 0.816 0.816 0.816 0.816 0.816 0.816 0.816 0.816 0.816 0.816 0.816 0.816 0.643 0.645 0.650 0.645 0.645 0.645 0.645 0.645 0.645 0.645 0.645 0.645 0.645 0.645 0.645 0.645 0.645 0.645 0.645 0.645 0.645 0.645 0.660 0.663 0.666 0.663 0.663 0.663 0.663 0.663 0.663 0.663 0.663 0.663 0.663 0.663 0.663 0.663 0.663 0.663 0.663 0.663 0.663 0.663 0.727 0.729 0.732 0.729 0.729 0.729 0.729 0.729 0.729 0.729 0.729 0.729 0.729 0.729 0.729 0.729 0.729 0.729 0.729 0.729 0.729 0.729 0.717 0.719 0.726 0.719 0.719 0.719 0.719 0.719 0.719 0.719 0.719 0.719 0.719 0.719 0.719 0.719 0.719 0.719 0.719 0.719 0.719 0.719
0.0152 0.01508 9.00000 2.0665655136 2.5712674817    2.064  1.601  3.8346  3.442    2  0.000  0.545     0.00     0.00     0.00     0.00     0.00 -1 -6.95e-12      0.00 7.092e-01 2.756e-01 2.746e-03 7.408e-04 6.719e-03 -1.000 1.527e-02       6833          0          0          0          0      4.524      4.524 0.767 0.299 -0.029 -0.164 -0.206 0.688 0.832 0.642 0.650 0.711 0.728 0.299 0.301 0.305 0.301 0.301 0.301 0.301 0.301 0.301 0.301 0.301 0.301 0.301 0.301 0.301 0.301 0.301 0.301 0.301 0.301 0.301 0.301 -0.029 -0.027 -0.025 -0.027 -0.027 -0.027 -0.027 -0.027 -0.027 -0.027 -0.027 -0.027 -0.027 -0.027 -0.027 -0.027 -0.027 -0.027 -0.027 -0.027 -0.027 -0.027 -0.164 -0.163 -0.161 -0.163 -0.163 -0.163 -0.163 -0.163 -0.163 -0.163 -0.163 -0.163 -0.163 -0.163 -0.163 -0.163 -0.163 -0.163 -0.163 -0.163 -0.163 -0.163 -0.206 -0.204 -0.204 -0.204 -0.204 -0.204 -0.204 -0.204 -0.204 -0.204 -0.204 -0.204 -0.204 -0.204 -0.204 -0.204 -0.204 -0.204 -0.204 -0.204 -0.204 -0.204 0.688 0.690 0.696 0.690 0.690 0.690 0.690 0.690 0.690 0.690 0.690 0.690 0.690 0.690 0.690 0.690 0.690 0.690 0.690 0.690 0.690 0.690 0.832 0.834 0.842 0.834 0.834 0.834 0.834 0.834 0.834 0.834 0.834 0.834 0.834 0.834 0.834 0.834 0.834 0.834 0.834 0.834 0.834 0.834 0.642 0.644 0.649 0.644 0.644 0.644 0.644 0.644 0.644 0.644 0.644 0.644 0.644 0.644 0.644 0.644 0.644 0.644 0.644 0.644 0.644 0.644 0.650 0.653 0.656 0.653 0.653 0.653 0.653 0.653 0.653 0.653 0.653 0.653 0.653 0.653 0.653 0.653 0.653 0.653 0.653 0.653 0.653 0.653 0.711 0.713 0.716 0.713 0.713 0.713 0.713 0.713 0.713 0.713 0.713 0.713 0.713 0.713 0.713 0.713 0.713 0.713 0.713 0.713 0.713 0.713 0.728 0.730 0.738 0.730 0.730 0.730 0.730 0.730 0.730 0.730 0.730 0.730 0.730 0.730 0.730 0.730 0.730 0.730 0.730 0.730 0.730 0.730
0.0152 0.01508 9.00000 2.0667612553 2.5712751978    2.064  1.599  3.8291  3.422    2  0.000  0.545     0.00     0.00     0.00     0.00     0.00 -1  -7.1e-12      0.00 7.092e-01 2.756e-01 2.746e-03 7.408e-04 6.719e-03 -1.000 1.527e-02       6747          0          0          0          0      4.631      4.631 0.771 0.289 -0.054 -0.199 -0.242 0.689 0.851 0.641 0.640 0.695 0.741 0.289 0.291 0.295 0.291 0.291 0.291 0.291 0.291 0.291 0.291 0.291 0.291 0.291 0.291 0.291 0.291 0.291 0.291 0.291 0.291 0.291 0.291 -0.054 -0.051 -0.050 -0.051 -0.051 -0.051 -0.051 -0.051 -0.051 -0.051 -0.051 -0.051 -0.051 -0.051 -0.051 -0.051 -0.051 -0.051 -0.051 -0.051 -0.051 -0.051 -0.199 -0.197 -0.196 -0.197 -0.197 -0.197 -0.197 -0.197 -0.197 -0.197 -0.197 -0.197 -0.197 -0.197 -0.197 -0.197 -0.197 -0.197 -0.197 -0.197 -0.197 -0.197 -0.242 -0.240 -0.239 -0.240 -0.240 -0.240 -0.240 -0.240 -0.240 -0.240 -0.240 -0.240 -0.240 -0.240 -0.240 -0.240 -0.240 -0.240 -0.240 -0.240 -0.240 -0.240 0.689 0.692 0.697 0.692 0.692 0.692 0.692 0.692 0.692 0.692 0.692 0.692 0.692 0.692 0.692 0.692 0.692 0.692 0.692 0.692 0.692 0.692 0.851 0.853 0.861 0.853 0.853 0.853 0.853 0.853 0.853 0.853 0.853 0.853 0.853 0.853 0.853 0.853 0.853 0.853 0.853 0.853 0.853 0.853 0.641 0.644 0.648 0.644 0.644 0.644 0.644 0.644 0.644 0.644 0.644 0.644 0.644 0.644 0.644 0.644 0.644 0.644 0.644 0.644 0.644 0.644 0.640 0.643 0.646 0.643 0.643 0.643 0.643 0.643 0.643 0.643 0.643 0.643 0.643 0.643 0.643 0.643 0.643 0.643 0.643 0.643 0.643 0.643 0.695 0.697 0.701 0.697 0.697 0.697 0.697 0.697 0.697 0.697 0.697 0.697 0.697 0.697 0.697 0.697 0.697 0.697 0.697 0.697 0.697 0.697 0.741 0.743 0.750 0.743 0.743 0.743 0.743 0.743 0.743 0.743 0.743 0.743 0.743 0.743 0.743 0.743 0.743 0.743 0.743 0.743 0.743 0.743
0.0152 0.01508 9.00000 2.0670707226 2.5712873933    2.064  1.596  3.8209  3.392    2  0.000  0.545     0.00     0.00     0.00     0.00     0.00 -1 -7.29e-12      0.00 7.092e-01 2.756e-01 2.746e-03 7.408e-04 6.719e-03 -1.000 1.527e-02       6621          0          0          0          0      4.789      4.789 0.780 0.278 -0.087 -0.248 -0.292 0.695 0.883 0.644 0.630 0.676 0.763 0.278 0.281 0.284 0.281 0.281 0.281 0.281 0.281 0.281 0.281 0.281 0.281 0.281 0.281 0.281 0.281 0.281 0.281 0.281 0.281 0.281 0.281 -0.087 -0.085 -0.083 -0.085 -0.085 -0.085 -0.085 -0.085 -0.085 -0.085 -0.085 -0.085 -0.085 -0.085 -0.085 -0.085 -0.085 -0.085 -0.085 -0.085 -0.085 -0.085 -0.248 -0.246 -0.245 -0.246 -0.246 -0.246 -0.246 -0.246 -0.246 -0.246 -0.246 -0.246 -0.246 -0.246 -0.246 -0.246 -0.246 -0.246 -0.246 -0.246 -0.246 -0.246 -0.292 -0.289 -0.289 -0.289 -0.289 -0.289 -0.289 -0.289 -0.289 -0.289 -0.289 -0.289 -0.289 -0.289 -0.289 -0.289 -0.289 -0.289 -0.289 -0.289 -0.289 -0.289 0.695 0.697 0.703 0.697 0.697 0.697 0.697 0.697 0.697 0.697 0.697 0.697 0.697 0.697 0.697 0.697 0.697 0.697 0.697 0.697 0.697 0.697 0.883 0.885 0.894 0.885 0.885 0.885 0.885 0.885 0.885 0.885 0.885 0.885 0.885 0.885 0.885 0.885 0.885 0.885 0.885 0.885 0.885 0.885 0.644 0.647 0.652 0.647 0.647 0.647 0.647 0.647 0.647 0.647 0.647 0.647 0.647 0.647 0.647 0.647 0.647 0.647 0.647 0.647 0.647 0.647 0.630 0.633 0.636 0.633 0.633 0.633 0.633 0.633 0.633 0.633 0.633 0.633 0.633 0.633 0.633 0.633 0.633 0.633 0.633 0.633 0.633 0.633 0.676 0.678 0.682 0.679 0.678 0.678 0.678 0.678 0.678 0.678 0.678 0.678 0.678 0.678 0.678 0.678 0.678 0.678 0.678 0.678 0.678 0.678 0.763 0.765 0.772 0.765 0.765 0.765 0.765 0.765 0.765 0.765 0.765 0.765 0.765 0.765 0.765 0.765 0.765 0.765 0.765 0.765 0.765 0.765
0.0152 0.01508 9.00000 2.0672848225 2.5712958282    2.064  1.593  3.8157  3.375    2  0.000  0.545     0.00     0.00     0.00     0.00     0.00 -1  -7.4e-12      0.00 7.092e-01 2.756e-01 2.746e-03 7.408e-04 6.719e-03 -1.000 1.527e-02       6542          0          0          0          0      4.889      4.889 0.787 0.273 -0.107 -0.277 -0.322 0.701 0.909 0.649 0.625 0.666 0.781 0.273 0.276 0.279 0.276 0.276 0.276 0.276 0.276 0.276 0.276 0.276 0.276 0.276 0.276 0.276 0.276 0.276 0.276 0.276 0.276 0.276 0.276 -0.107 -0.104 -0.102 -0.104 -0.104 -0.104 -0.104 -0.104 -0.104 -0.104 -0.104 -0.104 -0.104 -0.104 -0.104 -0.104 -0.104 -0.104 -0.104 -0.104 -0.104 -0.104 -0.277 -0.275 -0.274 -0.275 -0.275 -0.275 -0.275 -0.275 -0.275 -0.275 -0.275 -0.275 -0.275 -0.275 -0.275 -0.275 -0.275 -0.275 -0.275 -0.275 -0.275 -0.275 -0.322 -0.320 -0.320 -0.320 -0.320 -0.320 -0.320 -0.320 -0.320 -0.320 -0.320 -0.320 -0.320 -0.320 -0.320 -0.320 -0.320 -0.320 -0.320 -0.320 -0.320 -0.320 0.701 0.703 0.709 0.703 0.703 0.703 0.703 0.703 0.703 0.703 0.703 0.703 0.703 0.703 0.703 0.703 0.703 0.703 0.703 0.703 0.703 0.703 0.909 0.910 0.919 0.910 0.910 0.910 0.910 0.910 0.910 0.910 0.910 0.910 0.910 0.910 0.910 0.910 0.910 0.910 0.910 0.910 0.910 0.910 0.649 0.651 0.656 0.651 0.651 0.651 0.651 0.651 0.651 0.651 0.651 0.651 0.651 0.651 0.651 0.651 0.651 0.651 0.651 0.651 0.651 0.651 0.625 0.628 0.631 0.628 0.628 0.628 0.628 0.628 0.628 0.628 0.628 0.628 0.628 0.628 0.628 0.628 0.628 0.628 0.628 0.628 0.628 0.628 0.666 0.668 0.671 0.668 0.668 0.668 0.668 0.668 0.668 0.668 0.668 0.668 0.668 0.668 0.668 0.668 0.668 0.668 0.668 0.668 0.668 0.668 0.781 0.783 0.790 0.783 0.783 0.783 0.783 0.783 0.783 0.783 0.783 0.783 0.783 0.783 0.783 0.783 0.783 0.783 0.783 0.783 0.783 0.783
0.0152 0.01508 9.00000 2.0675048828 2.5713044957    2.065  1.590  3.8106  3.358    2  0.000  0.545     0.00     0.00     0.00     0.00     0.00 -1 -7.49e-12      0.00 7.092e-01 2.756e-01 2.746e-03 7.408e-04 6.719e-03 -1.000 1.527e-02       6466          0          0          0          0      4.984      4.984 0.796 0.270 -0.124 -0.304 -0.351 0.709 0.936 0.654 0.622 0.657 0.801 0.270 0.272 0.276 0.272 0.272 0.272 0.272 0.272 0.272 0.272 0.272 0.272 0.272 0.272 0.272 0.272 0.272 0.272 0.272 0.272 0.272 0.272 -0.124 -0.122 -0.120 -0.122 -0.122 -0.122 -0.122 -0.122 -0.122 -0.122 -0.122 -0.122 -0.122 -0.122 -0.122 -0.122 -0.122 -0.122 -0.122 -0.122 -0.122 -0.122 -0.304 -0.302 -0.301 -0.302 -0.302 -0.302 -0.302 -0.302 -0.302 -0.302 -0.302 -0.302 -0.302 -0.302 -0.302 -0.302 -0.302 -0.302 -0.302 -0.302 -0.302 -0.302 -0.351 -0.349 -0.348 -0.349 -0.349 -0.349 -0.349 -0.349 -0.349 -0.349 -0.349 -0.349 -0.349 -0.349 -0.349 -0.349 -0.349 -0.349 -0.349 -0.349 -0.349 -0.349 0.709 0.711 0.716 0.711 0.711 0.711 0.711 0.711 0.711 0.711 0.711 0.711 0.711 0.711 0.711 0.711 0.711 0.711 0.711 0.711 0.711 0.711 0.936 0.937 0.946 0.937 0.937 0.937 0.937 0.937 0.937 0.937 0.937 0.937 0.937 0.937 0.937 0.937 0.937 0.937 0.937 0.937 0.937 0.937 0.654 0.657 0.662 0.657 0.657 0.657 0.657 0.657 0.657 0.657 0.657 0.657 0.657 0.657 0.657 0.657 0.657 0.657 0.657 0.657 0.657 0.657 0.622 0.624 0.628 0.624 0.624 0.624 0.624 0.624 0.624 0.624 0.624 0.624 0.624 0.624 0.624 0.624 0.624 0.624 0.624 0.624 0.624 0.624 0.657 0.659 0.662 0.659 0.659 0.659 0.659 0.659 0.659 0.659 0.659 0.659 0.659 0.659 0.659 0.659 0.659 0.659 0.659 0.659 0.659 0.659 0.801 0.803 0.810 0.803 0.803 0.803 0.803 0.803 0.803 0.803 0.803 0.803 0.803 0.803 0.803 0.803 0.803 0.803 0.803 0.803 0.803 0.803
0.0152 0.01508 9.00000 2.0677344799 2.5713135367    2.065  1.585  3.8057  3.342    2  0.000  0.545     0.00     0.00     0.00     0.00     0.00 -1 -7.57e-12      0.00 7.092e-01 2.756e-01 2.746e-03 7.408e-04 6.719e-03 -1.000 1.527e-02       6392          0          0          0          0      5.075      5.075 0.806 0.270 -0.138 -0.327 -0.377 0.719 0.963 0.663 0.622 0.652 0.822 0.270 0.271 0.275 0.271 0.271 0.271 0.271 0.271 0.271 0.271 0.271 0.271 0.271 0.271 0.271 0.271 0.271 0.271 0.271 0.271 0.271 0.271 -0.138 -0.136 -0.134 -0.136 -0.136 -0.136 -0.136 -0.136 -0.136 -0.136 -0.136 -0.136 -0.136 -0.136 -0.136 -0.136 -0.136 -0.136 -0.136 -0.136 -0.136 -0.136 -0.327 -0.326 -0.325 -0.326 -0.326 -0.326 -0.326 -0.326 -0.326 -0.326 -0.326 -0.326 -0.326 -0.326 -0.326 -0.326 -0.326 -0.326 -0.326 -0.326 -0.326 -0.326 -0.377 -0.375 -0.374 -0.375 -0.375 -0.375 -0.375 -0.375 -0.375 -0.375 -0.375 -0.375 -0.375 -0.375 -0.375 -0.375 -0.375 -0.375 -0.375 -0.375 -0.375 -0.375 0.719 0.721 0.726 0.721 0.721 0.721 0.721 0.721 0.721 0.721 0.721 0.721 0.721 0.721 0.721 0.721 0.721 0.721 0.721 0.721 0.721 0.721 0.963 0.965 0.973 0.965 0.965 0.965 0.965 0.965 0.965 0.965 0.965 0.965 0.965 0.965 0.965 0.965 0.965 0.965 0.965 0.965 0.965 0.965 0.663 0.665 0.670 0.665 0.665 0.665 0.665 0.665 0.665 0.665 0.665 0.665 0.665 0.665 0.665 0.665 0.665 0.665 0.665 0.665 0.665 0.665 0.622 0.624 0.628 0.624 0.624 0.624 0.624 0.624 0.624 0.624 0.624 0.624 0.624 0.624 0.624 0.624 0.624 0.624 0.624 0.624 0.624 0.624 0.652 0.653 0.657 0.653 0.653 0.653 0.653 0.653 0.653 0.653 0.653 0.653 0.653 0.653 0.653 0.653 0.653 0.653 0.653 0.653 0.653 0.653 0.822 0.823 0.831 0.823 0.823 0.823 0.823 0.823 0.823 0.823 0.823 0.823 0.823 0.823 0.823 0.823 0.823 0.823 0.823 0.823 0.823 0.823
0.0152 0.01508 9.00000 2.0679731369 2.5713229319    2.065  1.580  3.8008  3.328    2  0.000  0.545     0.00     0.00     0.00     0.00     0.00 -1 -7.62e-12      0.00 7.092e-01 2.756e-01 2.746e-03 7.408e-04 6.719e-03 -1.000 1.527e-02       6321          0          0          0          0      5.161      5.161 0.819 0.272 -0.150 -0.349 -0.399 0.731 0.993 0.674 0.624 0.649 0.845 0.272 0.273 0.277 0.273 0.273 0.273 0.273 0.273 0.273 0.273 0.273 0.273 0.273 0.273 0.273 0.273 0.273 0.273 0.273 0.273 0.273 0.273 -0.150 -0.148 -0.146 -0.148 -0.148 -0.148 -0.148 -0.148 -0.148 -0.148 -0.148 -0.148 -0.148 -0.148 -0.148 -0.148 -0.148 -0.148 -0.148 -0.148 -0.148 -0.148 -0.349 -0.348 -0.346 -0.348 -0.348 -0.348 -0.348 -0.348 -0.348 -0.348 -0.348 -0.348 -0.348 -0.348 -0.348 -0.348 -0.348 -0.348 -0.348 -0.348 -0.348 -0.348 -0.399 -0.398 -0.397 -0.398 -0.398 -0.398 -0.398 -0.398 -0.398 -0.398 -0.398 -0.398 -0.398 -0.398 -0.398 -0.398 -0.398 -0.398 -0.398 -0.398 -0.398 -0.398 0.731 0.732 0.738 0.732 0.732 0.732 0.732 0.732 0.732 0.732 0.732 0.732 0.732 0.732 0.732 0.732 0.732 0.732 0.732 0.732 0.732 0.732 0.993 0.994 1.003 0.994 0.994 0.994 0.994 0.994 0.994 0.994 0.994 0.994 0.994 0.994 0.994 0.994 0.994 0.994 0.994 0.994 0.994 0.994 0.674 0.675 0.681 0.675 0.675 0.675 0.675 0.675 0.675 0.675 0.675 0.675 0.675 0.675 0.675 0.675 0.675 0.675 0.675 0.675 0.675 0.675 0.624 0.626 0.630 0.626 0.626 0.626 0.626 0.626 0.626 0.626 0.626 0.626 0.626 0.626 0.626 0.626 0.626 0.626 0.626 0.626 0.626 0.626 0.649 0.650 0.654 0.650 0.650 0.650 0.650 0.650 0.650 0.650 0.650 0.650 0.650 0.650 0.650 0.650 0.650 0.650 0.650 0.650 0.650 0.650 0.845 0.846 0.853 0.846 0.846 0.846 0.846 0.846 0.846 0.846 0.846 0.846 0.846 0.846 0.846 0.846 0.846 0.846 0.846 0.846 0.846 0.846
0.0152 0.01508 9.00000 2.0682220459 2.5713327281    2.065  1.575  3.7960  3.314    2  0.000  0.545     0.00     0.00     0.00     0.00     0.00 -1 -7.65e-12      0.00 7.092e-01 2.756e-01 2.746e-03 7.408e-04 6.719e-03 -1.000 1.527e-02       6252          0          0          0          0       5.24       5.24 0.833 0.277 -0.158 -0.367 -0.419 0.746 1.025 0.687 0.631 0.649 0.870 0.277 0.278 0.282 0.278 0.278 0.278 0.278 0.278 0.278 0.278 0.278 0.278 0.278 0.278 0.278 0.278 0.278 0.278 0.278 0.278 0.278 0.278 -0.158 -0.157 -0.155 -0.157 -0.157 -0.157 -0.157 -0.157 -0.157 -0.157 -0.157 -0.157 -0.157 -0.157 -0.157 -0.157 -0.157 -0.157 -0.157 -0.157 -0.157 -0.157 -0.367 -0.366 -0.365 -0.366 -0.366 -0.366 -0.366 -0.366 -0.366 -0.366 -0.366 -0.366 -0.366 -0.366 -0.366 -0.366 -0.366 -0.366 -0.366 -0.366 -0.366 -0.366 -0.419 -0.418 -0.417 -0.418 -0.418 -0.418 -0.418 -0.418 -0.418 -0.418 -0.418 -0.418 -0.418 -0.418 -0.418 -0.418 -0.418 -0.418 -0.418 -0.418 -0.418 -0.418 0.746 0.747 0.753 0.747 0.747 0.747 0.747 0.747 0.747 0.747 0.747 0.747 0.747 0.747 0.747 0.747 0.747 0.747 0.747 0.747 0.747 0.747 1.025 1.025 1.034 1.025 1.025 1.025 1.025 1.025 1.025 1.025 1.025 1.025 1.025 1.025 1.025 1.025 1.025 1.025 1.025 1.025 1.025 1.025 0.687 0.689 0.694 0.689 0.689 0.689 0.689 0.689 0.689 0.689 0.689 0.689 0.689 0.689 0.689 0.689 0.689 0.689 0.689 0.689 0.689 0.689 0.631 0.632 0.636 0.632 0.632 0.632 0.632 0.632 0.632 0.632 0.632 0.632 0.632 0.632 0.632 0.632 0.632 0.632 0.632 0.632 0.632 0.632 0.649 0.650 0.654 0.650 0.650 0.650 0.650 0.650 0.650 0.650 0.650 0.650 0.650 0.650 0.650 0.650 0.650 0.650 0.650 0.650 0.650 0.650 0.870 0.871 0.878 0.871 0.871 0.871 0.871 0.871 0.871 0.871 0.871 0.871 0.871 0.871 0.871 0.871 0.871 0.871 0.871 0.871 0.871 0.871
0.0152 0.01508 9.00000 2.0686345100 2.5713489553    2.066  1.563  3.7887  3.297    2  0.000  0.545     0.00     0.00     0.00     0.00     0.00 -1 -7.64e-12      0.00 7.092e-01 2.756e-01 2.746e-03 7.408e-04 6.719e-03 -1.000 1.527e-02       6146          0          0          0          0      5.349      5.349 0.862 0.292 -0.164 -0.389 -0.443 0.775 1.081 0.715 0.647 0.657 0.916 0.292 0.293 0.297 0.293 0.293 0.293 0.293 0.293 0.293 0.293 0.293 0.293 0.293 0.293 0.293 0.293 0.293 0.293 0.293 0.293 0.293 0.293 -0.164 -0.163 -0.161 -0.163 -0.163 -0.163 -0.163 -0.163 -0.163 -0.163 -0.163 -0.163 -0.163 -0.163 -0.163 -0.163 -0.163 -0.163 -0.163 -0.163 -0.163 -0.163 -0.389 -0.388 -0.387 -0.388 -0.388 -0.388 -0.388 -0.388 -0.388 -0.388 -0.388 -0.388 -0.388 -0.388 -0.388 -0.388 -0.388 -0.388 -0.388 -0.388 -0.388 -0.388 -0.443 -0.442 -0.441 -0.442 -0.442 -0.442 -0.442 -0.442 -0.442 -0.442 -0.442 -0.442 -0.442 -0.442 -0.442 -0.442 -0.442 -0.442 -0.442 -0.442 -0.442 -0.442 0.775 0.776 0.782 0.776 0.776 0.776 0.776 0.776 0.776 0.776 0.776 0.776 0.776 0.776 0.776 0.776 0.776 0.776 0.776 0.776 0.776 0.776 1.081 1.081 1.090 1.081 1.081 1.081 1.081 1.081 1.081 1.081 1.081 1.081 1.081 1.081 1.081 1.081 1.081 1.081 1.081 1.081 1.081 1.081 0.715 0.716 0.721 0.716 0.716 0.716 0.716 0.716 0.716 0.716 0.716 0.716 0.716 0.716 0.716 0.716 0.716 0.716 0.716 0.716 0.716 0.716 0.647 0.648 0.652 0.648 0.648 0.648 0.648 0.648 0.648 0.648 0.648 0.648 0.648 0.648 0.648 0.648 0.648 0.648 0.648 0.648 0.648 0.648 0.657 0.657 0.661 0.657 0.657 0.657 0.657 0.657 0.657 0.657 0.657 0.657 0.657 0.657 0.657 0.657 0.657 0.657 0.657 0.657 0.657 0.657 0.916 0.916 0.924 0.916 0.916 0.916 0.916 0.916 0.916 0.916 0.916 0.916 0.916 0.916 0.916 0.916 0.916 0.916 0.916 0.916 0.916 0.916
0.0152 0.01508 9.00000 2.0689399242 2.5713609661    2.066  1.553  3.7834  3.286    2  0.000  0.545     0.00     0.00     0.00     0.00     0.00 -1 -7.57e-12      0.00 7.092e-01 2.756e-01 2.746e-03 7.408e-04 6.719e-03 -1.000 1.527e-02       6072          0          0          0          0      5.416      5.416 0.889 0.309 -0.163 -0.399 -0.454 0.803 1.128 0.741 0.665 0.668 0.956 0.309 0.310 0.314 0.310 0.310 0.310 0.310 0.310 0.310 0.310 0.310 0.310 0.310 0.310 0.310 0.310 0.310 0.310 0.310 0.310 0.310 0.310 -0.163 -0.162 -0.160 -0.162 -0.162 -0.162 -0.162 -0.162 -0.162 -0.162 -0.162 -0.162 -0.162 -0.162 -0.162 -0.162 -0.162 -0.162 -0.162 -0.162 -0.162 -0.162 -0.399 -0.399 -0.397 -0.399 -0.399 -0.399 -0.399 -0.399 -0.399 -0.399 -0.399 -0.399 -0.399 -0.399 -0.399 -0.399 -0.399 -0.399 -0.399 -0.399 -0.399 -0.399 -0.454 -0.453 -0.453 -0.453 -0.453 -0.453 -0.453 -0.453 -0.453 -0.453 -0.453 -0.453 -0.453 -0.453 -0.453 -0.453 -0.453 -0.453 -0.453 -0.453 -0.453 -0.453 0.803 0.804 0.809 0.804 0.804 0.804 0.804 0.804 0.804 0.804 0.804 0.804 0.804 0.804 0.804 0.804 0.804 0.804 0.804 0.804 0.804 0.804 1.128 1.128 1.137 1.128 1.128 1.128 1.128 1.128 1.128 1.128 1.128 1.128 1.128 1.128 1.128 1.128 1.128 1.128 1.128 1.128 1.128 1.128 0.741 0.742 0.747 0.742 0.742 0.742 0.742 0.742 0.742 0.742 0.742 0.742 0.742 0.742 0.742 0.742 0.742 0.742 0.742 0.742 0.742 0.742 0.665 0.665 0.669 0.665 0.665 0.665 0.665 0.665 0.665 0.665 0.665 0.665 0.665 0.665 0.665 0.665 0.665 0.665 0.665 0.665 0.665 0.665 0.668 0.669 0.673 0.669 0.669 0.669 0.669 0.669 0.669 0.669 0.669 0.669 0.669 0.669 0.669 0.669 0.669 0.669 0.669 0.669 0.669 0.669 0.956 0.956 0.964 0.956 0.956 0.956 0.956 0.956 0.956 0.956 0.956 0.956 0.956 0.956 0.956 0.956 0.956 0.956 0.956 0.956 0.956 0.956
0.0152 0.01508 9.00000 2.0692584515 2.5713734883    2.066  1.539  3.7778  3.277    2  0.000  0.545     0.00     0.00     0.00     0.00     0.00 -1 -7.45e-12      0.00 7.092e-01 2.756e-01 2.746e-03 7.408e-04 6.719e-03 -1.000 1.527e-02       5995          0          0          0          0      5.471      5.471 0.922 0.334 -0.156 -0.403 -0.460 0.838 1.184 0.775 0.690 0.687 1.004 0.334 0.334 0.338 0.334 0.334 0.334 0.334 0.334 0.334 0.334 0.334 0.334 0.334 0.334 0.334 0.334 0.334 0.334 0.334 0.334 0.334 0.334 -0.156 -0.155 -0.153 -0.155 -0.155 -0.155 -0.155 -0.155 -0.155 -0.155 -0.155 -0.155 -0.155 -0.155 -0.155 -0.155 -0.155 -0.155 -0.155 -0.155 -0.155 -0.155 -0.403 -0.404 -0.402 -0.404 -0.404 -0.404 -0.404 -0.404 -0.404 -0.404 -0.404 -0.404 -0.404 -0.404 -0.404 -0.404 -0.404 -0.404 -0.404 -0.404 -0.404 -0.404 -0.460 -0.459 -0.459 -0.459 -0.459 -0.459 -0.459 -0.459 -0.459 -0.459 -0.459 -0.459 -0.459 -0.459 -0.459 -0.459 -0.459 -0.459 -0.459 -0.459 -0.459 -0.459 0.838 0.838 0.844 0.838 0.838 0.838 0.838 0.838 0.838 0.838 0.838 0.838 0.838 0.838 0.838 0.838 0.838 0.838 0.838 0.838 0.838 0.838 1.184 1.184 1.193 1.184 1.184 1.184 1.184 1.184 1.184 1.184 1.184 1.184 1.184 1.184 1.184 1.184 1.184 1.184 1.184 1.184 1.184 1.184 0.775 0.775 0.781 0.775 0.775 0.775 0.775 0.775 0.775 0.775 0.775 0.775 0.775 0.775 0.775 0.775 0.775 0.775 0.775 0.775 0.775 0.775 0.690 0.690 0.694 0.690 0.690 0.690 0.690 0.690 0.690 0.690 0.690 0.690 0.690 0.690 0.690 0.690 0.690 0.690 0.690 0.690 0.690 0.690 0.687 0.687 0.691 0.687 0.687 0.687 0.687 0.687 0.687 0.687 0.687 0.687 0.687 0.687 0.687 0.687 0.687 0.687 0.687 0.687 0.687 0.687 1.004 1.004 1.011 1.004 1.004 1.004 1.004 1.004 1.004 1.004 1.004 1.004 1.004 1.004 1.004 1.004 1.004 1.004 1.004 1.004 1.004 1.004
0.0152 0.01508 9.00000 2.0694200993 2.5713798414    2.066  1.531  3.7750  3.274    2  0.000  0.545     0.00     0.00     0.00     0.00     0.00 -1 -7.37e-12      0.00 7.092e-01 2.756e-01 2.746e-03 7.408e-04 6.719e-03 -1.000 1.527e-02       5956          0          0          0          0      5.493      5.493 0.942 0.349 -0.149 -0.404 -0.460 0.859 1.215 0.795 0.705 0.699 1.031 0.349 0.349 0.353 0.349 0.349 0.349 0.349 0.349 0.349 0.349 0.349 0.349 0.349 0.349 0.349 0.349 0.349 0.349 0.349 0.349 0.349 0.349 -0.149 -0.149 -0.147 -0.149 -0.149 -0.149 -0.149 -0.149 -0.149 -0.149 -0.149 -0.149 -0.149 -0.149 -0.149 -0.149 -0.149 -0.149 -0.149 -0.149 -0.149 -0.149 -0.404 -0.404 -0.403 -0.404 -0.404 -0.404 -0.404 -0.404 -0.404 -0.404 -0.404 -0.404 -0.404 -0.404 -0.404 -0.404 -0.404 -0.404 -0.404 -0.404 -0.404 -0.404 -0.460 -0.460 -0.460 -0.460 -0.460 -0.460 -0.460 -0.460 -0.460 -0.460 -0.460 -0.460 -0.460 -0.460 -0.460 -0.460 -0.460 -0.460 -0.460 -0.460 -0.460 -0.460 0.859 0.859 0.865 0.859 0.859 0.859 0.859 0.859 0.859 0.859 0.859 0.859 0.859 0.859 0.859 0.859 0.859 0.859 0.859 0.859 0.859 0.859 1.215 1.215 1.224 1.215 1.215 1.215 1.215 1.215 1.215 1.215 1.215 1.215 1.215 1.215 1.215 1.215 1.215 1.215 1.215 1.215 1.215 1.215 0.795 0.795 0.801 0.795 0.795 0.795 0.795 0.795 0.795 0.795 0.795 0.795 0.795 0.795 0.795 0.795 0.795 0.795 0.795 0.795 0.795 0.795 0.705 0.705 0.710 0.706 0.705 0.705 0.705 0.705 0.705 0.705 0.705 0.705 0.705 0.705 0.705 0.705 0.705 0.705 0.705 0.705 0.705 0.705 0.699 0.699 0.703 0.699 0.699 0.699 0.699 0.699 0.699 0.699 0.699 0.699 0.699 0.699 0.699 0.699 0.699 0.699 0.699 0.699 0.699 0.699 1.031 1.031 1.039 1.031 1.031 1.031 1.031 1.031 1.031 1.031 1.031 1.031 1.031 1.031 1.031 1.031 1.031 1.031 1.031 1.031 1.031 1.031
0.0152 0.01508 9.00000 2.0697453022 2.5713926191    2.067  1.513  3.7692  3.269    2  0.000  0.545     0.00     0.00     0.00     0.00     0.00 -1 -7.14e-12      0.00 7.092e-01 2.756e-01 2.746e-03 7.408e-04 6.719e-03 -1.000 1.527e-02       5877          0          0          0          0      5.525      5.525 0.987 0.385 -0.131 -0.398 -0.456 0.907 1.285 0.842 0.743 0.730 1.093 0.385 0.385 0.390 0.385 0.385 0.385 0.385 0.385 0.385 0.385 0.385 0.385 0.385 0.385 0.385 0.385 0.385 0.385 0.385 0.385 0.385 0.385 -0.131 -0.130 -0.128 -0.130 -0.130 -0.130 -0.130 -0.130 -0.130 -0.130 -0.130 -0.130 -0.130 -0.130 -0.130 -0.130 -0.130 -0.130 -0.130 -0.130 -0.130 -0.130 -0.398 -0.398 -0.397 -0.398 -0.398 -0.398 -0.398 -0.398 -0.398 -0.398 -0.398 -0.398 -0.398 -0.398 -0.398 -0.398 -0.398 -0.398 -0.398 -0.398 -0.398 -0.398 -0.456 -0.456 -0.455 -0.456 -0.456 -0.456 -0.456 -0.456 -0.456 -0.456 -0.456 -0.456 -0.456 -0.456 -0.456 -0.456 -0.456 -0.456 -0.456 -0.456 -0.456 -0.456 0.907 0.907 0.913 0.907 0.907 0.907 0.907 0.907 0.907 0.907 0.907 0.907 0.907 0.907 0.907 0.907 0.907 0.907 0.907 0.907 0.907 0.907 1.285 1.285 1.294 1.285 1.285 1.285 1.285 1.285 1.285 1.285 1.285 1.285 1.285 1.285 1.285 1.285 1.285 1.285 1.285 1.285 1.285 1.285 0.842 0.842 0.848 0.842 0.842 0.842 0.842 0.842 0.842 0.842 0.842 0.842 0.842 0.842 0.842 0.842 0.842 0.842 0.842 0.842 0.842 0.842 0.743 0.743 0.748 0.743 0.743 0.743 0.743 0.743 0.743 0.743 0.743 0.743 0.743 0.743 0.743 0.743 0.743 0.743 0.743 0.743 0.743 0.743 0.730 0.730 0.734 0.730 0.730 0.730 0.730 0.730 0.730 0.730 0.730 0.730 0.730 0.730 0.730 0.730 0.730 0.730 0.730 0.730 0.730 0.730 1.093 1.093 1.101 1.093 1.093 1.093 1.093 1.093 1.093 1.093 1.093 1.093 1.093 1.093 1.093 1.093 1.093 1.093 1.093 1.093 1.093 1.093
0.0152 0.01508 9.00000 2.0700669289 2.5714052518    2.067  1.491  3.7633  3.267    2  0.000  0.545     0.00     0.00     0.00     0.00     0.00 -1 -6.83e-12      0.00 7.092e-01 2.756e-01 2.746e-03 7.408e-04 6.719e-03 -1.000 1.527e-02       5798          0          0          0          0      5.535      5.535 1.042 0.432 -0.103 -0.384 -0.443 0.965 1.366 0.899 0.791 0.770 1.166 0.432 0.432 0.436 0.432 0.432 0.432 0.432 0.432 0.432 0.432 0.432 0.432 0.432 0.432 0.432 0.432 0.432 0.432 0.432 0.432 0.432 0.432 -0.103 -0.102 -0.100 -0.102 -0.102 -0.102 -0.102 -0.102 -0.102 -0.102 -0.102 -0.102 -0.102 -0.102 -0.102 -0.102 -0.102 -0.102 -0.102 -0.102 -0.102 -0.102 -0.384 -0.384 -0.383 -0.384 -0.384 -0.384 -0.384 -0.384 -0.384 -0.384 -0.384 -0.384 -0.384 -0.384 -0.384 -0.384 -0.384 -0.384 -0.384 -0.384 -0.384 -0.384 -0.443 -0.442 -0.442 -0.442 -0.442 -0.442 -0.442 -0.442 -0.442 -0.442 -0.442 -0.442 -0.442 -0.442 -0.442 -0.442 -0.442 -0.442 -0.442 -0.442 -0.442 -0.442 0.965 0.965 0.972 0.965 0.965 0.965 0.965 0.965 0.965 0.965 0.965 0.965 0.965 0.965 0.965 0.965 0.965 0.965 0.965 0.965 0.965 0.965 1.366 1.366 1.375 1.366 1.366 1.366 1.366 1.366 1.366 1.366 1.366 1.366 1.366 1.366 1.366 1.366 1.366 1.366 1.366 1.366 1.366 1.366 0.899 0.899 0.905 0.899 0.899 0.899 0.899 0.899 0.899 0.899 0.899 0.899 0.899 0.899 0.899 0.899 0.899 0.899 0.899 0.899 0.899 0.899 0.791 0.791 0.795 0.791 0.791 0.791 0.791 0.791 0.791 0.791 0.791 0.791 0.791 0.791 0.791 0.791 0.791 0.791 0.791 0.791 0.791 0.791 0.770 0.770 0.774 0.770 0.770 0.770 0.770 0.770 0.770 0.770 0.770 0.770 0.770 0.770 0.770 0.770 0.770 0.770 0.770 0.770 0.770 0.770 1.166 1.166 1.174 1.166 1.166 1.166 1.166 1.166 1.166 1.166 1.166 1.166 1.166 1.166 1.166 1.166 1.166 1.166 1.166 1.166 1.166 1.166
0.0152 0.01508 9.00000 2.0702178478 2.5714111779    2.067  1.480  3.7605  3.268    2  0.000  0.545     0.00     0.00     0.00     0.00     0.00 -1 -6.67e-12      0.00 7.092e-01 2.756e-01 2.746e-03 7.408e-04 6.719e-03 -1.000 1.527e-02       5760          0          0          0          0      5.533      5.533 1.071 0.456 -0.087 -0.375 -0.434 0.996 1.408 0.929 0.816 0.792 1.204 0.456 0.456 0.461 0.456 0.456 0.456 0.456 0.456 0.456 0.456 0.456 0.456 0.456 0.456 0.456 0.456 0.456 0.456 0.456 0.456 0.456 0.456 -0.087 -0.087 -0.084 -0.087 -0.087 -0.087 -0.087 -0.087 -0.087 -0.087 -0.087 -0.087 -0.087 -0.087 -0.087 -0.087 -0.087 -0.087 -0.087 -0.087 -0.087 -0.087 -0.375 -0.375 -0.374 -0.375 -0.375 -0.375 -0.375 -0.375 -0.375 -0.375 -0.375 -0.375 -0.375 -0.375 -0.375 -0.375 -0.375 -0.375 -0.375 -0.375 -0.375 -0.375 -0.434 -0.433 -0.433 -0.433 -0.433 -0.433 -0.433 -0.433 -0.433 -0.433 -0.433 -0.433 -0.433 -0.433 -0.433 -0.433 -0.433 -0.433 -0.433 -0.433 -0.433 -0.433 0.996 0.996 1.002 0.996 0.996 0.996 0.996 0.996 0.996 0.996 0.996 0.996 0.996 0.996 0.996 0.996 0.996 0.996 0.996 0.996 0.996 0.996 1.408 1.407 1.417 1.407 1.407 1.407 1.407 1.407 1.407 1.407 1.407 1.407 1.407 1.407 1.407 1.407 1.407 1.407 1.407 1.407 1.407 1.407 0.929 0.929 0.935 0.929 0.929 0.929 0.929 0.929 0.929 0.929 0.929 0.929 0.929 0.929 0.929 0.929 0.929 0.929 0.929 0.929 0.929 0.929 0.816 0.816 0.821 0.816 0.816 0.816 0.816 0.816 0.816 0.816 0.816 0.816 0.816 0.816 0.816 0.816 0.816 0.816 0.816 0.816 0.816 0.816 0.792 0.792 0.796 0.792 0.792 0.792 0.792 0.792 0.792 0.792 0.792 0.792 0.792 0.792 0.792 0.792 0.792 0.792 0.792 0.792 0.792 0.792 1.204 1.203 1.212 1.203 1.203 1.203 1.203 1.203 1.203 1.203 1.203 1.203 1.203 1.203 1.203 1.203 1.203 1.203 1.203 1.203 1.203 1.203
0.0152 0.01508 9.00000 2.0704870224 2.5714217452    2.067  1.456  3.7554  3.271    2  0.000  0.545     0.00     0.00     0.00     0.00     0.00 -1  -6.3e-12      0.00 7.092e-01 2.756e-01 2.746e-03 7.408e-04 6.719e-03 -1.000 1.527e-02       5693          0          0          0          0      5.514      5.514 1.130 0.510 -0.051 -0.351 -0.411 1.060 1.492 0.992 0.871 0.840 1.282 0.510 0.510 0.515 0.510 0.510 0.510 0.510 0.510 0.510 0.510 0.510 0.510 0.510 0.510 0.510 0.510 0.510 0.510 0.510 0.510 0.510 0.510 -0.051 -0.050 -0.048 -0.050 -0.050 -0.050 -0.050 -0.050 -0.050 -0.050 -0.050 -0.050 -0.050 -0.050 -0.050 -0.050 -0.050 -0.050 -0.050 -0.050 -0.050 -0.050 -0.351 -0.352 -0.350 -0.352 -0.352 -0.352 -0.352 -0.352 -0.352 -0.352 -0.352 -0.352 -0.352 -0.352 -0.352 -0.352 -0.352 -0.352 -0.352 -0.352 -0.352 -0.352 -0.411 -0.410 -0.410 -0.410 -0.410 -0.410 -0.410 -0.410 -0.410 -0.410 -0.410 -0.410 -0.410 -0.410 -0.410 -0.410 -0.410 -0.410 -0.410 -0.410 -0.410 -0.410 1.060 1.060 1.066 1.060 1.060 1.060 1.060 1.060 1.060 1.060 1.060 1.060 1.060 1.060 1.060 1.060 1.060 1.060 1.060 1.060 1.060 1.060 1.492 1.492 1.502 1.492 1.492 1.492 1.492 1.492 1.492 1.492 1.492 1.492 1.492 1.492 1.492 1.492 1.492 1.492 1.492 1.492 1.492 1.492 0.992 0.992 0.998 0.992 0.992 0.992 0.992 0.992 0.992 0.992 0.992 0.992 0.992 0.992 0.992 0.992 0.992 0.992 0.992 0.992 0.992 0.992 0.871 0.871 0.876 0.871 0.871 0.871 0.871 0.871 0.871 0.871 0.871 0.871 0.871 0.871 0.871 0.871 0.871 0.871 0.871 0.871 0.871 0.871 0.840 0.840 0.844 0.840 0.840 0.840 0.840 0.840 0.840 0.840 0.840 0.840 0.840 0.840 0.840 0.840 0.840 0.840 0.840 0.840 0.840 0.840 1.282 1.281 1.290 1.281 1.281 1.281 1.281 1.281 1.281 1.281 1.281 1.281 1.281 1.281 1.281 1.281 1.281 1.281 1.281 1.281 1.281 1.281
0.0152 0.01508 9.00000 2.0707178116 2.5714308030    2.068  1.433  3.7509  3.276    2  0.000  0.545     0.00     0.00     0.00     0.00     0.00 -1 -5.94e-12      0.00 7.092e-01 2.756e-01 2.746e-03 7.408e-04 6.719e-03 -1.000 1.527e-02       5634          0          0          0          0      5.484      5.484 1.187 0.562 -0.013 -0.326 -0.386 1.121 1.572 1.052 0.924 0.888 1.355 0.562 0.562 0.567 0.562 0.562 0.562 0.562 0.562 0.562 0.562 0.562 0.562 0.562 0.562 0.562 0.562 0.562 0.562 0.562 0.562 0.562 0.562 -0.013 -0.013 -0.011 -0.013 -0.013 -0.013 -0.013 -0.013 -0.013 -0.013 -0.013 -0.013 -0.013 -0.013 -0.013 -0.013 -0.013 -0.013 -0.013 -0.013 -0.013 -0.013 -0.326 -0.326 -0.325 -0.326 -0.326 -0.326 -0.326 -0.326 -0.326 -0.326 -0.326 -0.326 -0.326 -0.326 -0.326 -0.326 -0.326 -0.326 -0.326 -0.326 -0.326 -0.326 -0.386 -0.385 -0.385 -0.385 -0.385 -0.385 -0.385 -0.385 -0.385 -0.385 -0.385 -0.385 -0.385 -0.385 -0.385 -0.385 -0.385 -0.385 -0.385 -0.385 -0.385 -0.385 1.121 1.121 1.127 1.121 1.121 1.121 1.121 1.121 1.121 1.121 1.121 1.121 1.121 1.121 1.121 1.121 1.121 1.121 1.121 1.121 1.121 1.121 1.572 1.571 1.581 1.571 1.571 1.571 1.571 1.571 1.571 1.571 1.571 1.571 1.571 1.571 1.571 1.571 1.571 1.571 1.571 1.571 1.571 1.571 1.052 1.052 1.058 1.052 1.052 1.052 1.052 1.052 1.052 1.052 1.052 1.052 1.052 1.052 1.052 1.052 1.052 1.052 1.052 1.052 1.052 1.052 0.924 0.924 0.929 0.924 0.924 0.924 0.924 0.924 0.924 0.924 0.924 0.924 0.924 0.924 0.924 0.924 0.924 0.924 0.924 0.924 0.924 0.924 0.888 0.887 0.892 0.887 0.887 0.887 0.887 0.887 0.887 0.887 0.887 0.887 0.887 0.887 0.887 0.887 0.887 0.887 0.887 0.887 0.887 0.887 1.355 1.355 1.363 1.355 1.355 1.355 1.355 1.355 1.355 1.355 1.355 1.355 1.355 1.355 1.355 1.355 1.355 1.355 1.355 1.355 1.355 1.355
0.0152 0.01508 9.00000 2.0709216595 2.5714388015    2.068  1.412  3.7469  3.281    2  0.000  0.545     0.00     0.00     0.00     0.00     0.00 -1 -5.62e-12      0.00 7.092e-01 2.756e-01 2.746e-03 7.408e-04 6.719e-03 -1.000 1.527e-02       5582          0          0          0          0       5.45       5.45 1.240 0.612 0.023 -0.300 -0.360 1.179 1.645 1.109 0.975 0.933 1.424 0.612 0.612 0.617 0.612 0.612 0.612 0.612 0.612 0.612 0.612 0.612 0.612 0.612 0.612 0.612 0.612 0.612 0.612 0.612 0.612 0.612 0.612 0.023 0.023 0.025 0.023 0.023 0.023 0.023 0.023 0.023 0.023 0.023 0.023 0.023 0.023 0.023 0.023 0.023 0.023 0.023 0.023 0.023 0.023 -0.300 -0.300 -0.299 -0.300 -0.300 -0.300 -0.300 -0.300 -0.300 -0.300 -0.300 -0.300 -0.300 -0.300 -0.300 -0.300 -0.300 -0.300 -0.300 -0.300 -0.300 -0.300 -0.360 -0.360 -0.359 -0.360 -0.360 -0.360 -0.360 -0.360 -0.360 -0.360 -0.360 -0.360 -0.360 -0.360 -0.360 -0.360 -0.360 -0.360 -0.360 -0.360 -0.360 -0.360 1.179 1.179 1.185 1.179 1.179 1.179 1.179 1.179 1.179 1.179 1.179 1.179 1.179 1.179 1.179 1.179 1.179 1.179 1.179 1.179 1.179 1.179 1.645 1.645 1.654 1.645 1.645 1.645 1.645 1.645 1.645 1.645 1.645 1.645 1.645 1.645 1.645 1.645 1.645 1.645 1.645 1.645 1.645 1.645 1.109 1.109 1.115 1.109 1.109 1.109 1.109 1.109 1.109 1.109 1.109 1.109 1.109 1.109 1.109 1.109 1.109 1.109 1.109 1.109 1.109 1.109 0.975 0.975 0.980 0.975 0.975 0.975 0.975 0.975 0.975 0.975 0.975 0.975 0.975 0.975 0.975 0.975 0.975 0.975 0.975 0.975 0.975 0.975 0.933 0.933 0.937 0.933 0.933 0.933 0.933 0.933 0.933 0.933 0.933 0.933 0.933 0.933 0.933 0.933 0.933 0.933 0.933 0.933 0.933 0.933 1.424 1.424 1.432 1.424 1.424 1.424 1.424 1.424 1.424 1.424 1.424 1.424 1.424 1.424 1.424 1.424 1.424 1.424 1.424 1.424 1.424 1.424
0.0152 0.01508 9.00000 2.0711095333 2.5714461716    2.068  1.391  3.7431  3.287    2  0.000  0.545     0.00     0.00     0.00     0.00     0.00 -1 -5.32e-12      0.00 7.092e-01 2.756e-01 2.746e-03 7.408e-04 6.719e-03 -1.000 1.527e-02       5534          0          0          0          0      5.416      5.416 1.291 0.659 0.058 -0.275 -0.335 1.233 1.714 1.163 1.023 0.976 1.489 0.659 0.659 0.664 0.659 0.659 0.659 0.659 0.659 0.659 0.659 0.659 0.659 0.659 0.659 0.659 0.659 0.659 0.659 0.659 0.659 0.659 0.659 0.058 0.058 0.060 0.058 0.058 0.058 0.058 0.058 0.058 0.058 0.058 0.058 0.058 0.058 0.058 0.058 0.058 0.058 0.058 0.058 0.058 0.058 -0.275 -0.276 -0.274 -0.276 -0.276 -0.276 -0.276 -0.276 -0.276 -0.276 -0.276 -0.276 -0.276 -0.276 -0.276 -0.276 -0.276 -0.276 -0.276 -0.276 -0.276 -0.276 -0.335 -0.335 -0.334 -0.335 -0.335 -0.335 -0.335 -0.335 -0.335 -0.335 -0.335 -0.335 -0.335 -0.335 -0.335 -0.335 -0.335 -0.335 -0.335 -0.335 -0.335 -0.335 1.233 1.233 1.240 1.233 1.233 1.233 1.233 1.233 1.233 1.233 1.233 1.233 1.233 1.233 1.233 1.233 1.233 1.233 1.233 1.233 1.233 1.233 1.714 1.714 1.724 1.714 1.714 1.714 1.714 1.714 1.714 1.714 1.714 1.714 1.714 1.714 1.714 1.714 1.714 1.714 1.714 1.714 1.714 1.714 1.163 1.163 1.169 1.163 1.163 1.163 1.163 1.163 1.163 1.163 1.163 1.163 1.163 1.163 1.163 1.163 1.163 1.163 1.163 1.163 1.163 1.163 1.023 1.023 1.028 1.023 1.023 1.023 1.023 1.023 1.023 1.023 1.023 1.023 1.023 1.023 1.023 1.023 1.023 1.023 1.023 1.023 1.023 1.023 0.976 0.976 0.980 0.976 0.976 0.976 0.976 0.976 0.976 0.976 0.976 0.976 0.976 0.976 0.976 0.976 0.976 0.976 0.976 0.976 0.976 0.976 1.489 1.488 1.497 1.488 1.488 1.488 1.488 1.488 1.488 1.488 1.488 1.488 1.488 1.488 1.488 1.488 1.488 1.488 1.488 1.488 1.488 1.488
0.0152 0.01508 9.00000 2.0712895393 2.5714532316    2.068  1.372  3.7395  3.291    2  0.000  0.545     0.00     0.00     0.00     0.00     0.00 -1 -5.06e-12      0.00 7.092e-01 2.756e-01 2.746e-03 7.408e-04 6.719e-03 -1.000 1.527e-02       5489          0          0          0          0      5.386      5.386 1.339 0.704 0.090 -0.252 -0.312 1.285 1.780 1.214 1.069 1.017 1.551 0.704 0.704 0.709 0.704 0.704 0.704 0.704 0.704 0.704 0.704 0.704 0.704 0.704 0.704 0.704 0.704 0.704 0.704 0.704 0.704 0.704 0.704 0.090 0.090 0.093 0.090 0.090 0.090 0.090 0.090 0.090 0.090 0.090 0.090 0.090 0.090 0.090 0.090 0.090 0.090 0.090 0.090 0.090 0.090 -0.252 -0.253 -0.251 -0.253 -0.253 -0.253 -0.253 -0.253 -0.253 -0.253 -0.253 -0.253 -0.253 -0.253 -0.253 -0.253 -0.253 -0.253 -0.253 -0.253 -0.253 -0.253 -0.312 -0.312 -0.311 -0.312 -0.312 -0.312 -0.312 -0.312 -0.312 -0.312 -0.312 -0.312 -0.312 -0.312 -0.312 -0.312 -0.312 -0.312 -0.312 -0.312 -0.312 -0.312 1.285 1.285 1.292 1.285 1.285 1.285 1.285 1.285 1.285 1.285 1.285 1.285 1.285 1.285 1.285 1.285 1.285 1.285 1.285 1.285 1.285 1.285 1.780 1.780 1.790 1.780 1.780 1.780 1.780 1.780 1.780 1.780 1.780 1.780 1.780 1.780 1.780 1.780 1.780 1.780 1.780 1.780 1.780 1.780 1.214 1.214 1.221 1.214 1.214 1.214 1.214 1.214 1.214 1.214 1.214 1.214 1.214 1.214 1.214 1.214 1.214 1.214 1.214 1.214 1.214 1.214 1.069 1.069 1.074 1.069 1.069 1.069 1.069 1.069 1.069 1.069 1.069 1.069 1.069 1.069 1.069 1.069 1.069 1.069 1.069 1.069 1.069 1.069 1.017 1.017 1.021 1.017 1.017 1.017 1.017 1.017 1.017 1.017 1.017 1.017 1.017 1.017 1.017 1.017 1.017 1.017 1.017 1.017 1.017 1.017 1.551 1.551 1.560 1.551 1.551 1.551 1.551 1.551 1.551 1.551 1.551 1.551 1.551 1.551 1.551 1.551 1.551 1.551 1.551 1.551 1.551 1.551
0.0152 0.01508 9.00000 2.0714693069 2.5714602809    2.068  1.354  3.7359  3.295    2  0.000  0.545     0.00     0.00     0.00     0.00     0.00 -1 -4.82e-12      0.00 7.092e-01 2.756e-01 2.746e-03 7.408e-04 6.719e-03 -1.000 1.527e-02       5444          0          0          0          0      5.364      5.364 1.384 0.748 0.121 -0.232 -0.293 1.337 1.847 1.265 1.114 1.057 1.615 0.748 0.748 0.753 0.748 0.748 0.748 0.748 0.748 0.748 0.748 0.748 0.748 0.748 0.748 0.748 0.748 0.748 0.748 0.748 0.748 0.748 0.748 0.121 0.121 0.123 0.121 0.121 0.121 0.121 0.121 0.121 0.121 0.121 0.121 0.121 0.121 0.121 0.121 0.121 0.121 0.121 0.121 0.121 0.121 -0.232 -0.232 -0.231 -0.232 -0.232 -0.232 -0.232 -0.232 -0.232 -0.232 -0.232 -0.232 -0.232 -0.232 -0.232 -0.232 -0.232 -0.232 -0.232 -0.232 -0.232 -0.232 -0.293 -0.293 -0.292 -0.293 -0.293 -0.293 -0.293 -0.293 -0.293 -0.293 -0.293 -0.293 -0.293 -0.293 -0.293 -0.293 -0.293 -0.293 -0.293 -0.293 -0.293 -0.293 1.337 1.336 1.343 1.336 1.336 1.336 1.336 1.336 1.336 1.336 1.336 1.336 1.336 1.336 1.336 1.336 1.336 1.336 1.336 1.336 1.336 1.336 1.847 1.846 1.857 1.846 1.846 1.846 1.846 1.846 1.846 1.846 1.846 1.846 1.846 1.846 1.846 1.846 1.846 1.846 1.846 1.846 1.846 1.846 1.265 1.265 1.272 1.265 1.265 1.265 1.265 1.265 1.265 1.265 1.265 1.265 1.265 1.265 1.265 1.265 1.265 1.265 1.265 1.265 1.265 1.265 1.114 1.114 1.120 1.114 1.114 1.114 1.114 1.114 1.114 1.114 1.114 1.114 1.114 1.114 1.114 1.114 1.114 1.114 1.114 1.114 1.114 1.114 1.057 1.057 1.061 1.057 1.057 1.057 1.057 1.057 1.057 1.057 1.057 1.057 1.057 1.057 1.057 1.057 1.057 1.057 1.057 1.057 1.057 1.057 1.615 1.614 1.624 1.614 1.614 1.614 1.614 1.614 1.614 1.614 1.614 1.614 1.614 1.614 1.614 1.614 1.614 1.614 1.614 1.614 1.614 1.614
0.0152 0.01508 9.00000 2.0717554092 2.5714714970    2.069  1.331  3.7303  3.296    2  0.000  0.545     0.00     0.00     0.00     0.00     0.00 -1 -4.54e-12      0.00 7.091e-01 2.756e-01 2.746e-03 7.408e-04 6.719e-03 -1.000 1.527e-02       5373          0          0          0          0      5.359      5.359 1.442 0.805 0.157 -0.212 -0.275 1.405 1.940 1.333 1.174 1.107 1.703 0.805 0.805 0.810 0.805 0.805 0.805 0.805 0.805 0.805 0.805 0.805 0.805 0.805 0.805 0.805 0.805 0.805 0.805 0.805 0.805 0.805 0.805 0.157 0.157 0.160 0.157 0.157 0.157 0.157 0.157 0.157 0.157 0.157 0.157 0.157 0.157 0.157 0.157 0.157 0.157 0.157 0.157 0.157 0.157 -0.212 -0.212 -0.211 -0.212 -0.212 -0.212 -0.212 -0.212 -0.212 -0.212 -0.212 -0.212 -0.212 -0.212 -0.212 -0.212 -0.212 -0.212 -0.212 -0.212 -0.212 -0.212 -0.275 -0.274 -0.274 -0.274 -0.274 -0.274 -0.274 -0.274 -0.274 -0.274 -0.274 -0.274 -0.274 -0.274 -0.274 -0.274 -0.274 -0.274 -0.274 -0.274 -0.274 -0.274 1.405 1.405 1.412 1.405 1.405 1.405 1.405 1.405 1.405 1.405 1.405 1.405 1.405 1.405 1.405 1.405 1.405 1.405 1.405 1.405 1.405 1.405 1.940 1.939 1.950 1.939 1.939 1.939 1.939 1.939 1.939 1.939 1.939 1.939 1.939 1.939 1.939 1.939 1.939 1.939 1.939 1.939 1.939 1.939 1.333 1.333 1.340 1.334 1.333 1.333 1.333 1.333 1.333 1.333 1.333 1.333 1.333 1.333 1.333 1.333 1.333 1.333 1.333 1.333 1.333 1.333 1.174 1.174 1.179 1.174 1.174 1.174 1.174 1.174 1.174 1.174 1.174 1.174 1.174 1.174 1.174 1.174 1.174 1.174 1.174 1.174 1.174 1.174 1.107 1.108 1.112 1.108 1.108 1.108 1.108 1.108 1.108 1.108 1.108 1.108 1.108 1.108 1.108 1.108 1.108 1.108 1.108 1.108 1.108 1.108 1.703 1.702 1.712 1.703 1.702 1.702 1.702 1.702 1.702 1.702 1.702 1.702 1.702 1.702 1.702 1.702 1.702 1.702 1.702 1.702 1.702 1.702
0.0152 0.01508 9.00000 2.0718634129 2.5714757301    2.069  1.324  3.7282  3.295    2  0.000  0.545     0.00     0.00     0.00     0.00     0.00 -1 -4.45e-12      0.00 7.091e-01 2.756e-01 2.746e-03 7.408e-04 6.719e-03 -1.000 1.527e-02       5347          0          0          0          0      5.365      5.365 1.461 0.824 0.167 -0.210 -0.273 1.429 1.972 1.356 1.193 1.125 1.735 0.824 0.824 0.829 0.824 0.824 0.824 0.824 0.824 0.824 0.824 0.824 0.824 0.824 0.824 0.824 0.824 0.824 0.824 0.824 0.824 0.824 0.824 0.167 0.168 0.170 0.168 0.168 0.168 0.168 0.168 0.168 0.168 0.168 0.168 0.168 0.168 0.168 0.168 0.168 0.168 0.168 0.168 0.168 0.168 -0.210 -0.209 -0.208 -0.209 -0.209 -0.209 -0.209 -0.209 -0.209 -0.209 -0.209 -0.209 -0.209 -0.209 -0.209 -0.209 -0.209 -0.209 -0.209 -0.209 -0.209 -0.209 -0.273 -0.272 -0.272 -0.272 -0.272 -0.272 -0.272 -0.272 -0.272 -0.272 -0.272 -0.272 -0.272 -0.272 -0.272 -0.272 -0.272 -0.272 -0.272 -0.272 -0.272 -0.272 1.429 1.429 1.435 1.429 1.429 1.429 1.429 1.429 1.429 1.429 1.429 1.429 1.429 1.429 1.429 1.429 1.429 1.429 1.429 1.429 1.429 1.429 1.972 1.971 1.981 1.971 1.971 1.971 1.971 1.971 1.971 1.971 1.971 1.971 1.971 1.971 1.971 1.971 1.971 1.971 1.971 1.971 1.971 1.971 1.356 1.357 1.363 1.357 1.357 1.357 1.357 1.357 1.357 1.357 1.357 1.357 1.357 1.357 1.357 1.357 1.357 1.357 1.357 1.357 1.357 1.357 1.193 1.194 1.199 1.194 1.194 1.194 1.194 1.194 1.194 1.194 1.194 1.194 1.194 1.194 1.194 1.194 1.194 1.194 1.194 1.194 1.194 1.194 1.125 1.125 1.129 1.125 1.125 1.125 1.125 1.125 1.125 1.125 1.125 1.125 1.125 1.125 1.125 1.125 1.125 1.125 1.125 1.125 1.125 1.125 1.735 1.735 1.744 1.735 1.735 1.735 1.735 1.735 1.735 1.735 1.735 1.735 1.735 1.735 1.735 1.735 1.735 1.735 1.735 1.735 1.735 1.735
0.0152 0.01508 9.00000 2.0719907284 2.5714807196    2.069  1.319  3.7258  3.290    2  0.000  0.545     0.00     0.00     0.00     0.00     0.00 -1  -4.4e-12      0.00 7.091e-01 2.756e-01 2.746e-03 7.408e-04 6.719e-03 -1.000 1.527e-02       5318          0          0          0          0      5.396      5.396 1.472 0.836 0.169 -0.217 -0.282 1.445 1.997 1.372 1.205 1.134 1.762 0.836 0.836 0.840 0.836 0.836 0.836 0.836 0.836 0.836 0.836 0.836 0.836 0.836 0.836 0.836 0.836 0.836 0.836 0.836 0.836 0.836 0.836 0.169 0.170 0.172 0.170 0.170 0.170 0.170 0.170 0.170 0.170 0.170 0.170 0.170 0.170 0.170 0.170 0.170 0.170 0.170 0.170 0.170 0.170 -0.217 -0.217 -0.216 -0.217 -0.217 -0.217 -0.217 -0.217 -0.217 -0.217 -0.217 -0.217 -0.217 -0.217 -0.217 -0.217 -0.217 -0.217 -0.217 -0.217 -0.217 -0.217 -0.282 -0.281 -0.281 -0.281 -0.281 -0.281 -0.281 -0.281 -0.281 -0.281 -0.281 -0.281 -0.281 -0.281 -0.281 -0.281 -0.281 -0.281 -0.281 -0.281 -0.281 -0.281 1.445 1.445 1.451 1.445 1.445 1.445 1.445 1.445 1.445 1.445 1.445 1.445 1.445 1.445 1.445 1.445 1.445 1.445 1.445 1.445 1.445 1.445 1.997 1.997 2.006 1.997 1.997 1.997 1.997 1.997 1.997 1.997 1.997 1.997 1.997 1.997 1.997 1.997 1.997 1.997 1.997 1.997 1.997 1.997 1.372 1.372 1.378 1.372 1.372 1.372 1.372 1.372 1.372 1.372 1.372 1.372 1.372 1.372 1.372 1.372 1.372 1.372 1.372 1.372 1.372 1.372 1.205 1.206 1.210 1.206 1.206 1.206 1.206 1.206 1.206 1.206 1.206 1.206 1.206 1.206 1.206 1.206 1.206 1.206 1.206 1.206 1.206 1.206 1.134 1.135 1.138 1.135 1.135 1.135 1.135 1.135 1.135 1.135 1.135 1.135 1.135 1.135 1.135 1.135 1.135 1.135 1.135 1.135 1.135 1.135 1.762 1.762 1.770 1.762 1.762 1.762 1.762 1.762 1.762 1.762 1.762 1.762 1.762 1.762 1.762 1.762 1.762 1.762 1.762 1.762 1.762 1.762
0.0152 0.01508 9.00000 2.0722453594 2.5714906963    2.069  1.316  3.7213  3.275    3  0.000  0.545     0.00     0.00     0.00     0.00     0.00 -1 -4.37e-12      0.00 7.091e-01 2.757e-01 2.746e-03 7.408e-04 6.719e-03 -1.000 1.527e-02       5263          0          0          0          0      5.488      5.488 1.481 0.846 0.160 -0.244 -0.310 1.464 2.034 1.390 1.216 1.140 1.802 0.846 0.846 0.849 0.846 0.846 0.846 0.846 0.846 0.846 0.846 0.846 0.846 0.846 0.846 0.846 0.846 0.846 0.846 0.846 0.846 0.846 0.846 0.160 0.161 0.162 0.161 0.161 0.161 0.161 0.161 0.161 0.161 0.161 0.161 0.161 0.161 0.161 0.161 0.161 0.161 0.161 0.161 0.161 0.161 -0.244 -0.243 -0.243 -0.243 -0.243 -0.243 -0.243 -0.243 -0.243 -0.243 -0.243 -0.243 -0.243 -0.243 -0.243 -0.243 -0.243 -0.243 -0.243 -0.243 -0.243 -0.243 -0.310 -0.310 -0.309 -0.310 -0.310 -0.310 -0.310 -0.310 -0.310 -0.310 -0.310 -0.310 -0.310 -0.310 -0.310 -0.310 -0.310 -0.310 -0.310 -0.310 -0.310 -0.310 1.464 1.464 1.468 1.464 1.464 1.464 1.464 1.464 1.464 1.464 1.464 1.464 1.464 1.464 1.464 1.464 1.464 1.464 1.464 1.464 1.464 1.464 2.034 2.034 2.040 2.034 2.034 2.034 2.034 2.034 2.034 2.034 2.034 2.034 2.034 2.034 2.034 2.034 2.034 2.034 2.034 2.034 2.034 2.034 1.390 1.390 1.394 1.390 1.390 1.390 1.390 1.390 1.390 1.390 1.390 1.390 1.390 1.390 1.390 1.390 1.390 1.390 1.390 1.390 1.390 1.390 1.216 1.216 1.219 1.216 1.216 1.216 1.216 1.216 1.216 1.216 1.216 1.216 1.216 1.216 1.216 1.216 1.216 1.216 1.216 1.216 1.216 1.216 1.140 1.140 1.143 1.140 1.140 1.140 1.140 1.140 1.140 1.140 1.140 1.140 1.140 1.140 1.140 1.140 1.140 1.140 1.140 1.140 1.140 1.140 1.802 1.802 1.808 1.802 1.802 1.802 1.802 1.802 1.802 1.802 1.802 1.802 1.802 1.802 1.802 1.802 1.802 1.802 1.802 1.802 1.802 1.802
0.0152 0.01508 9.00000 2.0726273060 2.5715056561    2.070  1.329  3.7152  3.238    3  0.000  0.544     0.00     0.00     0.00     0.00     0.00 -1 -4.59e-12      0.00 7.088e-01 2.759e-01 2.743e-03 7.410e-04 6.719e-03 -1.000 1.527e-02       5190          0          0          0          0       5.73       5.73 1.448 0.814 0.104 -0.324 -0.393 1.445 2.039 1.369 1.185 1.103 1.815 0.814 0.814 0.816 0.814 0.814 0.814 0.814 0.814 0.814 0.814 0.814 0.814 0.814 0.814 0.814 0.814 0.814 0.814 0.814 0.814 0.814 0.814 0.104 0.105 0.105 0.105 0.105 0.105 0.105 0.105 0.105 0.105 0.105 0.105 0.105 0.105 0.105 0.105 0.105 0.105 0.105 0.105 0.105 0.105 -0.324 -0.323 -0.323 -0.323 -0.323 -0.323 -0.323 -0.323 -0.323 -0.323 -0.323 -0.323 -0.323 -0.323 -0.323 -0.323 -0.323 -0.323 -0.323 -0.323 -0.323 -0.323 -0.393 -0.393 -0.393 -0.393 -0.393 -0.393 -0.393 -0.393 -0.393 -0.393 -0.393 -0.393 -0.393 -0.393 -0.393 -0.393 -0.393 -0.393 -0.393 -0.393 -0.393 -0.393 1.445 1.445 1.447 1.445 1.445 1.445 1.445 1.445 1.445 1.445 1.445 1.445 1.445 1.445 1.445 1.445 1.445 1.445 1.445 1.445 1.445 1.445 2.039 2.039 2.042 2.039 2.039 2.039 2.039 2.039 2.039 2.039 2.039 2.039 2.039 2.039 2.039 2.039 2.039 2.039 2.039 2.039 2.039 2.039 1.369 1.369 1.371 1.369 1.369 1.369 1.369 1.369 1.369 1.369 1.369 1.369 1.369 1.369 1.369 1.369 1.369 1.369 1.369 1.369 1.369 1.369 1.185 1.185 1.187 1.185 1.185 1.185 1.185 1.185 1.185 1.185 1.185 1.185 1.185 1.185 1.185 1.185 1.185 1.185 1.185 1.185 1.185 1.185 1.103 1.103 1.105 1.103 1.103 1.103 1.103 1.103 1.103 1.103 1.103 1.103 1.103 1.103 1.103 1.103 1.103 1.103 1.103 1.103 1.103 1.103 1.815 1.815 1.817 1.815 1.815 1.815 1.815 1.815 1.815 1.815 1.815 1.815 1.815 1.815 1.815 1.815 1.815 1.815 1.815 1.815 1.815 1.815
0.0152 0.01508 9.00000 2.0728816986 2.5715156164    2.070  1.348  3.7118  3.206    3  0.000  0.539     0.00     0.00     0.00     0.00     0.00 -1 -4.93e-12      0.00 7.085e-01 2.762e-01 2.718e-03 7.481e-04 6.719e-03 -1.000 1.527e-02       5149          0          0          0          0      5.949      5.949 1.401 0.768 0.045 -0.397 -0.468 1.406 2.014 1.329 1.139 1.054 1.795 0.768 0.768 0.769 0.768 0.768 0.768 0.768 0.768 0.768 0.768 0.768 0.768 0.768 0.768 0.768 0.768 0.768 0.768 0.768 0.768 0.768 0.768 0.045 0.045 0.045 0.045 0.045 0.045 0.045 0.045 0.045 0.045 0.045 0.045 0.045 0.045 0.045 0.045 0.045 0.045 0.045 0.045 0.045 0.045 -0.397 -0.397 -0.397 -0.397 -0.397 -0.397 -0.397 -0.397 -0.397 -0.397 -0.397 -0.397 -0.397 -0.397 -0.397 -0.397 -0.397 -0.397 -0.397 -0.397 -0.397 -0.397 -0.468 -0.468 -0.468 -0.468 -0.468 -0.468 -0.468 -0.468 -0.468 -0.468 -0.468 -0.468 -0.468 -0.468 -0.468 -0.468 -0.468 -0.468 -0.468 -0.468 -0.468 -0.468 1.406 1.406 1.406 1.406 1.406 1.406 1.406 1.406 1.406 1.406 1.406 1.406 1.406 1.406 1.406 1.406 1.406 1.406 1.406 1.406 1.406 1.406 2.014 2.014 2.015 2.014 2.014 2.014 2.014 2.014 2.014 2.014 2.014 2.014 2.014 2.014 2.014 2.014 2.014 2.014 2.014 2.014 2.014 2.014 1.329 1.329 1.330 1.329 1.329 1.329 1.329 1.329 1.329 1.329 1.329 1.329 1.329 1.329 1.329 1.329 1.329 1.329 1.329 1.329 1.329 1.329 1.139 1.139 1.140 1.139 1.139 1.139 1.139 1.139 1.139 1.139 1.139 1.139 1.139 1.139 1.139 1.139 1.139 1.139 1.139 1.139 1.139 1.139 1.054 1.054 1.055 1.054 1.054 1.054 1.054 1.054 1.054 1.054 1.054 1.054 1.054 1.054 1.054 1.054 1.054 1.054 1.054 1.054 1.054 1.054 1.795 1.795 1.796 1.795 1.795 1.795 1.795 1.795 1.795 1.795 1.795 1.795 1.795 1.795 1.795 1.795 1.795 1.795 1.795 1.795 1.795 1.795
0.0152 0.01508 9.00000 2.0731236935 2.5715250887    2.070  1.370  3.7089  3.172    3  0.000  0.523     0.00     0.00     0.00     0.00     0.00 -1 -5.37e-12      0.00 7.081e-01 2.766e-01 2.633e-03 7.954e-04 6.719e-03 -1.000 1.528e-02       5115          0          0          0          0      6.183      6.183 1.346 0.714 -0.021 -0.472 -0.546 1.358 1.979 1.281 1.086 0.997 1.762 0.714 0.714 0.714 0.714 0.714 0.714 0.714 0.714 0.714 0.714 0.714 0.714 0.714 0.714 0.714 0.714 0.714 0.714 0.714 0.714 0.714 0.714 -0.021 -0.021 -0.021 -0.021 -0.021 -0.021 -0.021 -0.021 -0.021 -0.021 -0.021 -0.021 -0.021 -0.021 -0.021 -0.021 -0.021 -0.021 -0.021 -0.021 -0.021 -0.021 -0.472 -0.472 -0.472 -0.472 -0.472 -0.472 -0.472 -0.472 -0.472 -0.472 -0.472 -0.472 -0.472 -0.472 -0.472 -0.472 -0.472 -0.472 -0.472 -0.472 -0.472 -0.472 -0.546 -0.546 -0.546 -0.546 -0.546 -0.546 -0.546 -0.546 -0.546 -0.546 -0.546 -0.546 -0.546 -0.546 -0.546 -0.546 -0.546 -0.546 -0.546 -0.546 -0.546 -0.546 1.358 1.358 1.358 1.358 1.358 1.358 1.358 1.358 1.358 1.358 1.358 1.358 1.358 1.358 1.358 1.358 1.358 1.358 1.358 1.358 1.358 1.358 1.979 1.979 1.979 1.979 1.979 1.979 1.979 1.979 1.979 1.979 1.979 1.979 1.979 1.979 1.979 1.979 1.979 1.979 1.979 1.979 1.979 1.979 1.281 1.281 1.281 1.281 1.281 1.281 1.281 1.281 1.281 1.281 1.281 1.281 1.281 1.281 1.281 1.281 1.281 1.281 1.281 1.281 1.281 1.281 1.086 1.086 1.086 1.086 1.086 1.086 1.086 1.086 1.086 1.086 1.086 1.086 1.086 1.086 1.086 1.086 1.086 1.086 1.086 1.086 1.086 1.086 0.997 0.997 0.997 0.997 0.997 0.997 0.997 0.997 0.997 0.997 0.997 0.997 0.997 0.997 0.997 0.997 0.997 0.997 0.997 0.997 0.997 0.997 1.762 1.762 1.762 1.762 1.762 1.762 1.762 1.762 1.762 1.762 1.762 1.762 1.762 1.762 1.762 1.762 1.762 1.762 1.762 1.762 1.762 1.762
0.0152 0.01508 9.00000 2.0734398365 2.5715374596    2.070  1.402  3.7057  3.127    3  0.000  0.468     0.00     0.00     0.00     0.00     0.00 -1 -6.11e-12      0.00 7.072e-01 2.774e-01 2.360e-03 1.097e-03 6.719e-03 -1.000 1.533e-02       5077          0          0          0          0      6.514      6.514 1.265 0.634 -0.113 -0.574 -0.649 1.285 1.921 1.207 1.007 0.913 1.704 0.634 0.634 0.634 0.634 0.634 0.634 0.634 0.634 0.634 0.634 0.634 0.634 0.634 0.634 0.634 0.634 0.634 0.634 0.634 0.634 0.634 0.634 -0.113 -0.113 -0.113 -0.113 -0.113 -0.113 -0.113 -0.113 -0.113 -0.113 -0.113 -0.113 -0.113 -0.113 -0.113 -0.113 -0.113 -0.113 -0.113 -0.113 -0.113 -0.113 -0.574 -0.574 -0.574 -0.574 -0.574 -0.574 -0.574 -0.574 -0.574 -0.574 -0.574 -0.574 -0.574 -0.574 -0.574 -0.574 -0.574 -0.574 -0.574 -0.574 -0.574 -0.574 -0.649 -0.649 -0.649 -0.649 -0.649 -0.649 -0.649 -0.649 -0.649 -0.649 -0.649 -0.649 -0.649 -0.649 -0.649 -0.649 -0.649 -0.649 -0.649 -0.649 -0.649 -0.649 1.285 1.285 1.285 1.285 1.285 1.285 1.285 1.285 1.285 1.285 1.285 1.285 1.285 1.285 1.285 1.285 1.285 1.285 1.285 1.285 1.285 1.285 1.921 1.921 1.921 1.921 1.921 1.921 1.921 1.921 1.921 1.921 1.921 1.921 1.921 1.921 1.921 1.921 1.921 1.921 1.921 1.921 1.921 1.921 1.207 1.207 1.207 1.207 1.207 1.207 1.207 1.207 1.207 1.207 1.207 1.207 1.207 1.207 1.207 1.207 1.207 1.207 1.207 1.207 1.207 1.207 1.007 1.007 1.007 1.007 1.007 1.007 1.007 1.007 1.007 1.007 1.007 1.007 1.007 1.007 1.007 1.007 1.007 1.007 1.007 1.007 1.007 1.007 0.913 0.913 0.913 0.913 0.913 0.913 0.913 0.913 0.913 0.913 0.913 0.913 0.913 0.913 0.913 0.913 0.913 0.913 0.913 0.913 0.913 0.913 1.704 1.704 1.704 1.704 1.704 1.704 1.704 1.704 1.704 1.704 1.704 1.704 1.704 1.704 1.704 1.704 1.704 1.704 1.704 1.704 1.704 1.704
0.0152 0.01508 9.00000 2.0736353397 2.5715451075    2.071  1.422  3.7039  3.099    3  0.000  0.441     0.00     0.00     0.00     0.00     0.00 -1 -6.63e-12      0.00 7.067e-01 2.780e-01 2.221e-03 1.266e-03 6.719e-03 -1.000 1.535e-02       5056          0          0          0          0      6.724      6.724 1.214 0.583 -0.171 -0.636 -0.712 1.238 1.883 1.160 0.956 0.860 1.664 0.583 0.583 0.583 0.583 0.583 0.583 0.583 0.583 0.583 0.583 0.583 0.583 0.583 0.583 0.583 0.583 0.583 0.583 0.583 0.583 0.583 0.583 -0.171 -0.171 -0.171 -0.171 -0.171 -0.171 -0.171 -0.171 -0.171 -0.171 -0.171 -0.171 -0.171 -0.171 -0.171 -0.171 -0.171 -0.171 -0.171 -0.171 -0.171 -0.171 -0.636 -0.636 -0.636 -0.636 -0.636 -0.636 -0.636 -0.636 -0.636 -0.636 -0.636 -0.636 -0.636 -0.636 -0.636 -0.636 -0.636 -0.636 -0.636 -0.636 -0.636 -0.636 -0.712 -0.712 -0.712 -0.712 -0.712 -0.712 -0.712 -0.712 -0.712 -0.712 -0.712 -0.712 -0.712 -0.712 -0.712 -0.712 -0.712 -0.712 -0.712 -0.712 -0.712 -0.712 1.238 1.238 1.238 1.238 1.238 1.238 1.238 1.238 1.238 1.238 1.238 1.238 1.238 1.238 1.238 1.238 1.238 1.238 1.238 1.238 1.238 1.238 1.883 1.883 1.883 1.883 1.883 1.883 1.883 1.883 1.883 1.883 1.883 1.883 1.883 1.883 1.883 1.883 1.883 1.883 1.883 1.883 1.883 1.883 1.160 1.160 1.160 1.160 1.160 1.160 1.160 1.160 1.160 1.160 1.160 1.160 1.160 1.160 1.160 1.160 1.160 1.160 1.160 1.160 1.160 1.160 0.956 0.956 0.956 0.956 0.956 0.956 0.956 0.956 0.956 0.956 0.956 0.956 0.956 0.956 0.956 0.956 0.956 0.956 0.956 0.956 0.956 0.956 0.860 0.860 0.860 0.860 0.860 0.860 0.860 0.860 0.860 0.860 0.860 0.860 0.860 0.860 0.860 0.860 0.860 0.860 0.860 0.860 0.860 0.860 1.664 1.664 1.664 1.664 1.664 1.664 1.664 1.664 1.664 1.664 1.664 1.664 1.664 1.664 1.664 1.664 1.664 1.664 1.664 1.664 1.664 1.664
0.0152 0.01508 9.00000 2.0739216805 2.5715563060    2.071  1.453  3.7015  3.060    3  0.000  0.412     0.00     0.00     0.00     0.00     0.00 -1 -7.44e-12      0.00 7.058e-01 2.789e-01 2.075e-03 1.446e-03 6.719e-03 -1.000 1.538e-02       5029          0          0          0          0      7.038      7.038 1.139 0.508 -0.255 -0.727 -0.804 1.168 1.824 1.090 0.882 0.782 1.604 0.508 0.508 0.508 0.508 0.508 0.508 0.508 0.508 0.508 0.508 0.508 0.508 0.508 0.508 0.508 0.508 0.508 0.508 0.508 0.508 0.508 0.508 -0.255 -0.255 -0.255 -0.255 -0.255 -0.255 -0.255 -0.255 -0.255 -0.255 -0.255 -0.255 -0.255 -0.255 -0.255 -0.255 -0.255 -0.255 -0.255 -0.255 -0.255 -0.255 -0.727 -0.727 -0.727 -0.727 -0.727 -0.727 -0.727 -0.727 -0.727 -0.727 -0.727 -0.727 -0.727 -0.727 -0.727 -0.727 -0.727 -0.727 -0.727 -0.727 -0.727 -0.727 -0.804 -0.804 -0.804 -0.804 -0.804 -0.804 -0.804 -0.804 -0.804 -0.804 -0.804 -0.804 -0.804 -0.804 -0.804 -0.804 -0.804 -0.804 -0.804 -0.804 -0.804 -0.804 1.168 1.168 1.168 1.168 1.168 1.168 1.168 1.168 1.168 1.168 1.168 1.168 1.168 1.168 1.168 1.168 1.168 1.168 1.168 1.168 1.168 1.168 1.824 1.824 1.824 1.824 1.824 1.824 1.824 1.824 1.824 1.824 1.824 1.824 1.824 1.824 1.824 1.824 1.824 1.824 1.824 1.824 1.824 1.824 1.090 1.090 1.090 1.090 1.090 1.090 1.090 1.090 1.090 1.090 1.090 1.090 1.090 1.090 1.090 1.090 1.090 1.090 1.090 1.090 1.090 1.090 0.882 0.882 0.882 0.882 0.882 0.882 0.882 0.882 0.882 0.882 0.882 0.882 0.882 0.882 0.882 0.882 0.882 0.882 0.882 0.882 0.882 0.882 0.782 0.782 0.782 0.782 0.782 0.782 0.782 0.782 0.782 0.782 0.782 0.782 0.782 0.782 0.782 0.782 0.782 0.782 0.782 0.782 0.782 0.782 1.604 1.604 1.604 1.604 1.604 1.604 1.604 1.604 1.604 1.604 1.604 1.604 1.604 1.604 1.604 1.604 1.604 1.604 1.604 1.604 1.604 1.604
0.0152 0.01508 9.00000 2.0741112232 2.5715637169    2.071  1.472  3.7001  3.034    3  0.000  0.399     0.00     0.00     0.00     0.00     0.00 -1 -8.03e-12      0.00 7.052e-01 2.794e-01 2.009e-03 1.527e-03 6.718e-03 -1.000 1.539e-02       5012          0          0          0          0      7.251      7.251 1.089 0.458 -0.310 -0.786 -0.864 1.121 1.784 1.044 0.833 0.731 1.564 0.458 0.458 0.458 0.458 0.458 0.458 0.458 0.458 0.458 0.458 0.458 0.458 0.458 0.458 0.458 0.458 0.458 0.458 0.458 0.458 0.458 0.458 -0.310 -0.310 -0.310 -0.310 -0.310 -0.310 -0.310 -0.310 -0.310 -0.310 -0.310 -0.310 -0.310 -0.310 -0.310 -0.310 -0.310 -0.310 -0.310 -0.310 -0.310 -0.310 -0.786 -0.786 -0.786 -0.786 -0.786 -0.786 -0.786 -0.786 -0.786 -0.786 -0.786 -0.786 -0.786 -0.786 -0.786 -0.786 -0.786 -0.786 -0.786 -0.786 -0.786 -0.786 -0.864 -0.864 -0.864 -0.864 -0.864 -0.864 -0.864 -0.864 -0.864 -0.864 -0.864 -0.864 -0.864 -0.864 -0.864 -0.864 -0.864 -0.864 -0.864 -0.864 -0.864 -0.864 1.121 1.121 1.121 1.121 1.121 1.121 1.121 1.121 1.121 1.121 1.121 1.121 1.121 1.121 1.121 1.121 1.121 1.121 1.121 1.121 1.121 1.121 1.784 1.784 1.784 1.784 1.784 1.784 1.784 1.784 1.784 1.784 1.784 1.784 1.784 1.784 1.784 1.784 1.784 1.784 1.784 1.784 1.784 1.784 1.044 1.044 1.044 1.044 1.044 1.044 1.044 1.044 1.044 1.044 1.044 1.044 1.044 1.044 1.044 1.044 1.044 1.044 1.044 1.044 1.044 1.044 0.833 0.833 0.833 0.833 0.833 0.833 0.833 0.833 0.833 0.833 0.833 0.833 0.833 0.833 0.833 0.833 0.833 0.833 0.833 0.833 0.833 0.833 0.731 0.731 0.731 0.731 0.731 0.731 0.731 0.731 0.731 0.731 0.731 0.731 0.731 0.731 0.731 0.731 0.731 0.731 0.731 0.731 0.731 0.731 1.564 1.564 1.564 1.564 1.564 1.564 1.564 1.564 1.564 1.564 1.564 1.564 1.564 1.564 1.564 1.564 1.564 1.564 1.564 1.564 1.564 1.564
0.0152 0.01508 9.00000 2.0743951797 2.5715748163    2.071  1.502  3.6979  2.996    3  0.000  0.384     0.00     0.00     0.00     0.00     0.00 -1 -8.99e-12      0.00 7.044e-01 2.802e-01 1.937e-03 1.614e-03 6.718e-03 -1.000 1.540e-02       4987          0          0          0          0      7.579      7.579 1.014 0.384 -0.392 -0.875 -0.954 1.052 1.726 0.974 0.760 0.654 1.505 0.384 0.384 0.384 0.384 0.384 0.384 0.384 0.384 0.384 0.384 0.384 0.384 0.384 0.384 0.384 0.384 0.384 0.384 0.384 0.384 0.384 0.384 -0.392 -0.392 -0.392 -0.392 -0.392 -0.392 -0.392 -0.392 -0.392 -0.392 -0.392 -0.392 -0.392 -0.392 -0.392 -0.392 -0.392 -0.392 -0.392 -0.392 -0.392 -0.392 -0.875 -0.875 -0.875 -0.875 -0.875 -0.875 -0.875 -0.875 -0.875 -0.875 -0.875 -0.875 -0.875 -0.875 -0.875 -0.875 -0.875 -0.875 -0.875 -0.875 -0.875 -0.875 -0.954 -0.954 -0.954 -0.954 -0.954 -0.954 -0.954 -0.954 -0.954 -0.954 -0.954 -0.954 -0.954 -0.954 -0.954 -0.954 -0.954 -0.954 -0.954 -0.954 -0.954 -0.954 1.052 1.052 1.052 1.052 1.052 1.052 1.052 1.052 1.052 1.052 1.052 1.052 1.052 1.052 1.052 1.052 1.052 1.052 1.052 1.052 1.052 1.052 1.726 1.726 1.726 1.726 1.726 1.726 1.726 1.726 1.726 1.726 1.726 1.726 1.726 1.726 1.726 1.726 1.726 1.726 1.726 1.726 1.726 1.726 0.974 0.974 0.974 0.974 0.974 0.974 0.974 0.974 0.974 0.974 0.974 0.974 0.974 0.974 0.974 0.974 0.974 0.974 0.974 0.974 0.974 0.974 0.760 0.760 0.760 0.760 0.760 0.760 0.760 0.760 0.760 0.760 0.760 0.760 0.760 0.760 0.760 0.760 0.760 0.760 0.760 0.760 0.760 0.760 0.654 0.654 0.654 0.654 0.654 0.654 0.654 0.654 0.654 0.654 0.654 0.654 0.654 0.654 0.654 0.654 0.654 0.654 0.654 0.654 0.654 0.654 1.505 1.505 1.505 1.505 1.505 1.505 1.505 1.505 1.505 1.505 1.505 1.505 1.505 1.505 1.505 1.505 1.505 1.505 1.505 1.505 1.505 1.505
0.0152 0.01508 9.00000 2.0746784210 2.5715858843    2.072  1.532  3.6959  2.958    3  0.000  0.373     0.00     0.00     0.00     0.00     0.00 -1 -1.01e-11      0.00 7.036e-01 2.809e-01 1.881e-03 1.683e-03 6.717e-03 -1.000 1.541e-02       4964          0          0          0          0      7.918      7.918 0.939 0.310 -0.474 -0.962 -1.043 0.983 1.666 0.905 0.687 0.578 1.446 0.310 0.310 0.310 0.310 0.310 0.310 0.310 0.310 0.310 0.310 0.310 0.310 0.310 0.310 0.310 0.310 0.310 0.310 0.310 0.310 0.310 0.310 -0.474 -0.474 -0.474 -0.474 -0.474 -0.474 -0.474 -0.474 -0.474 -0.474 -0.474 -0.474 -0.474 -0.474 -0.474 -0.474 -0.474 -0.474 -0.474 -0.474 -0.474 -0.474 -0.962 -0.962 -0.962 -0.962 -0.962 -0.962 -0.962 -0.962 -0.962 -0.962 -0.962 -0.962 -0.962 -0.962 -0.962 -0.962 -0.962 -0.962 -0.962 -0.962 -0.962 -0.962 -1.043 -1.043 -1.043 -1.043 -1.043 -1.043 -1.043 -1.043 -1.043 -1.043 -1.043 -1.043 -1.043 -1.043 -1.043 -1.043 -1.043 -1.043 -1.043 -1.043 -1.043 -1.043 0.983 0.983 0.983 0.983 0.983 0.983 0.983 0.983 0.983 0.983 0.983 0.983 0.983 0.983 0.983 0.983 0.983 0.983 0.983 0.983 0.983 0.983 1.666 1.666 1.666 1.666 1.666 1.666 1.666 1.666 1.666 1.666 1.666 1.666 1.666 1.666 1.666 1.666 1.666 1.666 1.666 1.666 1.666 1.666 0.905 0.905 0.905 0.905 0.905 0.905 0.905 0.905 0.905 0.905 0.905 0.905 0.905 0.905 0.905 0.905 0.905 0.905 0.905 0.905 0.905 0.905 0.687 0.687 0.687 0.687 0.687 0.687 0.687 0.687 0.687 0.687 0.687 0.687 0.687 0.687 0.687 0.687 0.687 0.687 0.687 0.687 0.687 0.687 0.578 0.578 0.578 0.578 0.578 0.578 0.578 0.578 0.578 0.578 0.578 0.578 0.578 0.578 0.578 0.578 0.578 0.578 0.578 0.578 0.578 0.578 1.446 1.446 1.446 1.446 1.446 1.446 1.446 1.446 1.446 1.446 1.446 1.446 1.446 1.446 1.446 1.446 1.446 1.446 1.446 1.446 1.446 1.446
0.0152 0.01508 9.00000 2.0748667717 2.5715932423    2.072  1.552  3.6946  2.932    3  0.000  0.368     0.00     0.00     0.00     0.00     0.00 -1 -1.09e-11      0.00 7.032e-01 2.814e-01 1.856e-03 1.715e-03 6.717e-03 -1.000 1.541e-02       4949          0          0          0          0      8.152      8.152 0.889 0.261 -0.528 -1.020 -1.102 0.936 1.626 0.859 0.638 0.527 1.406 0.261 0.261 0.261 0.261 0.261 0.261 0.261 0.261 0.261 0.261 0.261 0.261 0.261 0.261 0.261 0.261 0.261 0.261 0.261 0.261 0.261 0.261 -0.528 -0.528 -0.528 -0.528 -0.528 -0.528 -0.528 -0.528 -0.528 -0.528 -0.528 -0.528 -0.528 -0.528 -0.528 -0.528 -0.528 -0.528 -0.528 -0.528 -0.528 -0.528 -1.020 -1.020 -1.020 -1.020 -1.020 -1.020 -1.020 -1.020 -1.020 -1.020 -1.020 -1.020 -1.020 -1.020 -1.020 -1.020 -1.020 -1.020 -1.020 -1.020 -1.020 -1.020 -1.102 -1.102 -1.102 -1.102 -1.102 -1.102 -1.102 -1.102 -1.102 -1.102 -1.102 -1.102 -1.102 -1.102 -1.102 -1.102 -1.102 -1.102 -1.102 -1.102 -1.102 -1.102 0.936 0.936 0.936 0.936 0.936 0.936 0.936 0.936 0.936 0.936 0.936 0.936 0.936 0.936 0.936 0.936 0.936 0.936 0.936 0.936 0.936 0.936 1.626 1.626 1.626 1.626 1.626 1.626 1.626 1.626 1.626 1.626 1.626 1.626 1.626 1.626 1.626 1.626 1.626 1.626 1.626 1.626 1.626 1.626 0.859 0.859 0.859 0.859 0.859 0.859 0.859 0.859 0.859 0.859 0.859 0.859 0.859 0.859 0.859 0.859 0.859 0.859 0.859 0.859 0.859 0.859 0.638 0.638 0.638 0.638 0.638 0.638 0.638 0.638 0.638 0.638 0.638 0.638 0.638 0.638 0.638 0.638 0.638 0.638 0.638 0.638 0.638 0.638 0.527 0.527 0.527 0.527 0.527 0.527 0.527 0.527 0.527 0.527 0.527 0.527 0.527 0.527 0.527 0.527 0.527 0.527 0.527 0.527 0.527 0.527 1.406 1.406 1.406 1.406 1.406 1.406 1.406 1.406 1.406 1.406 1.406 1.406 1.406 1.406 1.406 1.406 1.406 1.406 1.406 1.406 1.406 1.406
0.0152 0.01508 9.00000 2.0751481056 2.5716042300    2.072  1.582  3.6926  2.895    3  0.000  0.362     0.00     0.00     0.00     0.00     0.00 -1 -1.21e-11      0.00 7.027e-01 2.819e-01 1.826e-03 1.751e-03 6.716e-03 -1.000 1.542e-02       4927          0          0          0          0      8.514      8.514 0.814 0.187 -0.610 -1.107 -1.190 0.867 1.566 0.789 0.565 0.451 1.346 0.187 0.187 0.187 0.187 0.187 0.187 0.187 0.187 0.187 0.187 0.187 0.187 0.187 0.187 0.187 0.187 0.187 0.187 0.187 0.187 0.187 0.187 -0.610 -0.610 -0.610 -0.610 -0.610 -0.610 -0.610 -0.610 -0.610 -0.610 -0.610 -0.610 -0.610 -0.610 -0.610 -0.610 -0.610 -0.610 -0.610 -0.610 -0.610 -0.610 -1.107 -1.107 -1.107 -1.107 -1.107 -1.107 -1.107 -1.107 -1.107 -1.107 -1.107 -1.107 -1.107 -1.107 -1.107 -1.107 -1.107 -1.107 -1.107 -1.107 -1.107 -1.107 -1.190 -1.190 -1.190 -1.190 -1.190 -1.190 -1.190 -1.190 -1.190 -1.190 -1.190 -1.190 -1.190 -1.190 -1.190 -1.190 -1.190 -1.190 -1.190 -1.190 -1.190 -1.190 0.867 0.867 0.867 0.867 0.867 0.867 0.867 0.867 0.867 0.867 0.867 0.867 0.867 0.867 0.867 0.867 0.867 0.867 0.867 0.867 0.867 0.867 1.566 1.566 1.566 1.566 1.566 1.566 1.566 1.566 1.566 1.566 1.566 1.566 1.566 1.566 1.566 1.566 1.566 1.566 1.566 1.566 1.566 1.566 0.789 0.789 0.789 0.789 0.789 0.789 0.789 0.789 0.789 0.789 0.789 0.789 0.789 0.789 0.789 0.789 0.789 0.789 0.789 0.789 0.789 0.789 0.565 0.565 0.565 0.565 0.565 0.565 0.565 0.565 0.565 0.565 0.565 0.565 0.565 0.565 0.565 0.565 0.565 0.565 0.565 0.565 0.565 0.565 0.451 0.451 0.451 0.451 0.451 0.451 0.451 0.451 0.451 0.451 0.451 0.451 0.451 0.451 0.451 0.451 0.451 0.451 0.451 0.451 0.451 0.451 1.346 1.346 1.346 1.346 1.346 1.346 1.346 1.346 1.346 1.346 1.346 1.346 1.346 1.346 1.346 1.346 1.346 1.346 1.346 1.346 1.346 1.346
0.0152 0.01508 9.00000 2.0754282475 2.5716151678    2.072  1.612  3.6907  2.857    3  0.000  0.358     0.00     0.00     0.00     0.00     0.00 -1 -1.36e-11      0.00 7.022e-01 2.823e-01 1.805e-03 1.777e-03 6.715e-03 -1.000 1.542e-02       4905          0          0          0          0       8.89       8.89 0.740 0.114 -0.691 -1.194 -1.278 0.797 1.506 0.720 0.492 0.375 1.285 0.114 0.114 0.114 0.114 0.114 0.114 0.114 0.114 0.114 0.114 0.114 0.114 0.114 0.114 0.114 0.114 0.114 0.114 0.114 0.114 0.114 0.114 -0.691 -0.691 -0.691 -0.691 -0.691 -0.691 -0.691 -0.691 -0.691 -0.691 -0.691 -0.691 -0.691 -0.691 -0.691 -0.691 -0.691 -0.691 -0.691 -0.691 -0.691 -0.691 -1.194 -1.194 -1.194 -1.194 -1.194 -1.194 -1.194 -1.194 -1.194 -1.194 -1.194 -1.194 -1.194 -1.194 -1.194 -1.194 -1.194 -1.194 -1.194 -1.194 -1.194 -1.194 -1.278 -1.278 -1.278 -1.278 -1.278 -1.278 -1.278 -1.278 -1.278 -1.278 -1.278 -1.278 -1.278 -1.278 -1.278 -1.278 -1.278 -1.278 -1.278 -1.278 -1.278 -1.278 0.797 0.797 0.797 0.797 0.797 0.797 0.797 0.797 0.797 0.797 0.797 0.797 0.797 0.797 0.797 0.797 0.797 0.797 0.797 0.797 0.797 0.797 1.506 1.506 1.506 1.506 1.506 1.506 1.506 1.506 1.506 1.506 1.506 1.506 1.506 1.506 1.506 1.506 1.506 1.506 1.506 1.506 1.506 1.506 0.720 0.720 0.720 0.720 0.720 0.720 0.720 0.720 0.720 0.720 0.720 0.720 0.720 0.720 0.720 0.720 0.720 0.720 0.720 0.720 0.720 0.720 0.492 0.492 0.492 0.492 0.492 0.492 0.492 0.492 0.492 0.492 0.492 0.492 0.492 0.492 0.492 0.492 0.492 0.492 0.492 0.492 0.492 0.492 0.375 0.375 0.375 0.375 0.375 0.375 0.375 0.375 0.375 0.375 0.375 0.375 0.375 0.375 0.375 0.375 0.375 0.375 0.375 0.375 0.375 0.375 1.285 1.285 1.285 1.285 1.285 1.285 1.285 1.285 1.285 1.285 1.285 1.285 1.285 1.285 1.285 1.285 1.285 1.285 1.285 1.285 1.285 1.285
0.0152 0.01508 9.00000 2.0756146908 2.5716224453    2.073  1.632  3.6894  2.832    3  0.000  0.356     0.00     0.00     0.00     0.00     0.00 -1 -1.46e-11      0.00 7.020e-01 2.826e-01 1.792e-03 1.792e-03 6.714e-03 -1.000 1.543e-02       4890          0          0          0          0      9.151      9.151 0.690 0.065 -0.745 -1.252 -1.337 0.752 1.466 0.674 0.444 0.324 1.246 0.065 0.065 0.065 0.065 0.065 0.065 0.065 0.065 0.065 0.065 0.065 0.065 0.065 0.065 0.065 0.065 0.065 0.065 0.065 0.065 0.065 0.065 -0.745 -0.745 -0.745 -0.745 -0.745 -0.745 -0.745 -0.745 -0.745 -0.745 -0.745 -0.745 -0.745 -0.745 -0.745 -0.745 -0.745 -0.745 -0.745 -0.745 -0.745 -0.745 -1.252 -1.252 -1.252 -1.252 -1.252 -1.252 -1.252 -1.252 -1.252 -1.252 -1.252 -1.252 -1.252 -1.252 -1.252 -1.252 -1.252 -1.252 -1.252 -1.252 -1.252 -1.252 -1.337 -1.337 -1.337 -1.337 -1.337 -1.337 -1.337 -1.337 -1.337 -1.337 -1.337 -1.337 -1.337 -1.337 -1.337 -1.337 -1.337 -1.337 -1.337 -1.337 -1.337 -1.337 0.752 0.752 0.752 0.752 0.752 0.752 0.752 0.752 0.752 0.752 0.752 0.752 0.752 0.752 0.752 0.752 0.752 0.752 0.752 0.752 0.752 0.752 1.466 1.466 1.466 1.466 1.466 1.466 1.466 1.466 1.466 1.466 1.466 1.466 1.466 1.466 1.466 1.466 1.466 1.466 1.466 1.466 1.466 1.466 0.674 0.674 0.674 0.674 0.674 0.674 0.674 0.674 0.674 0.674 0.674 0.674 0.674 0.674 0.674 0.674 0.674 0.674 0.674 0.674 0.674 0.674 0.444 0.444 0.444 0.444 0.444 0.444 0.444 0.444 0.444 0.444 0.444 0.444 0.444 0.444 0.444 0.444 0.444 0.444 0.444 0.444 0.444 0.444 0.324 0.324 0.324 0.324 0.324 0.324 0.324 0.324 0.324 0.324 0.324 0.324 0.324 0.324 0.324 0.324 0.324 0.324 0.324 0.324 0.324 0.324 1.246 1.246 1.246 1.246 1.246 1.246 1.246 1.246 1.246 1.246 1.246 1.246 1.246 1.246 1.246 1.246 1.246 1.246 1.246 1.246 1.246 1.246
0.0152 0.01508 9.00000 2.0758936405 2.5716333309    2.073  1.662  3.6875  2.795    3  0.000  0.353     0.00     0.00     0.00     0.00     0.00 -1 -1.64e-11      0.00 7.016e-01 2.830e-01 1.778e-03 1.811e-03 6.710e-03 -1.000 1.543e-02       4869          0          0          0          0      9.553      9.553 0.616 -0.008 -0.825 -1.338 -1.424 0.683 1.408 0.606 0.372 0.249 1.189 -0.008 -0.008 -0.008 -0.008 -0.008 -0.008 -0.008 -0.008 -0.008 -0.008 -0.008 -0.008 -0.008 -0.008 -0.008 -0.008 -0.008 -0.008 -0.008 -0.008 -0.008 -0.008 -0.825 -0.825 -0.825 -0.825 -0.825 -0.825 -0.825 -0.825 -0.825 -0.825 -0.825 -0.825 -0.825 -0.825 -0.825 -0.825 -0.825 -0.825 -0.825 -0.825 -0.825 -0.825 -1.338 -1.338 -1.338 -1.338 -1.338 -1.338 -1.338 -1.338 -1.338 -1.338 -1.338 -1.338 -1.338 -1.338 -1.338 -1.338 -1.338 -1.338 -1.338 -1.338 -1.338 -1.338 -1.424 -1.424 -1.424 -1.424 -1.424 -1.424 -1.424 -1.424 -1.424 -1.424 -1.424 -1.424 -1.424 -1.424 -1.424 -1.424 -1.424 -1.424 -1.424 -1.424 -1.424 -1.424 0.683 0.683 0.683 0.683 0.683 0.683 0.683 0.683 0.683 0.683 0.683 0.683 0.683 0.683 0.683 0.683 0.683 0.683 0.683 0.683 0.683 0.683 1.408 1.408 1.408 1.408 1.408 1.408 1.408 1.408 1.408 1.408 1.408 1.408 1.408 1.408 1.408 1.408 1.408 1.408 1.408 1.408 1.408 1.408 0.606 0.606 0.606 0.606 0.606 0.606 0.606 0.606 0.606 0.606 0.606 0.606 0.606 0.606 0.606 0.606 0.606 0.606 0.606 0.606 0.606 0.606 0.372 0.372 0.372 0.372 0.372 0.372 0.372 0.372 0.372 0.372 0.372 0.372 0.372 0.372 0.372 0.372 0.372 0.372 0.372 0.372 0.372 0.372 0.249 0.249 0.249 0.249 0.249 0.249 0.249 0.249 0.249 0.249 0.249 0.249 0.249 0.249 0.249 0.249 0.249 0.249 0.249 0.249 0.249 0.249 1.189 1.189 1.189 1.189 1.189 1.189 1.189 1.189 1.189 1.189 1.189 1.189 1.189 1.189 1.189 1.189 1.189 1.189 1.189 1.189 1.189 1.189
0.0152 0.01508 9.00000 2.0759861469 2.5716369400    2.073  1.671  3.6868  2.783    3  0.000  0.353     0.00     0.00     0.00     0.00     0.00 -1  -1.7e-11      0.00 7.014e-01 2.832e-01 1.774e-03 1.819e-03 6.706e-03 -1.000 1.543e-02       4861          0          0          0          0      9.689      9.689 0.592 -0.032 -0.852 -1.366 -1.453 0.661 1.389 0.584 0.348 0.225 1.170 -0.032 -0.032 -0.032 -0.032 -0.032 -0.032 -0.032 -0.032 -0.032 -0.032 -0.032 -0.032 -0.032 -0.032 -0.032 -0.032 -0.032 -0.032 -0.032 -0.032 -0.032 -0.032 -0.852 -0.852 -0.852 -0.852 -0.852 -0.852 -0.852 -0.852 -0.852 -0.852 -0.852 -0.852 -0.852 -0.852 -0.852 -0.852 -0.852 -0.852 -0.852 -0.852 -0.852 -0.852 -1.366 -1.366 -1.366 -1.366 -1.366 -1.366 -1.366 -1.366 -1.366 -1.366 -1.366 -1.366 -1.366 -1.366 -1.366 -1.366 -1.366 -1.366 -1.366 -1.366 -1.366 -1.366 -1.453 -1.453 -1.453 -1.453 -1.453 -1.453 -1.453 -1.453 -1.453 -1.453 -1.453 -1.453 -1.453 -1.453 -1.453 -1.453 -1.453 -1.453 -1.453 -1.453 -1.453 -1.453 0.661 0.661 0.661 0.661 0.661 0.661 0.661 0.661 0.661 0.661 0.661 0.661 0.661 0.661 0.661 0.661 0.661 0.661 0.661 0.661 0.661 0.661 1.389 1.389 1.389 1.389 1.389 1.389 1.389 1.389 1.389 1.389 1.389 1.389 1.389 1.389 1.389 1.389 1.389 1.389 1.389 1.389 1.389 1.389 0.584 0.584 0.584 0.584 0.584 0.584 0.584 0.584 0.584 0.584 0.584 0.584 0.584 0.584 0.584 0.584 0.584 0.584 0.584 0.584 0.584 0.584 0.348 0.348 0.348 0.348 0.348 0.348 0.348 0.348 0.348 0.348 0.348 0.348 0.348 0.348 0.348 0.348 0.348 0.348 0.348 0.348 0.348 0.348 0.225 0.225 0.225 0.225 0.225 0.225 0.225 0.225 0.225 0.225 0.225 0.225 0.225 0.225 0.225 0.225 0.225 0.225 0.225 0.225 0.225 0.225 1.170 1.170 1.170 1.170 1.170 1.170 1.170 1.170 1.170 1.170 1.170 1.170 1.170 1.170 1.170 1.170 1.170 1.170 1.170 1.170 1.170 1.170
0.0152 0.01508 9.00000 2.0760805607 2.5716406233    2.073  1.681  3.6862  2.770    3  0.000  0.352     0.00     0.00     0.00     0.00     0.00 -1 -1.76e-11      0.00 7.011e-01 2.835e-01 1.770e-03 1.830e-03 6.698e-03 -1.000 1.543e-02       4855          0          0          0          0      9.826      9.826 0.567 -0.055 -0.878 -1.394 -1.481 0.639 1.369 0.561 0.325 0.200 1.151 -0.055 -0.055 -0.055 -0.055 -0.055 -0.055 -0.055 -0.055 -0.055 -0.055 -0.055 -0.055 -0.055 -0.055 -0.055 -0.055 -0.055 -0.055 -0.055 -0.055 -0.055 -0.055 -0.878 -0.878 -0.878 -0.878 -0.878 -0.878 -0.878 -0.878 -0.878 -0.878 -0.878 -0.878 -0.878 -0.878 -0.878 -0.878 -0.878 -0.878 -0.878 -0.878 -0.878 -0.878 -1.394 -1.394 -1.394 -1.394 -1.394 -1.394 -1.394 -1.394 -1.394 -1.394 -1.394 -1.394 -1.394 -1.394 -1.394 -1.394 -1.394 -1.394 -1.394 -1.394 -1.394 -1.394 -1.481 -1.481 -1.481 -1.481 -1.481 -1.481 -1.481 -1.481 -1.481 -1.481 -1.481 -1.481 -1.481 -1.481 -1.481 -1.481 -1.481 -1.481 -1.481 -1.481 -1.481 -1.481 0.639 0.639 0.639 0.639 0.639 0.639 0.639 0.639 0.639 0.639 0.639 0.639 0.639 0.639 0.639 0.639 0.639 0.639 0.639 0.639 0.639 0.639 1.369 1.369 1.369 1.369 1.369 1.369 1.369 1.369 1.369 1.369 1.369 1.369 1.369 1.369 1.369 1.369 1.369 1.369 1.369 1.369 1.369 1.369 0.561 0.561 0.561 0.561 0.561 0.561 0.561 0.561 0.561 0.561 0.561 0.561 0.561 0.561 0.561 0.561 0.561 0.561 0.561 0.561 0.561 0.561 0.325 0.325 0.325 0.325 0.325 0.325 0.325 0.325 0.325 0.325 0.325 0.325 0.325 0.325 0.325 0.325 0.325 0.325 0.325 0.325 0.325 0.325 0.200 0.200 0.200 0.200 0.200 0.200 0.200 0.200 0.200 0.200 0.200 0.200 0.200 0.200 0.200 0.200 0.200 0.200 0.200 0.200 0.200 0.200 1.151 1.151 1.151 1.151 1.151 1.151 1.151 1.151 1.151 1.151 1.151 1.151 1.151 1.151 1.151 1.151 1.151 1.151 1.151 1.151 1.151 1.151
0.0152 0.01508 9.00000 2.0761747360 2.5716442968    2.073  1.691  3.6856  2.759    3  0.000  0.352     0.00     0.00     0.00     0.00     0.00 -1 -1.83e-11      0.00 7.007e-01 2.839e-01 1.766e-03 1.845e-03 6.687e-03 -1.000 1.543e-02       4848          0          0          0          0      9.962      9.962 0.544 -0.079 -0.904 -1.422 -1.509 0.617 1.351 0.539 0.302 0.176 1.132 -0.079 -0.079 -0.079 -0.079 -0.079 -0.079 -0.079 -0.079 -0.079 -0.079 -0.079 -0.079 -0.079 -0.079 -0.079 -0.079 -0.079 -0.079 -0.079 -0.079 -0.079 -0.079 -0.904 -0.904 -0.904 -0.904 -0.904 -0.904 -0.904 -0.904 -0.904 -0.904 -0.904 -0.904 -0.904 -0.904 -0.904 -0.904 -0.904 -0.904 -0.904 -0.904 -0.904 -0.904 -1.422 -1.422 -1.422 -1.422 -1.422 -1.422 -1.422 -1.422 -1.422 -1.422 -1.422 -1.422 -1.422 -1.422 -1.422 -1.422 -1.422 -1.422 -1.422 -1.422 -1.422 -1.422 -1.509 -1.509 -1.509 -1.509 -1.509 -1.509 -1.509 -1.509 -1.509 -1.509 -1.509 -1.509 -1.509 -1.509 -1.509 -1.509 -1.509 -1.509 -1.509 -1.509 -1.509 -1.509 0.617 0.617 0.617 0.617 0.617 0.617 0.617 0.617 0.617 0.617 0.617 0.617 0.617 0.617 0.617 0.617 0.617 0.617 0.617 0.617 0.617 0.617 1.351 1.351 1.351 1.351 1.351 1.351 1.351 1.351 1.351 1.351 1.351 1.351 1.351 1.351 1.351 1.351 1.351 1.351 1.351 1.351 1.351 1.351 0.539 0.539 0.539 0.539 0.539 0.539 0.539 0.539 0.539 0.539 0.539 0.539 0.539 0.539 0.539 0.539 0.539 0.539 0.539 0.539 0.539 0.539 0.302 0.302 0.302 0.302 0.302 0.302 0.302 0.302 0.302 0.302 0.302 0.302 0.302 0.302 0.302 0.302 0.302 0.302 0.302 0.302 0.302 0.302 0.176 0.176 0.176 0.176 0.176 0.176 0.176 0.176 0.176 0.176 0.176 0.176 0.176 0.176 0.176 0.176 0.176 0.176 0.176 0.176 0.176 0.176 1.132 1.132 1.132 1.132 1.132 1.132 1.132 1.132 1.132 1.132 1.132 1.132 1.132 1.132 1.132 1.132 1.132 1.132 1.132 1.132 1.132 1.132
0.0152 0.01508 9.00000 2.0762689114 2.5716479699    2.073  1.700  3.6850  2.747    3  0.000  0.352     0.00     0.00     0.00     0.00     0.00 -1 -1.89e-11      0.00 7.002e-01 2.844e-01 1.763e-03 1.858e-03 6.676e-03 -1.000 1.543e-02       4841          0          0          0          0       10.1       10.1 0.520 -0.102 -0.929 -1.449 -1.537 0.595 1.332 0.518 0.279 0.152 1.113 -0.102 -0.102 -0.102 -0.102 -0.102 -0.102 -0.102 -0.102 -0.102 -0.102 -0.102 -0.102 -0.102 -0.102 -0.102 -0.102 -0.102 -0.102 -0.102 -0.102 -0.102 -0.102 -0.929 -0.929 -0.929 -0.929 -0.929 -0.929 -0.929 -0.929 -0.929 -0.929 -0.929 -0.929 -0.929 -0.929 -0.929 -0.929 -0.929 -0.929 -0.929 -0.929 -0.929 -0.929 -1.449 -1.449 -1.449 -1.449 -1.449 -1.449 -1.449 -1.449 -1.449 -1.449 -1.449 -1.449 -1.449 -1.449 -1.449 -1.449 -1.449 -1.449 -1.449 -1.449 -1.449 -1.449 -1.537 -1.537 -1.537 -1.537 -1.537 -1.537 -1.537 -1.537 -1.537 -1.537 -1.537 -1.537 -1.537 -1.537 -1.537 -1.537 -1.537 -1.537 -1.537 -1.537 -1.537 -1.537 0.595 0.595 0.595 0.595 0.595 0.595 0.595 0.595 0.595 0.595 0.595 0.595 0.595 0.595 0.595 0.595 0.595 0.595 0.595 0.595 0.595 0.595 1.332 1.332 1.332 1.332 1.332 1.332 1.332 1.332 1.332 1.332 1.332 1.332 1.332 1.332 1.332 1.332 1.332 1.332 1.332 1.332 1.332 1.332 0.518 0.518 0.518 0.518 0.518 0.518 0.518 0.518 0.518 0.518 0.518 0.518 0.518 0.518 0.518 0.518 0.518 0.518 0.518 0.518 0.518 0.518 0.279 0.279 0.279 0.279 0.279 0.279 0.279 0.279 0.279 0.279 0.279 0.279 0.279 0.279 0.279 0.279 0.279 0.279 0.279 0.279 0.279 0.279 0.152 0.152 0.152 0.152 0.152 0.152 0.152 0.152 0.152 0.152 0.152 0.152 0.152 0.152 0.152 0.152 0.152 0.152 0.152 0.152 0.152 0.152 1.113 1.113 1.113 1.113 1.113 1.113 1.113 1.113 1.113 1.113 1.113 1.113 1.113 1.113 1.113 1.113 1.113 1.113 1.113 1.113 1.113 1.113
0.0152 0.01508 9.00000 2.0763630867 2.5716516427    2.073  1.709  3.6844  2.735    3  0.000  0.352     0.00     0.00     0.00     0.00     0.00 -1 -1.96e-11      0.00 6.997e-01 2.848e-01 1.759e-03 1.873e-03 6.664e-03 -1.000 1.543e-02       4834          0          0          0          0      10.24      10.24 0.496 -0.125 -0.955 -1.476 -1.564 0.573 1.313 0.496 0.256 0.128 1.095 -0.125 -0.125 -0.125 -0.125 -0.125 -0.125 -0.125 -0.125 -0.125 -0.125 -0.125 -0.125 -0.125 -0.125 -0.125 -0.125 -0.125 -0.125 -0.125 -0.125 -0.125 -0.125 -0.955 -0.955 -0.955 -0.955 -0.955 -0.955 -0.955 -0.955 -0.955 -0.955 -0.955 -0.955 -0.955 -0.955 -0.955 -0.955 -0.955 -0.955 -0.955 -0.955 -0.955 -0.955 -1.476 -1.476 -1.476 -1.476 -1.476 -1.476 -1.476 -1.476 -1.476 -1.476 -1.476 -1.476 -1.476 -1.476 -1.476 -1.476 -1.476 -1.476 -1.476 -1.476 -1.476 -1.476 -1.564 -1.564 -1.564 -1.564 -1.564 -1.564 -1.564 -1.564 -1.564 -1.564 -1.564 -1.564 -1.564 -1.564 -1.564 -1.564 -1.564 -1.564 -1.564 -1.564 -1.564 -1.564 0.573 0.573 0.573 0.573 0.573 0.573 0.573 0.573 0.573 0.573 0.573 0.573 0.573 0.573 0.573 0.573 0.573 0.573 0.573 0.573 0.573 0.573 1.313 1.313 1.313 1.313 1.313 1.313 1.313 1.313 1.313 1.313 1.313 1.313 1.313 1.313 1.313 1.313 1.313 1.313 1.313 1.313 1.313 1.313 0.496 0.496 0.496 0.496 0.496 0.496 0.496 0.496 0.496 0.496 0.496 0.496 0.496 0.496 0.496 0.496 0.496 0.496 0.496 0.496 0.496 0.496 0.256 0.256 0.256 0.256 0.256 0.256 0.256 0.256 0.256 0.256 0.256 0.256 0.256 0.256 0.256 0.256 0.256 0.256 0.256 0.256 0.256 0.256 0.128 0.128 0.128 0.128 0.128 0.128 0.128 0.128 0.128 0.128 0.128 0.128 0.128 0.128 0.128 0.128 0.128 0.128 0.128 0.128 0.128 0.128 1.095 1.095 1.095 1.095 1.095 1.095 1.095 1.095 1.095 1.095 1.095 1.095 1.095 1.095 1.095 1.095 1.095 1.095 1.095 1.095 1.095 1.095
0.0152 0.01508 9.00000 2.0764572620 2.5716553150    2.073  1.719  3.6838  2.723    3  0.000  0.352     0.00     0.00     0.00     0.00     0.00 -1 -2.03e-11      0.00 6.992e-01 2.854e-01 1.755e-03 1.890e-03 6.651e-03 -1.000 1.543e-02       4828          0          0          0          0      10.37      10.37 0.474 -0.147 -0.979 -1.503 -1.591 0.552 1.295 0.475 0.234 0.105 1.076 -0.147 -0.147 -0.147 -0.147 -0.147 -0.147 -0.147 -0.147 -0.147 -0.147 -0.147 -0.147 -0.147 -0.147 -0.147 -0.147 -0.147 -0.147 -0.147 -0.147 -0.147 -0.147 -0.979 -0.979 -0.979 -0.979 -0.979 -0.979 -0.979 -0.979 -0.979 -0.979 -0.979 -0.979 -0.979 -0.979 -0.979 -0.979 -0.979 -0.979 -0.979 -0.979 -0.979 -0.979 -1.503 -1.503 -1.503 -1.503 -1.503 -1.503 -1.503 -1.503 -1.503 -1.503 -1.503 -1.503 -1.503 -1.503 -1.503 -1.503 -1.503 -1.503 -1.503 -1.503 -1.503 -1.503 -1.591 -1.591 -1.591 -1.591 -1.591 -1.591 -1.591 -1.591 -1.591 -1.591 -1.591 -1.591 -1.591 -1.591 -1.591 -1.591 -1.591 -1.591 -1.591 -1.591 -1.591 -1.591 0.552 0.552 0.552 0.552 0.552 0.552 0.552 0.552 0.552 0.552 0.552 0.552 0.552 0.552 0.552 0.552 0.552 0.552 0.552 0.552 0.552 0.552 1.295 1.295 1.295 1.295 1.295 1.295 1.295 1.295 1.295 1.295 1.295 1.295 1.295 1.295 1.295 1.295 1.295 1.295 1.295 1.295 1.295 1.295 0.475 0.475 0.475 0.475 0.475 0.475 0.475 0.475 0.475 0.475 0.475 0.475 0.475 0.475 0.475 0.475 0.475 0.475 0.475 0.475 0.475 0.475 0.234 0.234 0.234 0.234 0.234 0.234 0.234 0.234 0.234 0.234 0.234 0.234 0.234 0.234 0.234 0.234 0.234 0.234 0.234 0.234 0.234 0.234 0.105 0.105 0.105 0.105 0.105 0.105 0.105 0.105 0.105 0.105 0.105 0.105 0.105 0.105 0.105 0.105 0.105 0.105 0.105 0.105 0.105 0.105 1.076 1.076 1.076 1.076 1.076 1.076 1.076 1.076 1.076 1.076 1.076 1.076 1.076 1.076 1.076 1.076 1.076 1.076 1.076 1.076 1.076 1.076
0.0152 0.01508 9.00000 2.0765514374 2.5716589870    2.073  1.728  3.6833  2.712    3  0.000  0.352     0.00     0.00     0.00     0.00     0.00 -1  -2.1e-11      0.00 6.986e-01 2.860e-01 1.751e-03 1.906e-03 6.638e-03 -1.000 1.542e-02       4822          0          0          0          0      10.51      10.51 0.451 -0.170 -1.004 -1.529 -1.618 0.531 1.276 0.454 0.211 0.082 1.058 -0.170 -0.170 -0.170 -0.170 -0.170 -0.170 -0.170 -0.170 -0.170 -0.170 -0.170 -0.170 -0.170 -0.170 -0.170 -0.170 -0.170 -0.170 -0.170 -0.170 -0.170 -0.170 -1.004 -1.004 -1.004 -1.004 -1.004 -1.004 -1.004 -1.004 -1.004 -1.004 -1.004 -1.004 -1.004 -1.004 -1.004 -1.004 -1.004 -1.004 -1.004 -1.004 -1.004 -1.004 -1.529 -1.529 -1.529 -1.529 -1.529 -1.529 -1.529 -1.529 -1.529 -1.529 -1.529 -1.529 -1.529 -1.529 -1.529 -1.529 -1.529 -1.529 -1.529 -1.529 -1.529 -1.529 -1.618 -1.618 -1.618 -1.618 -1.618 -1.618 -1.618 -1.618 -1.618 -1.618 -1.618 -1.618 -1.618 -1.618 -1.618 -1.618 -1.618 -1.618 -1.618 -1.618 -1.618 -1.618 0.531 0.531 0.531 0.531 0.531 0.531 0.531 0.531 0.531 0.531 0.531 0.531 0.531 0.531 0.531 0.531 0.531 0.531 0.531 0.531 0.531 0.531 1.276 1.276 1.276 1.276 1.276 1.276 1.276 1.276 1.276 1.276 1.276 1.276 1.276 1.276 1.276 1.276 1.276 1.276 1.276 1.276 1.276 1.276 0.454 0.454 0.454 0.454 0.454 0.454 0.454 0.454 0.454 0.454 0.454 0.454 0.454 0.454 0.454 0.454 0.454 0.454 0.454 0.454 0.454 0.454 0.211 0.211 0.211 0.211 0.211 0.211 0.211 0.211 0.211 0.211 0.211 0.211 0.211 0.211 0.211 0.211 0.211 0.211 0.211 0.211 0.211 0.211 0.082 0.082 0.082 0.082 0.082 0.082 0.082 0.082 0.082 0.082 0.082 0.082 0.082 0.082 0.082 0.082 0.082 0.082 0.082 0.082 0.082 0.082 1.058 1.058 1.058 1.058 1.058 1.058 1.058 1.058 1.058 1.058 1.058 1.058 1.058 1.058 1.058 1.058 1.058 1.058 1.058 1.058 1.058 1.058
0.0152 0.01508 9.00000 2.0767371655 2.5716662276    2.074  1.746  3.6821  2.689    3  0.000  0.351     0.00     0.00     0.00     0.00     0.00 -1 -2.25e-11      0.00 6.977e-01 2.869e-01 1.744e-03 1.932e-03 6.617e-03 -1.000 1.542e-02       4809          0          0          0          0      10.79      10.79 0.405 -0.215 -1.054 -1.582 -1.672 0.489 1.240 0.412 0.167 0.036 1.022 -0.215 -0.215 -0.215 -0.215 -0.215 -0.215 -0.215 -0.215 -0.215 -0.215 -0.215 -0.215 -0.215 -0.215 -0.215 -0.215 -0.215 -0.215 -0.215 -0.215 -0.215 -0.215 -1.054 -1.054 -1.054 -1.054 -1.054 -1.054 -1.054 -1.054 -1.054 -1.054 -1.054 -1.054 -1.054 -1.054 -1.054 -1.054 -1.054 -1.054 -1.054 -1.054 -1.054 -1.054 -1.582 -1.582 -1.582 -1.582 -1.582 -1.582 -1.582 -1.582 -1.582 -1.582 -1.582 -1.582 -1.582 -1.582 -1.582 -1.582 -1.582 -1.582 -1.582 -1.582 -1.582 -1.582 -1.672 -1.672 -1.672 -1.672 -1.672 -1.672 -1.672 -1.672 -1.672 -1.672 -1.672 -1.672 -1.672 -1.672 -1.672 -1.672 -1.672 -1.672 -1.672 -1.672 -1.672 -1.672 0.489 0.489 0.489 0.489 0.489 0.489 0.489 0.489 0.489 0.489 0.489 0.489 0.489 0.489 0.489 0.489 0.489 0.489 0.489 0.489 0.489 0.489 1.240 1.240 1.240 1.240 1.240 1.240 1.240 1.240 1.240 1.240 1.240 1.240 1.240 1.240 1.240 1.240 1.240 1.240 1.240 1.240 1.240 1.240 0.412 0.412 0.412 0.412 0.412 0.412 0.412 0.412 0.412 0.412 0.412 0.412 0.412 0.412 0.412 0.412 0.412 0.412 0.412 0.412 0.412 0.412 0.167 0.167 0.167 0.167 0.167 0.167 0.167 0.167 0.167 0.167 0.167 0.167 0.167 0.167 0.167 0.167 0.167 0.167 0.167 0.167 0.167 0.167 0.036 0.036 0.036 0.036 0.036 0.036 0.036 0.036 0.036 0.036 0.036 0.036 0.036 0.036 0.036 0.036 0.036 0.036 0.036 0.036 0.036 0.036 1.022 1.022 1.022 1.022 1.022 1.022 1.022 1.022 1.022 1.022 1.022 1.022 1.022 1.022 1.022 1.022 1.022 1.022 1.022 1.022 1.022 1.022
0.0152 0.01508 9.00000 2.0770156384 2.5716770811    2.074  1.773  3.6804  2.655    3  0.000  0.351     0.00     0.00     0.00     0.00     0.00 -1 -2.49e-11      0.00 6.962e-01 2.883e-01 1.736e-03 1.968e-03 6.588e-03 -1.000 1.542e-02       4790          0          0          0          0      11.23      11.23 0.337 -0.281 -1.128 -1.661 -1.752 0.426 1.186 0.349 0.101 -0.033 0.967 -0.281 -0.281 -0.281 -0.281 -0.281 -0.281 -0.281 -0.281 -0.281 -0.281 -0.281 -0.281 -0.281 -0.281 -0.281 -0.281 -0.281 -0.281 -0.281 -0.281 -0.281 -0.281 -1.128 -1.128 -1.128 -1.128 -1.128 -1.128 -1.128 -1.128 -1.128 -1.128 -1.128 -1.128 -1.128 -1.128 -1.128 -1.128 -1.128 -1.128 -1.128 -1.128 -1.128 -1.128 -1.661 -1.661 -1.661 -1.661 -1.661 -1.661 -1.661 -1.661 -1.661 -1.661 -1.661 -1.661 -1.661 -1.661 -1.661 -1.661 -1.661 -1.661 -1.661 -1.661 -1.661 -1.661 -1.752 -1.752 -1.752 -1.752 -1.752 -1.752 -1.752 -1.752 -1.752 -1.752 -1.752 -1.752 -1.752 -1.752 -1.752 -1.752 -1.752 -1.752 -1.752 -1.752 -1.752 -1.752 0.426 0.426 0.426 0.426 0.426 0.426 0.426 0.426 0.426 0.426 0.426 0.426 0.426 0.426 0.426 0.426 0.426 0.426 0.426 0.426 0.426 0.426 1.186 1.186 1.186 1.186 1.186 1.186 1.186 1.186 1.186 1.186 1.186 1.186 1.186 1.186 1.186 1.186 1.186 1.186 1.186 1.186 1.186 1.186 0.349 0.349 0.349 0.349 0.349 0.349 0.349 0.349 0.349 0.349 0.349 0.349 0.349 0.349 0.349 0.349 0.349 0.349 0.349 0.349 0.349 0.349 0.101 0.101 0.101 0.101 0.101 0.101 0.101 0.101 0.101 0.101 0.101 0.101 0.101 0.101 0.101 0.101 0.101 0.101 0.101 0.101 0.101 0.101 -0.033 -0.033 -0.033 -0.033 -0.033 -0.033 -0.033 -0.033 -0.033 -0.033 -0.033 -0.033 -0.033 -0.033 -0.033 -0.033 -0.033 -0.033 -0.033 -0.033 -0.033 -0.033 0.967 0.967 0.967 0.967 0.967 0.967 0.967 0.967 0.967 0.967 0.967 0.967 0.967 0.967 0.967 0.967 0.967 0.967 0.967 0.967 0.967 0.967
0.0152 0.01508 9.00000 2.0772936344 2.5716879126    2.074  1.801  3.6786  2.621    3  0.000  0.351     0.00     0.00     0.00     0.00     0.00 -1 -2.76e-11      0.00 6.949e-01 2.896e-01 1.728e-03 2.000e-03 6.562e-03 -1.000 1.542e-02       4771          0          0          0          0      11.68      11.68 0.268 -0.348 -1.201 -1.740 -1.832 0.364 1.132 0.287 0.035 -0.102 0.915 -0.348 -0.348 -0.348 -0.348 -0.348 -0.348 -0.348 -0.348 -0.348 -0.348 -0.348 -0.348 -0.348 -0.348 -0.348 -0.348 -0.348 -0.348 -0.348 -0.348 -0.348 -0.348 -1.201 -1.201 -1.201 -1.201 -1.201 -1.201 -1.201 -1.201 -1.201 -1.201 -1.201 -1.201 -1.201 -1.201 -1.201 -1.201 -1.201 -1.201 -1.201 -1.201 -1.201 -1.201 -1.740 -1.740 -1.740 -1.740 -1.740 -1.740 -1.740 -1.740 -1.740 -1.740 -1.740 -1.740 -1.740 -1.740 -1.740 -1.740 -1.740 -1.740 -1.740 -1.740 -1.740 -1.740 -1.832 -1.832 -1.832 -1.832 -1.832 -1.832 -1.832 -1.832 -1.832 -1.832 -1.832 -1.832 -1.832 -1.832 -1.832 -1.832 -1.832 -1.832 -1.832 -1.832 -1.832 -1.832 0.364 0.364 0.364 0.364 0.364 0.364 0.364 0.364 0.364 0.364 0.364 0.364 0.364 0.364 0.364 0.364 0.364 0.364 0.364 0.364 0.364 0.364 1.132 1.132 1.132 1.132 1.132 1.132 1.132 1.132 1.132 1.132 1.132 1.132 1.132 1.132 1.132 1.132 1.132 1.132 1.132 1.132 1.132 1.132 0.287 0.287 0.287 0.287 0.287 0.287 0.287 0.287 0.287 0.287 0.287 0.287 0.287 0.287 0.287 0.287 0.287 0.287 0.287 0.287 0.287 0.287 0.035 0.035 0.035 0.035 0.035 0.035 0.035 0.035 0.035 0.035 0.035 0.035 0.035 0.035 0.035 0.035 0.035 0.035 0.035 0.035 0.035 0.035 -0.102 -0.102 -0.102 -0.102 -0.102 -0.102 -0.102 -0.102 -0.102 -0.102 -0.102 -0.102 -0.102 -0.102 -0.102 -0.102 -0.102 -0.102 -0.102 -0.102 -0.102 -0.102 0.915 0.915 0.915 0.915 0.915 0.915 0.915 0.915 0.915 0.915 0.915 0.915 0.915 0.915 0.915 0.915 0.915 0.915 0.915 0.915 0.915 0.915
0.0152 0.01508 9.00000 2.0775783062 2.5716990008    2.074  1.829  3.6768  2.585    3  0.000  0.351     0.00     0.00     0.00     0.00     0.00 -1 -3.06e-11      0.00 6.938e-01 2.908e-01 1.722e-03 2.026e-03 6.540e-03 -1.000 1.542e-02       4751          0          0          0          0      12.17      12.17 0.198 -0.416 -1.277 -1.821 -1.915 0.300 1.078 0.223 -0.032 -0.173 0.862 -0.416 -0.416 -0.416 -0.416 -0.416 -0.416 -0.416 -0.416 -0.416 -0.416 -0.416 -0.416 -0.416 -0.416 -0.416 -0.416 -0.416 -0.416 -0.416 -0.416 -0.416 -0.416 -1.277 -1.277 -1.277 -1.277 -1.277 -1.277 -1.277 -1.277 -1.277 -1.277 -1.277 -1.277 -1.277 -1.277 -1.277 -1.277 -1.277 -1.277 -1.277 -1.277 -1.277 -1.277 -1.821 -1.821 -1.821 -1.821 -1.821 -1.821 -1.821 -1.821 -1.821 -1.821 -1.821 -1.821 -1.821 -1.821 -1.821 -1.821 -1.821 -1.821 -1.821 -1.821 -1.821 -1.821 -1.915 -1.915 -1.915 -1.915 -1.915 -1.915 -1.915 -1.915 -1.915 -1.915 -1.915 -1.915 -1.915 -1.915 -1.915 -1.915 -1.915 -1.915 -1.915 -1.915 -1.915 -1.915 0.300 0.300 0.300 0.300 0.300 0.300 0.300 0.300 0.300 0.300 0.300 0.300 0.300 0.300 0.300 0.300 0.300 0.300 0.300 0.300 0.300 0.300 1.078 1.078 1.078 1.078 1.078 1.078 1.078 1.078 1.078 1.078 1.078 1.078 1.078 1.078 1.078 1.078 1.078 1.078 1.078 1.078 1.078 1.078 0.223 0.223 0.223 0.223 0.223 0.223 0.223 0.223 0.223 0.223 0.223 0.223 0.223 0.223 0.223 0.223 0.223 0.223 0.223 0.223 0.223 0.223 -0.032 -0.032 -0.032 -0.032 -0.032 -0.032 -0.032 -0.032 -0.032 -0.032 -0.032 -0.032 -0.032 -0.032 -0.032 -0.032 -0.032 -0.032 -0.032 -0.032 -0.032 -0.032 -0.173 -0.173 -0.173 -0.173 -0.173 -0.173 -0.173 -0.173 -0.173 -0.173 -0.173 -0.173 -0.173 -0.173 -0.173 -0.173 -0.173 -0.173 -0.173 -0.173 -0.173 -0.173 0.862 0.862 0.862 0.862 0.862 0.862 0.862 0.862 0.862 0.862 0.862 0.862 0.862 0.862 0.862 0.862 0.862 0.862 0.862 0.862 0.862 0.862
0.0152 0.01508 9.00000 2.0777721405 2.5717065488    2.075  1.848  3.6756  2.561    3  0.000  0.351     0.00     0.00     0.00     0.00     0.00 -1 -3.29e-11      0.00 6.931e-01 2.915e-01 1.718e-03 2.042e-03 6.527e-03 -1.000 1.542e-02       4737          0          0          0          0      12.51      12.51 0.150 -0.462 -1.328 -1.876 -1.971 0.256 1.041 0.180 -0.078 -0.221 0.825 -0.462 -0.462 -0.462 -0.462 -0.462 -0.462 -0.462 -0.462 -0.462 -0.462 -0.462 -0.462 -0.462 -0.462 -0.462 -0.462 -0.462 -0.462 -0.462 -0.462 -0.462 -0.462 -1.328 -1.328 -1.328 -1.328 -1.328 -1.328 -1.328 -1.328 -1.328 -1.328 -1.328 -1.328 -1.328 -1.328 -1.328 -1.328 -1.328 -1.328 -1.328 -1.328 -1.328 -1.328 -1.876 -1.876 -1.876 -1.876 -1.876 -1.876 -1.876 -1.876 -1.876 -1.876 -1.876 -1.876 -1.876 -1.876 -1.876 -1.876 -1.876 -1.876 -1.876 -1.876 -1.876 -1.876 -1.971 -1.971 -1.971 -1.971 -1.971 -1.971 -1.971 -1.971 -1.971 -1.971 -1.971 -1.971 -1.971 -1.971 -1.971 -1.971 -1.971 -1.971 -1.971 -1.971 -1.971 -1.971 0.256 0.256 0.256 0.256 0.256 0.256 0.256 0.256 0.256 0.256 0.256 0.256 0.256 0.256 0.256 0.256 0.256 0.256 0.256 0.256 0.256 0.256 1.041 1.041 1.041 1.041 1.041 1.041 1.041 1.041 1.041 1.041 1.041 1.041 1.041 1.041 1.041 1.041 1.041 1.041 1.041 1.041 1.041 1.041 0.180 0.180 0.180 0.180 0.180 0.180 0.180 0.180 0.180 0.180 0.180 0.180 0.180 0.180 0.180 0.180 0.180 0.180 0.180 0.180 0.180 0.180 -0.078 -0.078 -0.078 -0.078 -0.078 -0.078 -0.078 -0.078 -0.078 -0.078 -0.078 -0.078 -0.078 -0.078 -0.078 -0.078 -0.078 -0.078 -0.078 -0.078 -0.078 -0.078 -0.221 -0.221 -0.221 -0.221 -0.221 -0.221 -0.221 -0.221 -0.221 -0.221 -0.221 -0.221 -0.221 -0.221 -0.221 -0.221 -0.221 -0.221 -0.221 -0.221 -0.221 -0.221 0.825 0.825 0.825 0.825 0.825 0.825 0.825 0.825 0.825 0.825 0.825 0.825 0.825 0.825 0.825 0.825 0.825 0.825 0.825 0.825 0.825 0.825
0.0152 0.01508 9.00000 2.0780692101 2.5717181137    2.075  1.877  3.6737  2.525    3  0.000  0.351     0.00     0.00     0.00     0.00     0.00 -1 -3.67e-11      0.00 6.921e-01 2.925e-01 1.713e-03 2.064e-03 6.510e-03 -1.000 1.542e-02       4716          0          0          0          0      13.05      13.05 0.077 -0.533 -1.407 -1.961 -2.057 0.190 0.985 0.114 -0.148 -0.294 0.770 -0.533 -0.533 -0.533 -0.533 -0.533 -0.533 -0.533 -0.533 -0.533 -0.533 -0.533 -0.533 -0.533 -0.533 -0.533 -0.533 -0.533 -0.533 -0.533 -0.533 -0.533 -0.533 -1.407 -1.407 -1.407 -1.407 -1.407 -1.407 -1.407 -1.407 -1.407 -1.407 -1.407 -1.407 -1.407 -1.407 -1.407 -1.407 -1.407 -1.407 -1.407 -1.407 -1.407 -1.407 -1.961 -1.961 -1.961 -1.961 -1.961 -1.961 -1.961 -1.961 -1.961 -1.961 -1.961 -1.961 -1.961 -1.961 -1.961 -1.961 -1.961 -1.961 -1.961 -1.961 -1.961 -1.961 -2.057 -2.057 -2.057 -2.057 -2.057 -2.057 -2.057 -2.057 -2.057 -2.057 -2.057 -2.057 -2.057 -2.057 -2.057 -2.057 -2.057 -2.057 -2.057 -2.057 -2.057 -2.057 0.190 0.190 0.190 0.190 0.190 0.190 0.190 0.190 0.190 0.190 0.190 0.190 0.190 0.190 0.190 0.190 0.190 0.190 0.190 0.190 0.190 0.190 0.985 0.985 0.985 0.985 0.985 0.985 0.985 0.985 0.985 0.985 0.985 0.985 0.985 0.985 0.985 0.985 0.985 0.985 0.985 0.985 0.985 0.985 0.114 0.114 0.114 0.114 0.114 0.114 0.114 0.114 0.114 0.114 0.114 0.114 0.114 0.114 0.114 0.114 0.114 0.114 0.114 0.114 0.114 0.114 -0.148 -0.148 -0.148 -0.148 -0.148 -0.148 -0.148 -0.148 -0.148 -0.148 -0.148 -0.148 -0.148 -0.148 -0.148 -0.148 -0.148 -0.148 -0.148 -0.148 -0.148 -0.148 -0.294 -0.294 -0.294 -0.294 -0.294 -0.294 -0.294 -0.294 -0.294 -0.294 -0.294 -0.294 -0.294 -0.294 -0.294 -0.294 -0.294 -0.294 -0.294 -0.294 -0.294 -0.294 0.770 0.770 0.770 0.770 0.770 0.770 0.770 0.770 0.770 0.770 0.770 0.770 0.770 0.770 0.770 0.770 0.770 0.770 0.770 0.770 0.770 0.770
0.0152 0.01508 9.00000 2.0783739090 2.5717299716    2.075  1.907  3.6717  2.487    3  0.000  0.351     0.00     0.00     0.00     0.00     0.00 -1  -4.1e-11      0.00 6.911e-01 2.935e-01 1.709e-03 2.083e-03 6.493e-03 -1.000 1.541e-02       4695          0          0          0          0      13.63      13.63 0.003 -0.606 -1.488 -2.048 -2.145 0.122 0.928 0.046 -0.220 -0.369 0.714 -0.606 -0.606 -0.606 -0.606 -0.606 -0.606 -0.606 -0.606 -0.606 -0.606 -0.606 -0.606 -0.606 -0.606 -0.606 -0.606 -0.606 -0.606 -0.606 -0.606 -0.606 -0.606 -1.488 -1.488 -1.488 -1.488 -1.488 -1.488 -1.488 -1.488 -1.488 -1.488 -1.488 -1.488 -1.488 -1.488 -1.488 -1.488 -1.488 -1.488 -1.488 -1.488 -1.488 -1.488 -2.048 -2.048 -2.048 -2.048 -2.048 -2.048 -2.048 -2.048 -2.048 -2.048 -2.048 -2.048 -2.048 -2.048 -2.048 -2.048 -2.048 -2.048 -2.048 -2.048 -2.048 -2.048 -2.145 -2.145 -2.145 -2.145 -2.145 -2.145 -2.145 -2.145 -2.145 -2.145 -2.145 -2.145 -2.145 -2.145 -2.145 -2.145 -2.145 -2.145 -2.145 -2.145 -2.145 -2.145 0.122 0.122 0.122 0.122 0.122 0.122 0.122 0.122 0.122 0.122 0.122 0.122 0.122 0.122 0.122 0.122 0.122 0.122 0.122 0.122 0.122 0.122 0.928 0.928 0.928 0.928 0.928 0.928 0.928 0.928 0.928 0.928 0.928 0.928 0.928 0.928 0.928 0.928 0.928 0.928 0.928 0.928 0.928 0.928 0.046 0.046 0.046 0.046 0.046 0.046 0.046 0.046 0.046 0.046 0.046 0.046 0.046 0.046 0.046 0.046 0.046 0.046 0.046 0.046 0.046 0.046 -0.220 -0.220 -0.220 -0.220 -0.220 -0.220 -0.220 -0.220 -0.220 -0.220 -0.220 -0.220 -0.220 -0.220 -0.220 -0.220 -0.220 -0.220 -0.220 -0.220 -0.220 -0.220 -0.369 -0.369 -0.369 -0.369 -0.369 -0.369 -0.369 -0.369 -0.369 -0.369 -0.369 -0.369 -0.369 -0.369 -0.369 -0.369 -0.369 -0.369 -0.369 -0.369 -0.369 -0.369 0.714 0.714 0.714 0.714 0.714 0.714 0.714 0.714 0.714 0.714 0.714 0.714 0.714 0.714 0.714 0.714 0.714 0.714 0.714 0.714 0.714 0.714
0.0152 0.01508 9.00000 2.0785782337 2.5717379211    2.075  1.927  3.6703  2.462    3  0.000  0.351     0.00     0.00     0.00     0.00     0.00 -1 -4.42e-11      0.00 6.906e-01 2.940e-01 1.706e-03 2.095e-03 6.484e-03 -1.000 1.541e-02       4680          0          0          0          0      14.03      14.03 -0.047 -0.655 -1.542 -2.106 -2.204 0.076 0.891 0.001 -0.268 -0.420 0.677 -0.655 -0.655 -0.655 -0.655 -0.655 -0.655 -0.655 -0.655 -0.655 -0.655 -0.655 -0.655 -0.655 -0.655 -0.655 -0.655 -0.655 -0.655 -0.655 -0.655 -0.655 -0.655 -1.542 -1.542 -1.542 -1.542 -1.542 -1.542 -1.542 -1.542 -1.542 -1.542 -1.542 -1.542 -1.542 -1.542 -1.542 -1.542 -1.542 -1.542 -1.542 -1.542 -1.542 -1.542 -2.106 -2.106 -2.106 -2.106 -2.106 -2.106 -2.106 -2.106 -2.106 -2.106 -2.106 -2.106 -2.106 -2.106 -2.106 -2.106 -2.106 -2.106 -2.106 -2.106 -2.106 -2.106 -2.204 -2.204 -2.204 -2.204 -2.204 -2.204 -2.204 -2.204 -2.204 -2.204 -2.204 -2.204 -2.204 -2.204 -2.204 -2.204 -2.204 -2.204 -2.204 -2.204 -2.204 -2.204 0.076 0.076 0.076 0.076 0.076 0.076 0.076 0.076 0.076 0.076 0.076 0.076 0.076 0.076 0.076 0.076 0.076 0.076 0.076 0.076 0.076 0.076 0.891 0.891 0.891 0.891 0.891 0.891 0.891 0.891 0.891 0.891 0.891 0.891 0.891 0.891 0.891 0.891 0.891 0.891 0.891 0.891 0.891 0.891 0.001 0.001 0.001 0.001 0.001 0.001 0.001 0.001 0.001 0.001 0.001 0.001 0.001 0.001 0.001 0.001 0.001 0.001 0.001 0.001 0.001 0.001 -0.268 -0.268 -0.268 -0.268 -0.268 -0.268 -0.268 -0.268 -0.268 -0.268 -0.268 -0.268 -0.268 -0.268 -0.268 -0.268 -0.268 -0.268 -0.268 -0.268 -0.268 -0.268 -0.420 -0.420 -0.420 -0.420 -0.420 -0.420 -0.420 -0.420 -0.420 -0.420 -0.420 -0.420 -0.420 -0.420 -0.420 -0.420 -0.420 -0.420 -0.420 -0.420 -0.420 -0.420 0.677 0.677 0.677 0.677 0.677 0.677 0.677 0.677 0.677 0.677 0.677 0.677 0.677 0.677 0.677 0.677 0.677 0.677 0.677 0.677 0.677 0.677
0.0152 0.01508 9.00000 2.0788853168 2.5717498651    2.076  1.957  3.6683  2.423    3  0.000  0.351     0.00     0.00     0.00     0.00     0.00 -1 -4.95e-11      0.00 6.898e-01 2.948e-01 1.703e-03 2.110e-03 6.472e-03 -1.000 1.541e-02       4658          0          0          0          0      14.66      14.66 -0.122 -0.728 -1.624 -2.193 -2.293 0.009 0.838 -0.067 -0.340 -0.496 0.625 -0.728 -0.728 -0.728 -0.728 -0.728 -0.728 -0.728 -0.728 -0.728 -0.728 -0.728 -0.728 -0.728 -0.728 -0.728 -0.728 -0.728 -0.728 -0.728 -0.728 -0.728 -0.728 -1.624 -1.624 -1.624 -1.624 -1.624 -1.624 -1.624 -1.624 -1.624 -1.624 -1.624 -1.624 -1.624 -1.624 -1.624 -1.624 -1.624 -1.624 -1.624 -1.624 -1.624 -1.624 -2.193 -2.193 -2.193 -2.193 -2.193 -2.193 -2.193 -2.193 -2.193 -2.193 -2.193 -2.193 -2.193 -2.193 -2.193 -2.193 -2.193 -2.193 -2.193 -2.193 -2.193 -2.193 -2.293 -2.293 -2.293 -2.293 -2.293 -2.293 -2.293 -2.293 -2.293 -2.293 -2.293 -2.293 -2.293 -2.293 -2.293 -2.293 -2.293 -2.293 -2.293 -2.293 -2.293 -2.293 0.009 0.009 0.009 0.009 0.009 0.009 0.009 0.009 0.009 0.009 0.009 0.009 0.009 0.009 0.009 0.009 0.009 0.009 0.009 0.009 0.009 0.009 0.838 0.838 0.838 0.838 0.838 0.838 0.838 0.838 0.838 0.838 0.838 0.838 0.838 0.838 0.838 0.838 0.838 0.838 0.838 0.838 0.838 0.838 -0.067 -0.067 -0.067 -0.067 -0.067 -0.067 -0.067 -0.067 -0.067 -0.067 -0.067 -0.067 -0.067 -0.067 -0.067 -0.067 -0.067 -0.067 -0.067 -0.067 -0.067 -0.067 -0.340 -0.340 -0.340 -0.340 -0.340 -0.340 -0.340 -0.340 -0.340 -0.340 -0.340 -0.340 -0.340 -0.340 -0.340 -0.340 -0.340 -0.340 -0.340 -0.340 -0.340 -0.340 -0.496 -0.496 -0.496 -0.496 -0.496 -0.496 -0.496 -0.496 -0.496 -0.496 -0.496 -0.496 -0.496 -0.496 -0.496 -0.496 -0.496 -0.496 -0.496 -0.496 -0.496 -0.496 0.625 0.625 0.625 0.625 0.625 0.625 0.625 0.625 0.625 0.625 0.625 0.625 0.625 0.625 0.625 0.625 0.625 0.625 0.625 0.625 0.625 0.625
0.0152 0.01508 9.00000 2.0791714191 2.5717609894    2.076  1.985  3.6664  2.388    3  0.000  0.351     0.00     0.00     0.00     0.00     0.00 -1 -5.51e-11      0.00 6.892e-01 2.954e-01 1.700e-03 2.121e-03 6.462e-03 -1.000 1.541e-02       4638          0          0          0          0      15.28      15.28 -0.192 -0.796 -1.700 -2.275 -2.376 -0.054 0.788 -0.130 -0.407 -0.566 0.576 -0.796 -0.796 -0.796 -0.796 -0.796 -0.796 -0.796 -0.796 -0.796 -0.796 -0.796 -0.796 -0.796 -0.796 -0.796 -0.796 -0.796 -0.796 -0.796 -0.796 -0.796 -0.796 -1.700 -1.700 -1.700 -1.700 -1.700 -1.700 -1.700 -1.700 -1.700 -1.700 -1.700 -1.700 -1.700 -1.700 -1.700 -1.700 -1.700 -1.700 -1.700 -1.700 -1.700 -1.700 -2.275 -2.275 -2.275 -2.275 -2.275 -2.275 -2.275 -2.275 -2.275 -2.275 -2.275 -2.275 -2.275 -2.275 -2.275 -2.275 -2.275 -2.275 -2.275 -2.275 -2.275 -2.275 -2.376 -2.376 -2.376 -2.376 -2.376 -2.376 -2.376 -2.376 -2.376 -2.376 -2.376 -2.376 -2.376 -2.376 -2.376 -2.376 -2.376 -2.376 -2.376 -2.376 -2.376 -2.376 -0.054 -0.054 -0.054 -0.054 -0.054 -0.054 -0.054 -0.054 -0.054 -0.054 -0.054 -0.054 -0.054 -0.054 -0.054 -0.054 -0.054 -0.054 -0.054 -0.054 -0.054 -0.054 0.788 0.788 0.788 0.788 0.788 0.788 0.788 0.788 0.788 0.788 0.788 0.788 0.788 0.788 0.788 0.788 0.788 0.788 0.788 0.788 0.788 0.788 -0.130 -0.130 -0.130 -0.130 -0.130 -0.130 -0.130 -0.130 -0.130 -0.130 -0.130 -0.130 -0.130 -0.130 -0.130 -0.130 -0.130 -0.130 -0.130 -0.130 -0.130 -0.130 -0.407 -0.407 -0.407 -0.407 -0.407 -0.407 -0.407 -0.407 -0.407 -0.407 -0.407 -0.407 -0.407 -0.407 -0.407 -0.407 -0.407 -0.407 -0.407 -0.407 -0.407 -0.407 -0.566 -0.566 -0.566 -0.566 -0.566 -0.566 -0.566 -0.566 -0.566 -0.566 -0.566 -0.566 -0.566 -0.566 -0.566 -0.566 -0.566 -0.566 -0.566 -0.566 -0.566 -0.566 0.576 0.576 0.576 0.576 0.576 0.576 0.576 0.576 0.576 0.576 0.576 0.576 0.576 0.576 0.576 0.576 0.576 0.576 0.576 0.576 0.576 0.576
0.0152 0.01508 9.00000 2.0794312954 2.5717710909    2.076  2.010  3.6646  2.356    3  0.000  0.351     0.00     0.00     0.00     0.00     0.00 -1 -6.08e-11      0.00 6.888e-01 2.958e-01 1.698e-03 2.130e-03 6.455e-03 -1.000 1.541e-02       4619          0          0          0          0      15.86      15.86 -0.256 -0.857 -1.769 -2.349 -2.452 -0.111 0.743 -0.186 -0.468 -0.630 0.532 -0.857 -0.857 -0.857 -0.857 -0.857 -0.857 -0.857 -0.857 -0.857 -0.857 -0.857 -0.857 -0.857 -0.857 -0.857 -0.857 -0.857 -0.857 -0.857 -0.857 -0.857 -0.857 -1.769 -1.769 -1.769 -1.769 -1.769 -1.769 -1.769 -1.769 -1.769 -1.769 -1.769 -1.769 -1.769 -1.769 -1.769 -1.769 -1.769 -1.769 -1.769 -1.769 -1.769 -1.769 -2.349 -2.349 -2.349 -2.349 -2.349 -2.349 -2.349 -2.349 -2.349 -2.349 -2.349 -2.349 -2.349 -2.349 -2.349 -2.349 -2.349 -2.349 -2.349 -2.349 -2.349 -2.349 -2.452 -2.452 -2.452 -2.452 -2.452 -2.452 -2.452 -2.452 -2.452 -2.452 -2.452 -2.452 -2.452 -2.452 -2.452 -2.452 -2.452 -2.452 -2.452 -2.452 -2.452 -2.452 -0.111 -0.111 -0.111 -0.111 -0.111 -0.111 -0.111 -0.111 -0.111 -0.111 -0.111 -0.111 -0.111 -0.111 -0.111 -0.111 -0.111 -0.111 -0.111 -0.111 -0.111 -0.111 0.743 0.743 0.743 0.743 0.743 0.743 0.743 0.743 0.743 0.743 0.743 0.743 0.743 0.743 0.743 0.743 0.743 0.743 0.743 0.743 0.743 0.743 -0.186 -0.186 -0.186 -0.186 -0.186 -0.186 -0.186 -0.186 -0.186 -0.186 -0.186 -0.186 -0.186 -0.186 -0.186 -0.186 -0.186 -0.186 -0.186 -0.186 -0.186 -0.186 -0.468 -0.468 -0.468 -0.468 -0.468 -0.468 -0.468 -0.468 -0.468 -0.468 -0.468 -0.468 -0.468 -0.468 -0.468 -0.468 -0.468 -0.468 -0.468 -0.468 -0.468 -0.468 -0.630 -0.630 -0.630 -0.630 -0.630 -0.630 -0.630 -0.630 -0.630 -0.630 -0.630 -0.630 -0.630 -0.630 -0.630 -0.630 -0.630 -0.630 -0.630 -0.630 -0.630 -0.630 0.532 0.532 0.532 0.532 0.532 0.532 0.532 0.532 0.532 0.532 0.532 0.532 0.532 0.532 0.532 0.532 0.532 0.532 0.532 0.532 0.532 0.532
0.0152 0.01508 9.00000 2.0797491074 2.5717834404    2.076  2.041  3.6625  2.316    3  0.000  0.351     0.00     0.00     0.00     0.00     0.00 -1 -6.86e-11      0.00 6.883e-01 2.963e-01 1.696e-03 2.138e-03 6.448e-03 -1.000 1.541e-02       4596          0          0          0          0       16.6       16.6 -0.333 -0.933 -1.853 -2.439 -2.545 -0.180 0.688 -0.256 -0.542 -0.708 0.479 -0.933 -0.933 -0.933 -0.933 -0.933 -0.933 -0.933 -0.933 -0.933 -0.933 -0.933 -0.933 -0.933 -0.933 -0.933 -0.933 -0.933 -0.933 -0.933 -0.933 -0.933 -0.933 -1.853 -1.853 -1.853 -1.853 -1.853 -1.853 -1.853 -1.853 -1.853 -1.853 -1.853 -1.853 -1.853 -1.853 -1.853 -1.853 -1.853 -1.853 -1.853 -1.853 -1.853 -1.853 -2.439 -2.439 -2.439 -2.439 -2.439 -2.439 -2.439 -2.439 -2.439 -2.439 -2.439 -2.439 -2.439 -2.439 -2.439 -2.439 -2.439 -2.439 -2.439 -2.439 -2.439 -2.439 -2.545 -2.545 -2.545 -2.545 -2.545 -2.545 -2.545 -2.545 -2.545 -2.545 -2.545 -2.545 -2.545 -2.545 -2.545 -2.545 -2.545 -2.545 -2.545 -2.545 -2.545 -2.545 -0.180 -0.180 -0.180 -0.180 -0.180 -0.180 -0.180 -0.180 -0.180 -0.180 -0.180 -0.180 -0.180 -0.180 -0.180 -0.180 -0.180 -0.180 -0.180 -0.180 -0.180 -0.180 0.688 0.688 0.688 0.688 0.688 0.688 0.688 0.688 0.688 0.688 0.688 0.688 0.688 0.688 0.688 0.688 0.688 0.688 0.688 0.688 0.688 0.688 -0.256 -0.256 -0.256 -0.256 -0.256 -0.256 -0.256 -0.256 -0.256 -0.256 -0.256 -0.256 -0.256 -0.256 -0.256 -0.256 -0.256 -0.256 -0.256 -0.256 -0.256 -0.256 -0.542 -0.542 -0.542 -0.542 -0.542 -0.542 -0.542 -0.542 -0.542 -0.542 -0.542 -0.542 -0.542 -0.542 -0.542 -0.542 -0.542 -0.542 -0.542 -0.542 -0.542 -0.542 -0.708 -0.708 -0.708 -0.708 -0.708 -0.708 -0.708 -0.708 -0.708 -0.708 -0.708 -0.708 -0.708 -0.708 -0.708 -0.708 -0.708 -0.708 -0.708 -0.708 -0.708 -0.708 0.479 0.479 0.479 0.479 0.479 0.479 0.479 0.479 0.479 0.479 0.479 0.479 0.479 0.479 0.479 0.479 0.479 0.479 0.479 0.479 0.479 0.479
0.0152 0.01508 9.00000 2.0800349712 2.5717945448    2.077  2.070  3.6605  2.280    3  0.000  0.351     0.00     0.00     0.00     0.00     0.00 -1 -7.65e-11      0.00 6.880e-01 2.966e-01 1.695e-03 2.144e-03 6.444e-03 -1.000 1.541e-02       4575          0          0          0          0      17.31      17.31 -0.404 -1.001 -1.930 -2.522 -2.629 -0.244 0.639 -0.319 -0.610 -0.779 0.431 -1.001 -1.001 -1.001 -1.001 -1.001 -1.001 -1.001 -1.001 -1.001 -1.001 -1.001 -1.001 -1.001 -1.001 -1.001 -1.001 -1.001 -1.001 -1.001 -1.001 -1.001 -1.001 -1.930 -1.930 -1.930 -1.930 -1.930 -1.930 -1.930 -1.930 -1.930 -1.930 -1.930 -1.930 -1.930 -1.930 -1.930 -1.930 -1.930 -1.930 -1.930 -1.930 -1.930 -1.930 -2.522 -2.522 -2.522 -2.522 -2.522 -2.522 -2.522 -2.522 -2.522 -2.522 -2.522 -2.522 -2.522 -2.522 -2.522 -2.522 -2.522 -2.522 -2.522 -2.522 -2.522 -2.522 -2.629 -2.629 -2.629 -2.629 -2.629 -2.629 -2.629 -2.629 -2.629 -2.629 -2.629 -2.629 -2.629 -2.629 -2.629 -2.629 -2.629 -2.629 -2.629 -2.629 -2.629 -2.629 -0.244 -0.244 -0.244 -0.244 -0.244 -0.244 -0.244 -0.244 -0.244 -0.244 -0.244 -0.244 -0.244 -0.244 -0.244 -0.244 -0.244 -0.244 -0.244 -0.244 -0.244 -0.244 0.639 0.639 0.639 0.639 0.639 0.639 0.639 0.639 0.639 0.639 0.639 0.639 0.639 0.639 0.639 0.639 0.639 0.639 0.639 0.639 0.639 0.639 -0.319 -0.319 -0.319 -0.319 -0.319 -0.319 -0.319 -0.319 -0.319 -0.319 -0.319 -0.319 -0.319 -0.319 -0.319 -0.319 -0.319 -0.319 -0.319 -0.319 -0.319 -0.319 -0.610 -0.610 -0.610 -0.610 -0.610 -0.610 -0.610 -0.610 -0.610 -0.610 -0.610 -0.610 -0.610 -0.610 -0.610 -0.610 -0.610 -0.610 -0.610 -0.610 -0.610 -0.610 -0.779 -0.779 -0.779 -0.779 -0.779 -0.779 -0.779 -0.779 -0.779 -0.779 -0.779 -0.779 -0.779 -0.779 -0.779 -0.779 -0.779 -0.779 -0.779 -0.779 -0.779 -0.779 0.431 0.431 0.431 0.431 0.431 0.431 0.431 0.431 0.431 0.431 0.431 0.431 0.431 0.431 0.431 0.431 0.431 0.431 0.431 0.431 0.431 0.431
0.0152 0.01508 9.00000 2.0802369118 2.5718023871    2.077  2.090  3.6590  2.254    3  0.000  0.351     0.00     0.00     0.00     0.00     0.00 -1 -8.27e-11      0.00 6.879e-01 2.967e-01 1.694e-03 2.147e-03 6.441e-03 -1.000 1.541e-02       4560          0          0          0          0      17.83      17.83 -0.454 -1.050 -1.985 -2.581 -2.689 -0.288 0.604 -0.363 -0.658 -0.830 0.398 -1.050 -1.050 -1.050 -1.050 -1.050 -1.050 -1.050 -1.050 -1.050 -1.050 -1.050 -1.050 -1.050 -1.050 -1.050 -1.050 -1.050 -1.050 -1.050 -1.050 -1.050 -1.050 -1.985 -1.985 -1.985 -1.985 -1.985 -1.985 -1.985 -1.985 -1.985 -1.985 -1.985 -1.985 -1.985 -1.985 -1.985 -1.985 -1.985 -1.985 -1.985 -1.985 -1.985 -1.985 -2.581 -2.581 -2.581 -2.581 -2.581 -2.581 -2.581 -2.581 -2.581 -2.581 -2.581 -2.581 -2.581 -2.581 -2.581 -2.581 -2.581 -2.581 -2.581 -2.581 -2.581 -2.581 -2.689 -2.689 -2.689 -2.689 -2.689 -2.689 -2.689 -2.689 -2.689 -2.689 -2.689 -2.689 -2.689 -2.689 -2.689 -2.689 -2.689 -2.689 -2.689 -2.689 -2.689 -2.689 -0.288 -0.288 -0.288 -0.288 -0.288 -0.288 -0.288 -0.288 -0.288 -0.288 -0.288 -0.288 -0.288 -0.288 -0.288 -0.288 -0.288 -0.288 -0.288 -0.288 -0.288 -0.288 0.604 0.604 0.604 0.604 0.604 0.604 0.604 0.604 0.604 0.604 0.604 0.604 0.604 0.604 0.604 0.604 0.604 0.604 0.604 0.604 0.604 0.604 -0.363 -0.363 -0.363 -0.363 -0.363 -0.363 -0.363 -0.363 -0.363 -0.363 -0.363 -0.363 -0.363 -0.363 -0.363 -0.363 -0.363 -0.363 -0.363 -0.363 -0.363 -0.363 -0.658 -0.658 -0.658 -0.658 -0.658 -0.658 -0.658 -0.658 -0.658 -0.658 -0.658 -0.658 -0.658 -0.658 -0.658 -0.658 -0.658 -0.658 -0.658 -0.658 -0.658 -0.658 -0.830 -0.830 -0.830 -0.830 -0.830 -0.830 -0.830 -0.830 -0.830 -0.830 -0.830 -0.830 -0.830 -0.830 -0.830 -0.830 -0.830 -0.830 -0.830 -0.830 -0.830 -0.830 0.398 0.398 0.398 0.398 0.398 0.398 0.398 0.398 0.398 0.398 0.398 0.398 0.398 0.398 0.398 0.398 0.398 0.398 0.398 0.398 0.398 0.398
0.0152 0.01508 9.00000 2.0805428028 2.5718142629    2.077  2.121  3.6568  2.214    3  0.000  0.351     0.00     0.00     0.00     0.00     0.00 -1 -9.32e-11      0.00 6.877e-01 2.969e-01 1.693e-03 2.150e-03 6.438e-03 -1.000 1.541e-02       4537          0          0          0          0      18.66      18.66 -0.531 -1.123 -2.068 -2.671 -2.781 -0.356 0.553 -0.430 -0.731 -0.907 0.349 -1.123 -1.123 -1.123 -1.123 -1.123 -1.123 -1.123 -1.123 -1.123 -1.123 -1.123 -1.123 -1.123 -1.123 -1.123 -1.123 -1.123 -1.123 -1.123 -1.123 -1.123 -1.123 -2.068 -2.068 -2.068 -2.068 -2.068 -2.068 -2.068 -2.068 -2.068 -2.068 -2.068 -2.068 -2.068 -2.068 -2.068 -2.068 -2.068 -2.068 -2.068 -2.068 -2.068 -2.068 -2.671 -2.671 -2.671 -2.671 -2.671 -2.671 -2.671 -2.671 -2.671 -2.671 -2.671 -2.671 -2.671 -2.671 -2.671 -2.671 -2.671 -2.671 -2.671 -2.671 -2.671 -2.671 -2.781 -2.781 -2.781 -2.781 -2.781 -2.781 -2.781 -2.781 -2.781 -2.781 -2.781 -2.781 -2.781 -2.781 -2.781 -2.781 -2.781 -2.781 -2.781 -2.781 -2.781 -2.781 -0.356 -0.356 -0.356 -0.356 -0.356 -0.356 -0.356 -0.356 -0.356 -0.356 -0.356 -0.356 -0.356 -0.356 -0.356 -0.356 -0.356 -0.356 -0.356 -0.356 -0.356 -0.356 0.553 0.553 0.553 0.553 0.553 0.553 0.553 0.553 0.553 0.553 0.553 0.553 0.553 0.553 0.553 0.553 0.553 0.553 0.553 0.553 0.553 0.553 -0.430 -0.430 -0.430 -0.430 -0.430 -0.430 -0.430 -0.430 -0.430 -0.430 -0.430 -0.430 -0.430 -0.430 -0.430 -0.430 -0.430 -0.430 -0.430 -0.430 -0.430 -0.430 -0.731 -0.731 -0.731 -0.731 -0.731 -0.731 -0.731 -0.731 -0.731 -0.731 -0.731 -0.731 -0.731 -0.731 -0.731 -0.731 -0.731 -0.731 -0.731 -0.731 -0.731 -0.731 -0.907 -0.907 -0.907 -0.907 -0.907 -0.907 -0.907 -0.907 -0.907 -0.907 -0.907 -0.907 -0.907 -0.907 -0.907 -0.907 -0.907 -0.907 -0.907 -0.907 -0.907 -0.907 0.349 0.349 0.349 0.349 0.349 0.349 0.349 0.349 0.349 0.349 0.349 0.349 0.349 0.349 0.349 0.349 0.349 0.349 0.349 0.349 0.349 0.349
0.0152 0.01508 9.00000 2.0807635784 2.5718228317    2.077  2.143  3.6552  2.185    3  0.000  0.351     0.00     0.00     0.00     0.00     0.00 -1 -1.02e-10      0.00 6.876e-01 2.970e-01 1.693e-03 2.152e-03 6.437e-03 -1.000 1.541e-02       4520          0          0          0          0      19.29      19.29 -0.587 -1.177 -2.129 -2.736 -2.848 -0.405 0.515 -0.479 -0.783 -0.962 0.313 -1.177 -1.177 -1.177 -1.177 -1.177 -1.177 -1.177 -1.177 -1.177 -1.177 -1.177 -1.177 -1.177 -1.177 -1.177 -1.177 -1.177 -1.177 -1.177 -1.177 -1.177 -1.177 -2.129 -2.129 -2.129 -2.129 -2.129 -2.129 -2.129 -2.129 -2.129 -2.129 -2.129 -2.129 -2.129 -2.129 -2.129 -2.129 -2.129 -2.129 -2.129 -2.129 -2.129 -2.129 -2.736 -2.736 -2.736 -2.736 -2.736 -2.736 -2.736 -2.736 -2.736 -2.736 -2.736 -2.736 -2.736 -2.736 -2.736 -2.736 -2.736 -2.736 -2.736 -2.736 -2.736 -2.736 -2.848 -2.848 -2.848 -2.848 -2.848 -2.848 -2.848 -2.848 -2.848 -2.848 -2.848 -2.848 -2.848 -2.848 -2.848 -2.848 -2.848 -2.848 -2.848 -2.848 -2.848 -2.848 -0.405 -0.405 -0.405 -0.405 -0.405 -0.405 -0.405 -0.405 -0.405 -0.405 -0.405 -0.405 -0.405 -0.405 -0.405 -0.405 -0.405 -0.405 -0.405 -0.405 -0.405 -0.405 0.515 0.515 0.515 0.515 0.515 0.515 0.515 0.515 0.515 0.515 0.515 0.515 0.515 0.515 0.515 0.515 0.515 0.515 0.515 0.515 0.515 0.515 -0.479 -0.479 -0.479 -0.479 -0.479 -0.479 -0.479 -0.479 -0.479 -0.479 -0.479 -0.479 -0.479 -0.479 -0.479 -0.479 -0.479 -0.479 -0.479 -0.479 -0.479 -0.479 -0.783 -0.783 -0.783 -0.783 -0.783 -0.783 -0.783 -0.783 -0.783 -0.783 -0.783 -0.783 -0.783 -0.783 -0.783 -0.783 -0.783 -0.783 -0.783 -0.783 -0.783 -0.783 -0.962 -0.962 -0.962 -0.962 -0.962 -0.962 -0.962 -0.962 -0.962 -0.962 -0.962 -0.962 -0.962 -0.962 -0.962 -0.962 -0.962 -0.962 -0.962 -0.962 -0.962 -0.962 0.313 0.313 0.313 0.313 0.313 0.313 0.313 0.313 0.313 0.313 0.313 0.313 0.313 0.313 0.313 0.313 0.313 0.313 0.313 0.313 0.313 0.313
0.0152 0.01508 9.00000 2.0810656548 2.5718345527    2.078  2.174  3.6529  2.145    3  0.000  0.351     0.00     0.00     0.00     0.00     0.00 -1 -1.14e-10      0.00 6.876e-01 2.970e-01 1.693e-03 2.153e-03 6.436e-03 -1.000 1.541e-02       4496          0          0          0          0      20.21      20.21 -0.665 -1.251 -2.213 -2.827 -2.941 -0.473 0.464 -0.547 -0.857 -1.040 0.265 -1.251 -1.251 -1.251 -1.251 -1.251 -1.251 -1.251 -1.251 -1.251 -1.251 -1.251 -1.251 -1.251 -1.251 -1.251 -1.251 -1.251 -1.251 -1.251 -1.251 -1.251 -1.251 -2.213 -2.213 -2.213 -2.213 -2.213 -2.213 -2.213 -2.213 -2.213 -2.213 -2.213 -2.213 -2.213 -2.213 -2.213 -2.213 -2.213 -2.213 -2.213 -2.213 -2.213 -2.213 -2.827 -2.827 -2.827 -2.827 -2.827 -2.827 -2.827 -2.827 -2.827 -2.827 -2.827 -2.827 -2.827 -2.827 -2.827 -2.827 -2.827 -2.827 -2.827 -2.827 -2.827 -2.827 -2.941 -2.941 -2.941 -2.941 -2.941 -2.941 -2.941 -2.941 -2.941 -2.941 -2.941 -2.941 -2.941 -2.941 -2.941 -2.941 -2.941 -2.941 -2.941 -2.941 -2.941 -2.941 -0.473 -0.473 -0.473 -0.473 -0.473 -0.473 -0.473 -0.473 -0.473 -0.473 -0.473 -0.473 -0.473 -0.473 -0.473 -0.473 -0.473 -0.473 -0.473 -0.473 -0.473 -0.473 0.464 0.464 0.464 0.464 0.464 0.464 0.464 0.464 0.464 0.464 0.464 0.464 0.464 0.464 0.464 0.464 0.464 0.464 0.464 0.464 0.464 0.464 -0.547 -0.547 -0.547 -0.547 -0.547 -0.547 -0.547 -0.547 -0.547 -0.547 -0.547 -0.547 -0.547 -0.547 -0.547 -0.547 -0.547 -0.547 -0.547 -0.547 -0.547 -0.547 -0.857 -0.857 -0.857 -0.857 -0.857 -0.857 -0.857 -0.857 -0.857 -0.857 -0.857 -0.857 -0.857 -0.857 -0.857 -0.857 -0.857 -0.857 -0.857 -0.857 -0.857 -0.857 -1.040 -1.040 -1.040 -1.040 -1.040 -1.040 -1.040 -1.040 -1.040 -1.040 -1.040 -1.040 -1.040 -1.040 -1.040 -1.040 -1.040 -1.040 -1.040 -1.040 -1.040 -1.040 0.265 0.265 0.265 0.265 0.265 0.265 0.265 0.265 0.265 0.265 0.265 0.265 0.265 0.265 0.265 0.265 0.265 0.265 0.265 0.265 0.265 0.265
0.0152 0.01508 9.00000 2.0813333988 2.5718449382    2.078  2.202  3.6509  2.109    3  0.000  0.351     0.00     0.00     0.00     0.00     0.00 -1 -1.27e-10      0.00 6.876e-01 2.970e-01 1.693e-03 2.153e-03 6.436e-03 -1.000 1.541e-02       4475          0          0          0          0      21.06      21.06 -0.734 -1.318 -2.288 -2.909 -3.025 -0.534 0.418 -0.607 -0.922 -1.109 0.222 -1.318 -1.318 -1.318 -1.318 -1.318 -1.318 -1.318 -1.318 -1.318 -1.318 -1.318 -1.318 -1.318 -1.318 -1.318 -1.318 -1.318 -1.318 -1.318 -1.318 -1.318 -1.318 -2.288 -2.288 -2.288 -2.288 -2.288 -2.288 -2.288 -2.288 -2.288 -2.288 -2.288 -2.288 -2.288 -2.288 -2.288 -2.288 -2.288 -2.288 -2.288 -2.288 -2.288 -2.288 -2.909 -2.909 -2.909 -2.909 -2.909 -2.909 -2.909 -2.909 -2.909 -2.909 -2.909 -2.909 -2.909 -2.909 -2.909 -2.909 -2.909 -2.909 -2.909 -2.909 -2.909 -2.909 -3.025 -3.025 -3.025 -3.025 -3.025 -3.025 -3.025 -3.025 -3.025 -3.025 -3.025 -3.025 -3.025 -3.025 -3.025 -3.025 -3.025 -3.025 -3.025 -3.025 -3.025 -3.025 -0.534 -0.534 -0.534 -0.534 -0.534 -0.534 -0.534 -0.534 -0.534 -0.534 -0.534 -0.534 -0.534 -0.534 -0.534 -0.534 -0.534 -0.534 -0.534 -0.534 -0.534 -0.534 0.418 0.418 0.418 0.418 0.418 0.418 0.418 0.418 0.418 0.418 0.418 0.418 0.418 0.418 0.418 0.418 0.418 0.418 0.418 0.418 0.418 0.418 -0.607 -0.607 -0.607 -0.607 -0.607 -0.607 -0.607 -0.607 -0.607 -0.607 -0.607 -0.607 -0.607 -0.607 -0.607 -0.607 -0.607 -0.607 -0.607 -0.607 -0.607 -0.607 -0.922 -0.922 -0.922 -0.922 -0.922 -0.922 -0.922 -0.922 -0.922 -0.922 -0.922 -0.922 -0.922 -0.922 -0.922 -0.922 -0.922 -0.922 -0.922 -0.922 -0.922 -0.922 -1.109 -1.109 -1.109 -1.109 -1.109 -1.109 -1.109 -1.109 -1.109 -1.109 -1.109 -1.109 -1.109 -1.109 -1.109 -1.109 -1.109 -1.109 -1.109 -1.109 -1.109 -1.109 0.222 0.222 0.222 0.222 0.222 0.222 0.222 0.222 0.222 0.222 0.222 0.222 0.222 0.222 0.222 0.222 0.222 0.222 0.222 0.222 0.222 0.222
0.0152 0.01508 9.00000 2.0815804005 2.5718545164    2.078  2.227  3.6490  2.077    3  0.000  0.351     0.00     0.00     0.00     0.00     0.00 -1  -1.4e-10      0.00 6.876e-01 2.970e-01 1.693e-03 2.153e-03 6.436e-03 -1.000 1.541e-02       4456          0          0          0          0      21.88      21.88 -0.798 -1.378 -2.357 -2.983 -3.101 -0.589 0.377 -0.662 -0.982 -1.172 0.184 -1.378 -1.378 -1.378 -1.378 -1.378 -1.378 -1.378 -1.378 -1.378 -1.378 -1.378 -1.378 -1.378 -1.378 -1.378 -1.378 -1.378 -1.378 -1.378 -1.378 -1.378 -1.378 -2.357 -2.357 -2.357 -2.357 -2.357 -2.357 -2.357 -2.357 -2.357 -2.357 -2.357 -2.357 -2.357 -2.357 -2.357 -2.357 -2.357 -2.357 -2.357 -2.357 -2.357 -2.357 -2.983 -2.983 -2.983 -2.983 -2.983 -2.983 -2.983 -2.983 -2.983 -2.983 -2.983 -2.983 -2.983 -2.983 -2.983 -2.983 -2.983 -2.983 -2.983 -2.983 -2.983 -2.983 -3.101 -3.101 -3.101 -3.101 -3.101 -3.101 -3.101 -3.101 -3.101 -3.101 -3.101 -3.101 -3.101 -3.101 -3.101 -3.101 -3.101 -3.101 -3.101 -3.101 -3.101 -3.101 -0.589 -0.589 -0.589 -0.589 -0.589 -0.589 -0.589 -0.589 -0.589 -0.589 -0.589 -0.589 -0.589 -0.589 -0.589 -0.589 -0.589 -0.589 -0.589 -0.589 -0.589 -0.589 0.377 0.377 0.377 0.377 0.377 0.377 0.377 0.377 0.377 0.377 0.377 0.377 0.377 0.377 0.377 0.377 0.377 0.377 0.377 0.377 0.377 0.377 -0.662 -0.662 -0.662 -0.662 -0.662 -0.662 -0.662 -0.662 -0.662 -0.662 -0.662 -0.662 -0.662 -0.662 -0.662 -0.662 -0.662 -0.662 -0.662 -0.662 -0.662 -0.662 -0.982 -0.982 -0.982 -0.982 -0.982 -0.982 -0.982 -0.982 -0.982 -0.982 -0.982 -0.982 -0.982 -0.982 -0.982 -0.982 -0.982 -0.982 -0.982 -0.982 -0.982 -0.982 -1.172 -1.172 -1.172 -1.172 -1.172 -1.172 -1.172 -1.172 -1.172 -1.172 -1.172 -1.172 -1.172 -1.172 -1.172 -1.172 -1.172 -1.172 -1.172 -1.172 -1.172 -1.172 0.184 0.184 0.184 0.184 0.184 0.184 0.184 0.184 0.184 0.184 0.184 0.184 0.184 0.184 0.184 0.184 0.184 0.184 0.184 0.184 0.184 0.184
0.0152 0.01508 9.00000 2.0818750858 2.5718659403    2.078  2.257  3.6468  2.038    3  0.000  0.351     0.00     0.00     0.00     0.00     0.00 -1 -1.57e-10      0.00 6.875e-01 2.970e-01 1.693e-03 2.153e-03 6.436e-03 -1.000 1.541e-02       4433          0          0          0          0      22.86      22.86 -0.871 -1.448 -2.437 -3.070 -3.190 -0.652 0.331 -0.724 -1.050 -1.245 0.141 -1.448 -1.448 -1.448 -1.448 -1.448 -1.448 -1.448 -1.448 -1.448 -1.448 -1.448 -1.448 -1.448 -1.448 -1.448 -1.448 -1.448 -1.448 -1.448 -1.448 -1.448 -1.448 -2.437 -2.437 -2.437 -2.437 -2.437 -2.437 -2.437 -2.437 -2.437 -2.437 -2.437 -2.437 -2.437 -2.437 -2.437 -2.437 -2.437 -2.437 -2.437 -2.437 -2.437 -2.437 -3.070 -3.070 -3.070 -3.070 -3.070 -3.070 -3.070 -3.070 -3.070 -3.070 -3.070 -3.070 -3.070 -3.070 -3.070 -3.070 -3.070 -3.070 -3.070 -3.070 -3.070 -3.070 -3.190 -3.190 -3.190 -3.190 -3.190 -3.190 -3.190 -3.190 -3.190 -3.190 -3.190 -3.190 -3.190 -3.190 -3.190 -3.190 -3.190 -3.190 -3.190 -3.190 -3.190 -3.190 -0.652 -0.652 -0.652 -0.652 -0.652 -0.652 -0.652 -0.652 -0.652 -0.652 -0.652 -0.652 -0.652 -0.652 -0.652 -0.652 -0.652 -0.652 -0.652 -0.652 -0.652 -0.652 0.331 0.331 0.331 0.331 0.331 0.331 0.331 0.331 0.331 0.331 0.331 0.331 0.331 0.331 0.331 0.331 0.331 0.331 0.331 0.331 0.331 0.331 -0.724 -0.724 -0.724 -0.724 -0.724 -0.724 -0.724 -0.724 -0.724 -0.724 -0.724 -0.724 -0.724 -0.724 -0.724 -0.724 -0.724 -0.724 -0.724 -0.724 -0.724 -0.724 -1.050 -1.050 -1.050 -1.050 -1.050 -1.050 -1.050 -1.050 -1.050 -1.050 -1.050 -1.050 -1.050 -1.050 -1.050 -1.050 -1.050 -1.050 -1.050 -1.050 -1.050 -1.050 -1.245 -1.245 -1.245 -1.245 -1.245 -1.245 -1.245 -1.245 -1.245 -1.245 -1.245 -1.245 -1.245 -1.245 -1.245 -1.245 -1.245 -1.245 -1.245 -1.245 -1.245 -1.245 0.141 0.141 0.141 0.141 0.141 0.141 0.141 0.141 0.141 0.141 0.141 0.141 0.141 0.141 0.141 0.141 0.141 0.141 0.141 0.141 0.141 0.141
0.0152 0.01508 9.00000 2.0821490288 2.5718765567    2.078  2.283  3.6448  2.004    3  0.000  0.351     0.00     0.00     0.00     0.00     0.00 -1 -1.74e-10      0.00 6.875e-01 2.970e-01 1.693e-03 2.154e-03 6.436e-03 -1.000 1.541e-02       4413          0          0          0          0      23.78      23.78 -0.937 -1.509 -2.507 -3.146 -3.268 -0.708 0.290 -0.779 -1.111 -1.310 0.104 -1.509 -1.509 -1.509 -1.509 -1.509 -1.509 -1.509 -1.509 -1.509 -1.509 -1.509 -1.509 -1.509 -1.509 -1.509 -1.509 -1.509 -1.509 -1.509 -1.509 -1.509 -1.509 -2.507 -2.507 -2.507 -2.507 -2.507 -2.507 -2.507 -2.507 -2.507 -2.507 -2.507 -2.507 -2.507 -2.507 -2.507 -2.507 -2.507 -2.507 -2.507 -2.507 -2.507 -2.507 -3.146 -3.146 -3.146 -3.146 -3.146 -3.146 -3.146 -3.146 -3.146 -3.146 -3.146 -3.146 -3.146 -3.146 -3.146 -3.146 -3.146 -3.146 -3.146 -3.146 -3.146 -3.146 -3.268 -3.268 -3.268 -3.268 -3.268 -3.268 -3.268 -3.268 -3.268 -3.268 -3.268 -3.268 -3.268 -3.268 -3.268 -3.268 -3.268 -3.268 -3.268 -3.268 -3.268 -3.268 -0.708 -0.708 -0.708 -0.708 -0.708 -0.708 -0.708 -0.708 -0.708 -0.708 -0.708 -0.708 -0.708 -0.708 -0.708 -0.708 -0.708 -0.708 -0.708 -0.708 -0.708 -0.708 0.290 0.290 0.290 0.290 0.290 0.290 0.290 0.290 0.290 0.290 0.290 0.290 0.290 0.290 0.290 0.290 0.290 0.290 0.290 0.290 0.290 0.290 -0.779 -0.779 -0.779 -0.779 -0.779 -0.779 -0.779 -0.779 -0.779 -0.779 -0.779 -0.779 -0.779 -0.779 -0.779 -0.779 -0.779 -0.779 -0.779 -0.779 -0.779 -0.779 -1.111 -1.111 -1.111 -1.111 -1.111 -1.111 -1.111 -1.111 -1.111 -1.111 -1.111 -1.111 -1.111 -1.111 -1.111 -1.111 -1.111 -1.111 -1.111 -1.111 -1.111 -1.111 -1.310 -1.310 -1.310 -1.310 -1.310 -1.310 -1.310 -1.310 -1.310 -1.310 -1.310 -1.310 -1.310 -1.310 -1.310 -1.310 -1.310 -1.310 -1.310 -1.310 -1.310 -1.310 0.104 0.104 0.104 0.104 0.104 0.104 0.104 0.104 0.104 0.104 0.104 0.104 0.104 0.104 0.104 0.104 0.104 0.104 0.104 0.104 0.104 0.104
0.0152 0.01508 9.00000 2.0824358463 2.5718876686    2.079  2.308  3.6430  1.972    3  0.000  0.351     0.00     0.00     0.00     0.00     0.00 -1 -1.92e-10      0.00 6.875e-01 2.971e-01 1.693e-03 2.154e-03 6.436e-03 -1.000 1.541e-02       4394          0          0          0          0      24.68      24.68 -0.999 -1.569 -2.575 -3.219 -3.343 -0.761 0.252 -0.832 -1.170 -1.372 0.068 -1.569 -1.569 -1.569 -1.569 -1.569 -1.569 -1.569 -1.569 -1.569 -1.569 -1.569 -1.569 -1.569 -1.569 -1.569 -1.569 -1.569 -1.569 -1.569 -1.569 -1.569 -1.569 -2.575 -2.575 -2.575 -2.575 -2.575 -2.575 -2.575 -2.575 -2.575 -2.575 -2.575 -2.575 -2.575 -2.575 -2.575 -2.575 -2.575 -2.575 -2.575 -2.575 -2.575 -2.575 -3.219 -3.219 -3.219 -3.219 -3.219 -3.219 -3.219 -3.219 -3.219 -3.219 -3.219 -3.219 -3.219 -3.219 -3.219 -3.219 -3.219 -3.219 -3.219 -3.219 -3.219 -3.219 -3.343 -3.343 -3.343 -3.343 -3.343 -3.343 -3.343 -3.343 -3.343 -3.343 -3.343 -3.343 -3.343 -3.343 -3.343 -3.343 -3.343 -3.343 -3.343 -3.343 -3.343 -3.343 -0.761 -0.761 -0.761 -0.761 -0.761 -0.761 -0.761 -0.761 -0.761 -0.761 -0.761 -0.761 -0.761 -0.761 -0.761 -0.761 -0.761 -0.761 -0.761 -0.761 -0.761 -0.761 0.252 0.252 0.252 0.252 0.252 0.252 0.252 0.252 0.252 0.252 0.252 0.252 0.252 0.252 0.252 0.252 0.252 0.252 0.252 0.252 0.252 0.252 -0.832 -0.832 -0.832 -0.832 -0.832 -0.832 -0.832 -0.832 -0.832 -0.832 -0.832 -0.832 -0.832 -0.832 -0.832 -0.832 -0.832 -0.832 -0.832 -0.832 -0.832 -0.832 -1.170 -1.170 -1.170 -1.170 -1.170 -1.170 -1.170 -1.170 -1.170 -1.170 -1.170 -1.170 -1.170 -1.170 -1.170 -1.170 -1.170 -1.170 -1.170 -1.170 -1.170 -1.170 -1.372 -1.372 -1.372 -1.372 -1.372 -1.372 -1.372 -1.372 -1.372 -1.372 -1.372 -1.372 -1.372 -1.372 -1.372 -1.372 -1.372 -1.372 -1.372 -1.372 -1.372 -1.372 0.068 0.068 0.068 0.068 0.068 0.068 0.068 0.068 0.068 0.068 0.068 0.068 0.068 0.068 0.068 0.068 0.068 0.068 0.068 0.068 0.068 0.068
0.0152 0.01508 9.00000 2.0827763081 2.5719008543    2.079  2.331  3.6412  1.942    3  0.000  0.351     0.00     0.00     0.00     0.00     0.00 -1  -2.1e-10      0.00 6.875e-01 2.971e-01 1.693e-03 2.154e-03 6.435e-03 -1.000 1.541e-02       4377          0          0          0          0      25.55      25.55 -1.057 -1.624 -2.638 -3.288 -3.414 -0.811 0.217 -0.881 -1.224 -1.430 0.035 -1.624 -1.624 -1.624 -1.624 -1.624 -1.624 -1.624 -1.624 -1.624 -1.624 -1.624 -1.624 -1.624 -1.624 -1.624 -1.624 -1.624 -1.624 -1.624 -1.624 -1.624 -1.624 -2.638 -2.638 -2.638 -2.638 -2.638 -2.638 -2.638 -2.638 -2.638 -2.638 -2.638 -2.638 -2.638 -2.638 -2.638 -2.638 -2.638 -2.638 -2.638 -2.638 -2.638 -2.638 -3.288 -3.288 -3.288 -3.288 -3.288 -3.288 -3.288 -3.288 -3.288 -3.288 -3.288 -3.288 -3.288 -3.288 -3.288 -3.288 -3.288 -3.288 -3.288 -3.288 -3.288 -3.288 -3.414 -3.414 -3.414 -3.414 -3.414 -3.414 -3.414 -3.414 -3.414 -3.414 -3.414 -3.414 -3.414 -3.414 -3.414 -3.414 -3.414 -3.414 -3.414 -3.414 -3.414 -3.414 -0.811 -0.811 -0.811 -0.811 -0.811 -0.811 -0.811 -0.811 -0.811 -0.811 -0.811 -0.811 -0.811 -0.811 -0.811 -0.811 -0.811 -0.811 -0.811 -0.811 -0.811 -0.811 0.217 0.217 0.217 0.217 0.217 0.217 0.217 0.217 0.217 0.217 0.217 0.217 0.217 0.217 0.217 0.217 0.217 0.217 0.217 0.217 0.217 0.217 -0.881 -0.881 -0.881 -0.881 -0.881 -0.881 -0.881 -0.881 -0.881 -0.881 -0.881 -0.881 -0.881 -0.881 -0.881 -0.881 -0.881 -0.881 -0.881 -0.881 -0.881 -0.881 -1.224 -1.224 -1.224 -1.224 -1.224 -1.224 -1.224 -1.224 -1.224 -1.224 -1.224 -1.224 -1.224 -1.224 -1.224 -1.224 -1.224 -1.224 -1.224 -1.224 -1.224 -1.224 -1.430 -1.430 -1.430 -1.430 -1.430 -1.430 -1.430 -1.430 -1.430 -1.430 -1.430 -1.430 -1.430 -1.430 -1.430 -1.430 -1.430 -1.430 -1.430 -1.430 -1.430 -1.430 0.035 0.035 0.035 0.035 0.035 0.035 0.035 0.035 0.035 0.035 0.035 0.035 0.035 0.035 0.035 0.035 0.035 0.035 0.035 0.035 0.035 0.035
0.0152 0.01508 9.00000 2.0833199024 2.5719218967    2.079  2.355  3.6394  1.911    3  0.000  0.351     0.00     0.00     0.00     0.00     0.00 -1 -2.31e-10      0.00 6.875e-01 2.971e-01 1.693e-03 2.154e-03 6.435e-03 -1.000 1.541e-02       4359          0          0          0          0      26.49      26.49 -1.118 -1.681 -2.703 -3.358 -3.486 -0.863 0.181 -0.931 -1.280 -1.490 0.001 -1.681 -1.681 -1.681 -1.681 -1.681 -1.681 -1.681 -1.681 -1.681 -1.681 -1.681 -1.681 -1.681 -1.681 -1.681 -1.681 -1.681 -1.681 -1.681 -1.681 -1.681 -1.681 -2.703 -2.703 -2.703 -2.703 -2.703 -2.703 -2.703 -2.703 -2.703 -2.703 -2.703 -2.703 -2.703 -2.703 -2.703 -2.703 -2.703 -2.703 -2.703 -2.703 -2.703 -2.703 -3.358 -3.358 -3.358 -3.358 -3.358 -3.358 -3.358 -3.358 -3.358 -3.358 -3.358 -3.358 -3.358 -3.358 -3.358 -3.358 -3.358 -3.358 -3.358 -3.358 -3.358 -3.358 -3.486 -3.486 -3.486 -3.486 -3.486 -3.486 -3.486 -3.486 -3.486 -3.486 -3.486 -3.486 -3.486 -3.486 -3.486 -3.486 -3.486 -3.486 -3.486 -3.486 -3.486 -3.486 -0.863 -0.863 -0.863 -0.863 -0.863 -0.863 -0.863 -0.863 -0.863 -0.863 -0.863 -0.863 -0.863 -0.863 -0.863 -0.863 -0.863 -0.863 -0.863 -0.863 -0.863 -0.863 0.181 0.181 0.181 0.181 0.181 0.181 0.181 0.181 0.181 0.181 0.181 0.181 0.181 0.181 0.181 0.181 0.181 0.181 0.181 0.181 0.181 0.181 -0.931 -0.931 -0.931 -0.931 -0.931 -0.931 -0.931 -0.931 -0.931 -0.931 -0.931 -0.931 -0.931 -0.931 -0.931 -0.931 -0.931 -0.931 -0.931 -0.931 -0.931 -0.931 -1.280 -1.280 -1.280 -1.280 -1.280 -1.280 -1.280 -1.280 -1.280 -1.280 -1.280 -1.280 -1.280 -1.280 -1.280 -1.280 -1.280 -1.280 -1.280 -1.280 -1.280 -1.280 -1.490 -1.490 -1.490 -1.490 -1.490 -1.490 -1.490 -1.490 -1.490 -1.490 -1.490 -1.490 -1.490 -1.490 -1.490 -1.490 -1.490 -1.490 -1.490 -1.490 -1.490 -1.490 0.001 0.001 0.001 0.001 0.001 0.001 0.001 0.001 0.001 0.001 0.001 0.001 0.001 0.001 0.001 0.001 0.001 0.001 0.001 0.001 0.001 0.001
0.0152 0.01508 9.00000 2.0835986137 2.5719326807    2.079  2.345  3.6403  1.924    4  0.000  0.351     0.00     0.00     0.00     0.00     0.00 -1 -2.24e-10      0.00 6.875e-01 2.971e-01 1.693e-03 2.154e-03 6.435e-03 -1.000 1.541e-02       4367          0          0          0          0      26.07      26.07 -1.091 -1.656 -2.675 -3.327 -3.454 -0.841 0.196 -0.910 -1.256 -1.464 0.015 -1.656 -1.656 -1.656 -1.656 -1.656 -1.656 -1.656 -1.656 -1.656 -1.656 -1.656 -1.656 -1.656 -1.656 -1.656 -1.656 -1.656 -1.656 -1.656 -1.656 -1.656 -1.656 -2.675 -2.675 -2.675 -2.675 -2.675 -2.675 -2.675 -2.675 -2.675 -2.675 -2.675 -2.675 -2.675 -2.675 -2.675 -2.675 -2.675 -2.675 -2.675 -2.675 -2.675 -2.675 -3.327 -3.327 -3.327 -3.327 -3.327 -3.327 -3.327 -3.327 -3.327 -3.327 -3.327 -3.327 -3.327 -3.327 -3.327 -3.327 -3.327 -3.327 -3.327 -3.327 -3.327 -3.327 -3.454 -3.454 -3.454 -3.454 -3.454 -3.454 -3.454 -3.454 -3.454 -3.454 -3.454 -3.454 -3.454 -3.454 -3.454 -3.454 -3.454 -3.454 -3.454 -3.454 -3.454 -3.454 -0.841 -0.841 -0.841 -0.841 -0.841 -0.841 -0.841 -0.841 -0.841 -0.841 -0.841 -0.841 -0.841 -0.841 -0.841 -0.841 -0.841 -0.841 -0.841 -0.841 -0.841 -0.841 0.196 0.196 0.196 0.196 0.196 0.196 0.196 0.196 0.196 0.196 0.196 0.196 0.196 0.196 0.196 0.196 0.196 0.196 0.196 0.196 0.196 0.196 -0.910 -0.910 -0.910 -0.910 -0.910 -0.910 -0.910 -0.910 -0.910 -0.910 -0.910 -0.910 -0.910 -0.910 -0.910 -0.910 -0.910 -0.910 -0.910 -0.910 -0.910 -0.910 -1.256 -1.256 -1.256 -1.256 -1.256 -1.256 -1.256 -1.256 -1.256 -1.256 -1.256 -1.256 -1.256 -1.256 -1.256 -1.256 -1.256 -1.256 -1.256 -1.256 -1.256 -1.256 -1.464 -1.464 -1.464 -1.464 -1.464 -1.464 -1.464 -1.464 -1.464 -1.464 -1.464 -1.464 -1.464 -1.464 -1.464 -1.464 -1.464 -1.464 -1.464 -1.464 -1.464 -1.464 0.015 0.015 0.015 0.015 0.015 0.015 0.015 0.015 0.015 0.015 0.015 0.015 0.015 0.015 0.015 0.015 0.015 0.015 0.015 0.015 0.015 0.015
0.0152 0.01508 9.00000 2.0837643147 2.5719390905    2.079  2.327  3.6417  1.948    4  0.000  0.351     0.00     0.00     0.00     0.00     0.00 -1  -2.1e-10      0.00 6.875e-01 2.971e-01 1.693e-03 2.154e-03 6.435e-03 -1.000 1.541e-02       4381          0          0          0          0      25.38      25.38 -1.047 -1.614 -2.627 -3.275 -3.400 -0.803 0.222 -0.873 -1.215 -1.419 0.039 -1.614 -1.614 -1.614 -1.614 -1.614 -1.614 -1.614 -1.614 -1.614 -1.614 -1.614 -1.614 -1.614 -1.614 -1.614 -1.614 -1.614 -1.614 -1.614 -1.614 -1.614 -1.614 -2.627 -2.627 -2.627 -2.627 -2.627 -2.627 -2.627 -2.627 -2.627 -2.627 -2.627 -2.627 -2.627 -2.627 -2.627 -2.627 -2.627 -2.627 -2.627 -2.627 -2.627 -2.627 -3.275 -3.275 -3.275 -3.275 -3.275 -3.275 -3.275 -3.275 -3.275 -3.275 -3.275 -3.275 -3.275 -3.275 -3.275 -3.275 -3.275 -3.275 -3.275 -3.275 -3.275 -3.275 -3.400 -3.400 -3.400 -3.400 -3.400 -3.400 -3.400 -3.400 -3.400 -3.400 -3.400 -3.400 -3.400 -3.400 -3.400 -3.400 -3.400 -3.400 -3.400 -3.400 -3.400 -3.400 -0.803 -0.803 -0.803 -0.803 -0.803 -0.803 -0.803 -0.803 -0.803 -0.803 -0.803 -0.803 -0.803 -0.803 -0.803 -0.803 -0.803 -0.803 -0.803 -0.803 -0.803 -0.803 0.222 0.222 0.222 0.222 0.222 0.222 0.222 0.222 0.222 0.222 0.222 0.222 0.222 0.222 0.222 0.222 0.222 0.222 0.222 0.222 0.222 0.222 -0.873 -0.873 -0.873 -0.873 -0.873 -0.873 -0.873 -0.873 -0.873 -0.873 -0.873 -0.873 -0.873 -0.873 -0.873 -0.873 -0.873 -0.873 -0.873 -0.873 -0.873 -0.873 -1.215 -1.215 -1.215 -1.215 -1.215 -1.215 -1.215 -1.215 -1.215 -1.215 -1.215 -1.215 -1.215 -1.215 -1.215 -1.215 -1.215 -1.215 -1.215 -1.215 -1.215 -1.215 -1.419 -1.419 -1.419 -1.419 -1.419 -1.419 -1.419 -1.419 -1.419 -1.419 -1.419 -1.419 -1.419 -1.419 -1.419 -1.419 -1.419 -1.419 -1.419 -1.419 -1.419 -1.419 0.039 0.039 0.039 0.039 0.039 0.039 0.039 0.039 0.039 0.039 0.039 0.039 0.039 0.039 0.039 0.039 0.039 0.039 0.039 0.039 0.039 0.039
0.0152 0.01508 9.00000 2.0838584900 2.5719427329    2.080  2.312  3.6428  1.968    4  0.000  0.351     0.00     0.00     0.00     0.00     0.00 -1 -1.99e-10      0.00 6.875e-01 2.971e-01 1.693e-03 2.155e-03 6.435e-03 -1.000 1.541e-02       4393          0          0          0          0      24.81      24.81 -1.009 -1.579 -2.586 -3.231 -3.355 -0.771 0.244 -0.841 -1.180 -1.382 0.060 -1.579 -1.579 -1.579 -1.579 -1.579 -1.579 -1.579 -1.579 -1.579 -1.579 -1.579 -1.579 -1.579 -1.579 -1.579 -1.579 -1.579 -1.579 -1.579 -1.579 -1.579 -1.579 -2.586 -2.586 -2.586 -2.586 -2.586 -2.586 -2.586 -2.586 -2.586 -2.586 -2.586 -2.586 -2.586 -2.586 -2.586 -2.586 -2.586 -2.586 -2.586 -2.586 -2.586 -2.586 -3.231 -3.231 -3.231 -3.231 -3.231 -3.231 -3.231 -3.231 -3.231 -3.231 -3.231 -3.231 -3.231 -3.231 -3.231 -3.231 -3.231 -3.231 -3.231 -3.231 -3.231 -3.231 -3.355 -3.355 -3.355 -3.355 -3.355 -3.355 -3.355 -3.355 -3.355 -3.355 -3.355 -3.355 -3.355 -3.355 -3.355 -3.355 -3.355 -3.355 -3.355 -3.355 -3.355 -3.355 -0.771 -0.771 -0.771 -0.771 -0.771 -0.771 -0.771 -0.771 -0.771 -0.771 -0.771 -0.771 -0.771 -0.771 -0.771 -0.771 -0.771 -0.771 -0.771 -0.771 -0.771 -0.771 0.244 0.244 0.244 0.244 0.244 0.244 0.244 0.244 0.244 0.244 0.244 0.244 0.244 0.244 0.244 0.244 0.244 0.244 0.244 0.244 0.244 0.244 -0.841 -0.841 -0.841 -0.841 -0.841 -0.841 -0.841 -0.841 -0.841 -0.841 -0.841 -0.841 -0.841 -0.841 -0.841 -0.841 -0.841 -0.841 -0.841 -0.841 -0.841 -0.841 -1.180 -1.180 -1.180 -1.180 -1.180 -1.180 -1.180 -1.180 -1.180 -1.180 -1.180 -1.180 -1.180 -1.180 -1.180 -1.180 -1.180 -1.180 -1.180 -1.180 -1.180 -1.180 -1.382 -1.382 -1.382 -1.382 -1.382 -1.382 -1.382 -1.382 -1.382 -1.382 -1.382 -1.382 -1.382 -1.382 -1.382 -1.382 -1.382 -1.382 -1.382 -1.382 -1.382 -1.382 0.060 0.060 0.060 0.060 0.060 0.060 0.060 0.060 0.060 0.060 0.060 0.060 0.060 0.060 0.060 0.060 0.060 0.060 0.060 0.060 0.060 0.060
0.0152 0.01508 9.00000 2.0839552879 2.5719464764    2.080  2.292  3.6444  1.994    4  0.000  0.351     0.00     0.00     0.00     0.00     0.00 -1 -1.84e-10      0.00 6.875e-01 2.971e-01 1.693e-03 2.155e-03 6.435e-03 -1.000 1.541e-02       4409          0          0          0          0      24.09      24.09 -0.960 -1.531 -2.532 -3.172 -3.294 -0.729 0.274 -0.799 -1.133 -1.333 0.088 -1.531 -1.531 -1.531 -1.531 -1.531 -1.531 -1.531 -1.531 -1.531 -1.531 -1.531 -1.531 -1.531 -1.531 -1.531 -1.531 -1.531 -1.531 -1.531 -1.531 -1.531 -1.531 -2.532 -2.532 -2.532 -2.532 -2.532 -2.532 -2.532 -2.532 -2.532 -2.532 -2.532 -2.532 -2.532 -2.532 -2.532 -2.532 -2.532 -2.532 -2.532 -2.532 -2.532 -2.532 -3.172 -3.172 -3.172 -3.172 -3.172 -3.172 -3.172 -3.172 -3.172 -3.172 -3.172 -3.172 -3.172 -3.172 -3.172 -3.172 -3.172 -3.172 -3.172 -3.172 -3.172 -3.172 -3.294 -3.294 -3.294 -3.294 -3.294 -3.294 -3.294 -3.294 -3.294 -3.294 -3.294 -3.294 -3.294 -3.294 -3.294 -3.294 -3.294 -3.294 -3.294 -3.294 -3.294 -3.294 -0.729 -0.729 -0.729 -0.729 -0.729 -0.729 -0.729 -0.729 -0.729 -0.729 -0.729 -0.729 -0.729 -0.729 -0.729 -0.729 -0.729 -0.729 -0.729 -0.729 -0.729 -0.729 0.274 0.274 0.274 0.274 0.274 0.274 0.274 0.274 0.274 0.274 0.274 0.274 0.274 0.274 0.274 0.274 0.274 0.274 0.274 0.274 0.274 0.274 -0.799 -0.799 -0.799 -0.799 -0.799 -0.799 -0.799 -0.799 -0.799 -0.799 -0.799 -0.799 -0.799 -0.799 -0.799 -0.799 -0.799 -0.799 -0.799 -0.799 -0.799 -0.799 -1.133 -1.133 -1.133 -1.133 -1.133 -1.133 -1.133 -1.133 -1.133 -1.133 -1.133 -1.133 -1.133 -1.133 -1.133 -1.133 -1.133 -1.133 -1.133 -1.133 -1.133 -1.133 -1.333 -1.333 -1.333 -1.333 -1.333 -1.333 -1.333 -1.333 -1.333 -1.333 -1.333 -1.333 -1.333 -1.333 -1.333 -1.333 -1.333 -1.333 -1.333 -1.333 -1.333 -1.333 0.088 0.088 0.088 0.088 0.088 0.088 0.088 0.088 0.088 0.088 0.088 0.088 0.088 0.088 0.088 0.088 0.088 0.088 0.088 0.088 0.088 0.088
0.0152 0.01508 9.00000 2.0840358734 2.5719495926    2.080  2.270  3.6461  2.022    4  0.000  0.351     0.00     0.00     0.00     0.00     0.00 -1  -1.7e-10      0.00 6.875e-01 2.971e-01 1.692e-03 2.155e-03 6.435e-03 -1.000 1.541e-02       4426          0          0          0          0      23.31      23.31 -0.904 -1.479 -2.472 -3.107 -3.228 -0.681 0.307 -0.753 -1.082 -1.278 0.119 -1.479 -1.479 -1.479 -1.479 -1.479 -1.479 -1.479 -1.479 -1.479 -1.479 -1.479 -1.479 -1.479 -1.479 -1.479 -1.479 -1.479 -1.479 -1.479 -1.479 -1.479 -1.479 -2.472 -2.472 -2.472 -2.472 -2.472 -2.472 -2.472 -2.472 -2.472 -2.472 -2.472 -2.472 -2.472 -2.472 -2.472 -2.472 -2.472 -2.472 -2.472 -2.472 -2.472 -2.472 -3.107 -3.107 -3.107 -3.107 -3.107 -3.107 -3.107 -3.107 -3.107 -3.107 -3.107 -3.107 -3.107 -3.107 -3.107 -3.107 -3.107 -3.107 -3.107 -3.107 -3.107 -3.107 -3.228 -3.228 -3.228 -3.228 -3.228 -3.228 -3.228 -3.228 -3.228 -3.228 -3.228 -3.228 -3.228 -3.228 -3.228 -3.228 -3.228 -3.228 -3.228 -3.228 -3.228 -3.228 -0.681 -0.681 -0.681 -0.681 -0.681 -0.681 -0.681 -0.681 -0.681 -0.681 -0.681 -0.681 -0.681 -0.681 -0.681 -0.681 -0.681 -0.681 -0.681 -0.681 -0.681 -0.681 0.307 0.307 0.307 0.307 0.307 0.307 0.307 0.307 0.307 0.307 0.307 0.307 0.307 0.307 0.307 0.307 0.307 0.307 0.307 0.307 0.307 0.307 -0.753 -0.753 -0.753 -0.753 -0.753 -0.753 -0.753 -0.753 -0.753 -0.753 -0.753 -0.753 -0.753 -0.753 -0.753 -0.753 -0.753 -0.753 -0.753 -0.753 -0.753 -0.753 -1.082 -1.082 -1.082 -1.082 -1.082 -1.082 -1.082 -1.082 -1.082 -1.082 -1.082 -1.082 -1.082 -1.082 -1.082 -1.082 -1.082 -1.082 -1.082 -1.082 -1.082 -1.082 -1.278 -1.278 -1.278 -1.278 -1.278 -1.278 -1.278 -1.278 -1.278 -1.278 -1.278 -1.278 -1.278 -1.278 -1.278 -1.278 -1.278 -1.278 -1.278 -1.278 -1.278 -1.278 0.119 0.119 0.119 0.119 0.119 0.119 0.119 0.119 0.119 0.119 0.119 0.119 0.119 0.119 0.119 0.119 0.119 0.119 0.119 0.119 0.119 0.119
0.0152 0.01508 9.00000 2.0840978622 2.5719519895    2.080  2.251  3.6475  2.047    4  0.000  0.351     0.00     0.00     0.00     0.00     0.00 -1 -1.58e-10      0.00 6.875e-01 2.971e-01 1.692e-03 2.155e-03 6.435e-03 -1.000 1.541e-02       4441          0          0          0          0      22.67      22.67 -0.857 -1.435 -2.421 -3.051 -3.171 -0.641 0.336 -0.713 -1.038 -1.231 0.145 -1.435 -1.435 -1.435 -1.435 -1.435 -1.435 -1.435 -1.435 -1.435 -1.435 -1.435 -1.435 -1.435 -1.435 -1.435 -1.435 -1.435 -1.435 -1.435 -1.435 -1.435 -1.435 -2.421 -2.421 -2.421 -2.421 -2.421 -2.421 -2.421 -2.421 -2.421 -2.421 -2.421 -2.421 -2.421 -2.421 -2.421 -2.421 -2.421 -2.421 -2.421 -2.421 -2.421 -2.421 -3.051 -3.051 -3.051 -3.051 -3.051 -3.051 -3.051 -3.051 -3.051 -3.051 -3.051 -3.051 -3.051 -3.051 -3.051 -3.051 -3.051 -3.051 -3.051 -3.051 -3.051 -3.051 -3.171 -3.171 -3.171 -3.171 -3.171 -3.171 -3.171 -3.171 -3.171 -3.171 -3.171 -3.171 -3.171 -3.171 -3.171 -3.171 -3.171 -3.171 -3.171 -3.171 -3.171 -3.171 -0.641 -0.641 -0.641 -0.641 -0.641 -0.641 -0.641 -0.641 -0.641 -0.641 -0.641 -0.641 -0.641 -0.641 -0.641 -0.641 -0.641 -0.641 -0.641 -0.641 -0.641 -0.641 0.336 0.336 0.336 0.336 0.336 0.336 0.336 0.336 0.336 0.336 0.336 0.336 0.336 0.336 0.336 0.336 0.336 0.336 0.336 0.336 0.336 0.336 -0.713 -0.713 -0.713 -0.713 -0.713 -0.713 -0.713 -0.713 -0.713 -0.713 -0.713 -0.713 -0.713 -0.713 -0.713 -0.713 -0.713 -0.713 -0.713 -0.713 -0.713 -0.713 -1.038 -1.038 -1.038 -1.038 -1.038 -1.038 -1.038 -1.038 -1.038 -1.038 -1.038 -1.038 -1.038 -1.038 -1.038 -1.038 -1.038 -1.038 -1.038 -1.038 -1.038 -1.038 -1.231 -1.231 -1.231 -1.231 -1.231 -1.231 -1.231 -1.231 -1.231 -1.231 -1.231 -1.231 -1.231 -1.231 -1.231 -1.231 -1.231 -1.231 -1.231 -1.231 -1.231 -1.231 0.145 0.145 0.145 0.145 0.145 0.145 0.145 0.145 0.145 0.145 0.145 0.145 0.145 0.145 0.145 0.145 0.145 0.145 0.145 0.145 0.145 0.145
0.0152 0.01508 9.00000 2.0841619968 2.5719544691    2.080  2.229  3.6491  2.075    4  0.000  0.351     0.00     0.00     0.00     0.00     0.00 -1 -1.46e-10      0.00 6.875e-01 2.971e-01 1.692e-03 2.155e-03 6.435e-03 -1.000 1.541e-02       4457          0          0          0          0      21.98      21.98 -0.804 -1.384 -2.363 -2.988 -3.106 -0.595 0.370 -0.668 -0.988 -1.178 0.175 -1.384 -1.384 -1.384 -1.384 -1.384 -1.384 -1.384 -1.384 -1.384 -1.384 -1.384 -1.384 -1.384 -1.384 -1.384 -1.384 -1.384 -1.384 -1.384 -1.384 -1.384 -1.384 -2.363 -2.363 -2.363 -2.363 -2.363 -2.363 -2.363 -2.363 -2.363 -2.363 -2.363 -2.363 -2.363 -2.363 -2.363 -2.363 -2.363 -2.363 -2.363 -2.363 -2.363 -2.363 -2.988 -2.988 -2.988 -2.988 -2.988 -2.988 -2.988 -2.988 -2.988 -2.988 -2.988 -2.988 -2.988 -2.988 -2.988 -2.988 -2.988 -2.988 -2.988 -2.988 -2.988 -2.988 -3.106 -3.106 -3.106 -3.106 -3.106 -3.106 -3.106 -3.106 -3.106 -3.106 -3.106 -3.106 -3.106 -3.106 -3.106 -3.106 -3.106 -3.106 -3.106 -3.106 -3.106 -3.106 -0.595 -0.595 -0.595 -0.595 -0.595 -0.595 -0.595 -0.595 -0.595 -0.595 -0.595 -0.595 -0.595 -0.595 -0.595 -0.595 -0.595 -0.595 -0.595 -0.595 -0.595 -0.595 0.370 0.370 0.370 0.370 0.370 0.370 0.370 0.370 0.370 0.370 0.370 0.370 0.370 0.370 0.370 0.370 0.370 0.370 0.370 0.370 0.370 0.370 -0.668 -0.668 -0.668 -0.668 -0.668 -0.668 -0.668 -0.668 -0.668 -0.668 -0.668 -0.668 -0.668 -0.668 -0.668 -0.668 -0.668 -0.668 -0.668 -0.668 -0.668 -0.668 -0.988 -0.988 -0.988 -0.988 -0.988 -0.988 -0.988 -0.988 -0.988 -0.988 -0.988 -0.988 -0.988 -0.988 -0.988 -0.988 -0.988 -0.988 -0.988 -0.988 -0.988 -0.988 -1.178 -1.178 -1.178 -1.178 -1.178 -1.178 -1.178 -1.178 -1.178 -1.178 -1.178 -1.178 -1.178 -1.178 -1.178 -1.178 -1.178 -1.178 -1.178 -1.178 -1.178 -1.178 0.175 0.175 0.175 0.175 0.175 0.175 0.175 0.175 0.175 0.175 0.175 0.175 0.175 0.175 0.175 0.175 0.175 0.175 0.175 0.175 0.175 0.175
0.0152 0.01508 9.00000 2.0842297077 2.5719570869    2.080  2.184  3.6525  2.134    4  0.000  0.351     0.00     0.00     0.00     0.00     0.00 -1 -1.23e-10      0.00 6.875e-01 2.971e-01 1.692e-03 2.155e-03 6.435e-03 -1.000 1.541e-02       4493          0          0          0          0      20.62      20.62 -0.691 -1.277 -2.240 -2.855 -2.970 -0.497 0.442 -0.571 -0.882 -1.066 0.243 -1.277 -1.277 -1.277 -1.277 -1.277 -1.277 -1.277 -1.277 -1.277 -1.277 -1.277 -1.277 -1.277 -1.277 -1.277 -1.277 -1.277 -1.277 -1.277 -1.277 -1.277 -1.277 -2.240 -2.240 -2.240 -2.240 -2.240 -2.240 -2.240 -2.240 -2.240 -2.240 -2.240 -2.240 -2.240 -2.240 -2.240 -2.240 -2.240 -2.240 -2.240 -2.240 -2.240 -2.240 -2.855 -2.855 -2.855 -2.855 -2.855 -2.855 -2.855 -2.855 -2.855 -2.855 -2.855 -2.855 -2.855 -2.855 -2.855 -2.855 -2.855 -2.855 -2.855 -2.855 -2.855 -2.855 -2.970 -2.970 -2.970 -2.970 -2.970 -2.970 -2.970 -2.970 -2.970 -2.970 -2.970 -2.970 -2.970 -2.970 -2.970 -2.970 -2.970 -2.970 -2.970 -2.970 -2.970 -2.970 -0.497 -0.497 -0.497 -0.497 -0.497 -0.497 -0.497 -0.497 -0.497 -0.497 -0.497 -0.497 -0.497 -0.497 -0.497 -0.497 -0.497 -0.497 -0.497 -0.497 -0.497 -0.497 0.442 0.442 0.442 0.442 0.442 0.442 0.442 0.442 0.442 0.442 0.442 0.442 0.442 0.442 0.442 0.442 0.442 0.442 0.442 0.442 0.442 0.442 -0.571 -0.571 -0.571 -0.571 -0.571 -0.571 -0.571 -0.571 -0.571 -0.571 -0.571 -0.571 -0.571 -0.571 -0.571 -0.571 -0.571 -0.571 -0.571 -0.571 -0.571 -0.571 -0.882 -0.882 -0.882 -0.882 -0.882 -0.882 -0.882 -0.882 -0.882 -0.882 -0.882 -0.882 -0.882 -0.882 -0.882 -0.882 -0.882 -0.882 -0.882 -0.882 -0.882 -0.882 -1.066 -1.066 -1.066 -1.066 -1.066 -1.066 -1.066 -1.066 -1.066 -1.066 -1.066 -1.066 -1.066 -1.066 -1.066 -1.066 -1.066 -1.066 -1.066 -1.066 -1.066 -1.066 0.243 0.243 0.243 0.243 0.243 0.243 0.243 0.243 0.243 0.243 0.243 0.243 0.243 0.243 0.243 0.243 0.243 0.243 0.243 0.243 0.243 0.243
0.0152 0.01508 9.00000 2.0843257904 2.5719608012    2.080  2.033  3.6634  2.328    4  0.000  0.351     0.00     0.00     0.00     0.00     0.00 -1    -7e-11      0.00 6.875e-01 2.971e-01 1.692e-03 2.155e-03 6.435e-03 -1.000 1.541e-02       4610          0          0          0          0      17.28      17.28 -0.313 -0.915 -1.830 -2.411 -2.516 -0.166 0.697 -0.242 -0.525 -0.689 0.481 -0.915 -0.915 -0.915 -0.915 -0.915 -0.915 -0.915 -0.915 -0.915 -0.915 -0.915 -0.915 -0.915 -0.915 -0.915 -0.915 -0.915 -0.915 -0.915 -0.915 -0.915 -0.915 -1.830 -1.830 -1.830 -1.830 -1.830 -1.830 -1.830 -1.830 -1.830 -1.830 -1.830 -1.830 -1.830 -1.830 -1.830 -1.830 -1.830 -1.830 -1.830 -1.830 -1.830 -1.830 -2.411 -2.411 -2.411 -2.411 -2.411 -2.411 -2.411 -2.411 -2.411 -2.411 -2.411 -2.411 -2.411 -2.411 -2.411 -2.411 -2.411 -2.411 -2.411 -2.411 -2.411 -2.411 -2.516 -2.516 -2.516 -2.516 -2.516 -2.516 -2.516 -2.516 -2.516 -2.516 -2.516 -2.516 -2.516 -2.516 -2.516 -2.516 -2.516 -2.516 -2.516 -2.516 -2.516 -2.516 -0.166 -0.166 -0.166 -0.166 -0.166 -0.166 -0.166 -0.166 -0.166 -0.166 -0.166 -0.166 -0.166 -0.166 -0.166 -0.166 -0.166 -0.166 -0.166 -0.166 -0.166 -0.166 0.697 0.697 0.697 0.697 0.697 0.697 0.697 0.697 0.697 0.697 0.697 0.697 0.697 0.697 0.697 0.697 0.697 0.697 0.697 0.697 0.697 0.697 -0.242 -0.242 -0.242 -0.242 -0.242 -0.242 -0.242 -0.242 -0.242 -0.242 -0.242 -0.242 -0.242 -0.242 -0.242 -0.242 -0.242 -0.242 -0.242 -0.242 -0.242 -0.242 -0.525 -0.525 -0.525 -0.525 -0.525 -0.525 -0.525 -0.525 -0.525 -0.525 -0.525 -0.525 -0.525 -0.525 -0.525 -0.525 -0.525 -0.525 -0.525 -0.525 -0.525 -0.525 -0.689 -0.689 -0.689 -0.689 -0.689 -0.689 -0.689 -0.689 -0.689 -0.689 -0.689 -0.689 -0.689 -0.689 -0.689 -0.689 -0.689 -0.689 -0.689 -0.689 -0.689 -0.689 0.481 0.481 0.481 0.481 0.481 0.481 0.481 0.481 0.481 0.481 0.481 0.481 0.481 0.481 0.481 0.481 0.481 0.481 0.481 0.481 0.481 0.481
0.0152 0.01508 9.00000 2.0844023228 2.5719637595    2.080  1.993  3.6662  2.379    4  0.000  0.351     0.00     0.00     0.00     0.00     0.00 -1 -6.02e-11      0.00 6.875e-01 2.971e-01 1.692e-03 2.155e-03 6.435e-03 -1.000 1.541e-02       4641          0          0          0          0       16.5       16.5 -0.214 -0.818 -1.722 -2.294 -2.397 -0.077 0.767 -0.153 -0.430 -0.588 0.547 -0.818 -0.818 -0.818 -0.818 -0.818 -0.818 -0.818 -0.818 -0.818 -0.818 -0.818 -0.818 -0.818 -0.818 -0.818 -0.818 -0.818 -0.818 -0.818 -0.818 -0.818 -0.818 -1.722 -1.722 -1.722 -1.722 -1.722 -1.722 -1.722 -1.722 -1.722 -1.722 -1.722 -1.722 -1.722 -1.722 -1.722 -1.722 -1.722 -1.722 -1.722 -1.722 -1.722 -1.722 -2.294 -2.294 -2.294 -2.294 -2.294 -2.294 -2.294 -2.294 -2.294 -2.294 -2.294 -2.294 -2.294 -2.294 -2.294 -2.294 -2.294 -2.294 -2.294 -2.294 -2.294 -2.294 -2.397 -2.397 -2.397 -2.397 -2.397 -2.397 -2.397 -2.397 -2.397 -2.397 -2.397 -2.397 -2.397 -2.397 -2.397 -2.397 -2.397 -2.397 -2.397 -2.397 -2.397 -2.397 -0.077 -0.077 -0.077 -0.077 -0.077 -0.077 -0.077 -0.077 -0.077 -0.077 -0.077 -0.077 -0.077 -0.077 -0.077 -0.077 -0.077 -0.077 -0.077 -0.077 -0.077 -0.077 0.767 0.767 0.767 0.767 0.767 0.767 0.767 0.767 0.767 0.767 0.767 0.767 0.767 0.767 0.767 0.767 0.767 0.767 0.767 0.767 0.767 0.767 -0.153 -0.153 -0.153 -0.153 -0.153 -0.153 -0.153 -0.153 -0.153 -0.153 -0.153 -0.153 -0.153 -0.153 -0.153 -0.153 -0.153 -0.153 -0.153 -0.153 -0.153 -0.153 -0.430 -0.430 -0.430 -0.430 -0.430 -0.430 -0.430 -0.430 -0.430 -0.430 -0.430 -0.430 -0.430 -0.430 -0.430 -0.430 -0.430 -0.430 -0.430 -0.430 -0.430 -0.430 -0.588 -0.588 -0.588 -0.588 -0.588 -0.588 -0.588 -0.588 -0.588 -0.588 -0.588 -0.588 -0.588 -0.588 -0.588 -0.588 -0.588 -0.588 -0.588 -0.588 -0.588 -0.588 0.547 0.547 0.547 0.547 0.547 0.547 0.547 0.547 0.547 0.547 0.547 0.547 0.547 0.547 0.547 0.547 0.547 0.547 0.547 0.547 0.547 0.547
0.0152 0.01508 9.00000 2.0844829082 2.5719668741    2.080  1.965  3.6682  2.417    4  0.000  0.351     0.00     0.00     0.00     0.00     0.00 -1 -5.39e-11      0.00 6.875e-01 2.971e-01 1.692e-03 2.155e-03 6.435e-03 -1.000 1.541e-02       4663          0          0          0          0       15.9       15.9 -0.141 -0.749 -1.643 -2.209 -2.310 -0.013 0.817 -0.089 -0.361 -0.516 0.596 -0.749 -0.749 -0.749 -0.749 -0.749 -0.749 -0.749 -0.749 -0.749 -0.749 -0.749 -0.749 -0.749 -0.749 -0.749 -0.749 -0.749 -0.749 -0.749 -0.749 -0.749 -0.749 -1.643 -1.643 -1.643 -1.643 -1.643 -1.643 -1.643 -1.643 -1.643 -1.643 -1.643 -1.643 -1.643 -1.643 -1.643 -1.643 -1.643 -1.643 -1.643 -1.643 -1.643 -1.643 -2.209 -2.209 -2.209 -2.209 -2.209 -2.209 -2.209 -2.209 -2.209 -2.209 -2.209 -2.209 -2.209 -2.209 -2.209 -2.209 -2.209 -2.209 -2.209 -2.209 -2.209 -2.209 -2.310 -2.310 -2.310 -2.310 -2.310 -2.310 -2.310 -2.310 -2.310 -2.310 -2.310 -2.310 -2.310 -2.310 -2.310 -2.310 -2.310 -2.310 -2.310 -2.310 -2.310 -2.310 -0.013 -0.013 -0.013 -0.013 -0.013 -0.013 -0.013 -0.013 -0.013 -0.013 -0.013 -0.013 -0.013 -0.013 -0.013 -0.013 -0.013 -0.013 -0.013 -0.013 -0.013 -0.013 0.817 0.817 0.817 0.817 0.817 0.817 0.817 0.817 0.817 0.817 0.817 0.817 0.817 0.817 0.817 0.817 0.817 0.817 0.817 0.817 0.817 0.817 -0.089 -0.089 -0.089 -0.089 -0.089 -0.089 -0.089 -0.089 -0.089 -0.089 -0.089 -0.089 -0.089 -0.089 -0.089 -0.089 -0.089 -0.089 -0.089 -0.089 -0.089 -0.089 -0.361 -0.361 -0.361 -0.361 -0.361 -0.361 -0.361 -0.361 -0.361 -0.361 -0.361 -0.361 -0.361 -0.361 -0.361 -0.361 -0.361 -0.361 -0.361 -0.361 -0.361 -0.361 -0.516 -0.516 -0.516 -0.516 -0.516 -0.516 -0.516 -0.516 -0.516 -0.516 -0.516 -0.516 -0.516 -0.516 -0.516 -0.516 -0.516 -0.516 -0.516 -0.516 -0.516 -0.516 0.596 0.596 0.596 0.596 0.596 0.596 0.596 0.596 0.596 0.596 0.596 0.596 0.596 0.596 0.596 0.596 0.596 0.596 0.596 0.596 0.596 0.596
0.0152 0.01508 9.00000 2.0845668316 2.5719701175    2.080  1.940  3.6700  2.448    4  0.000  0.351     0.00     0.00     0.00     0.00     0.00 -1 -4.91e-11      0.00 6.875e-01 2.971e-01 1.692e-03 2.155e-03 6.435e-03 -1.000 1.541e-02       4682          0          0          0          0      15.37      15.37 -0.080 -0.689 -1.576 -2.137 -2.236 0.042 0.860 -0.034 -0.302 -0.454 0.637 -0.689 -0.689 -0.689 -0.689 -0.689 -0.689 -0.689 -0.689 -0.689 -0.689 -0.689 -0.689 -0.689 -0.689 -0.689 -0.689 -0.689 -0.689 -0.689 -0.689 -0.689 -0.689 -1.576 -1.576 -1.576 -1.576 -1.576 -1.576 -1.576 -1.576 -1.576 -1.576 -1.576 -1.576 -1.576 -1.576 -1.576 -1.576 -1.576 -1.576 -1.576 -1.576 -1.576 -1.576 -2.137 -2.137 -2.137 -2.137 -2.137 -2.137 -2.137 -2.137 -2.137 -2.137 -2.137 -2.137 -2.137 -2.137 -2.137 -2.137 -2.137 -2.137 -2.137 -2.137 -2.137 -2.137 -2.236 -2.236 -2.236 -2.236 -2.236 -2.236 -2.236 -2.236 -2.236 -2.236 -2.236 -2.236 -2.236 -2.236 -2.236 -2.236 -2.236 -2.236 -2.236 -2.236 -2.236 -2.236 0.042 0.042 0.042 0.042 0.042 0.042 0.042 0.042 0.042 0.042 0.042 0.042 0.042 0.042 0.042 0.042 0.042 0.042 0.042 0.042 0.042 0.042 0.860 0.860 0.860 0.860 0.860 0.860 0.860 0.860 0.860 0.860 0.860 0.860 0.860 0.860 0.860 0.860 0.860 0.860 0.860 0.860 0.860 0.860 -0.034 -0.034 -0.034 -0.034 -0.034 -0.034 -0.034 -0.034 -0.034 -0.034 -0.034 -0.034 -0.034 -0.034 -0.034 -0.034 -0.034 -0.034 -0.034 -0.034 -0.034 -0.034 -0.302 -0.302 -0.302 -0.302 -0.302 -0.302 -0.302 -0.302 -0.302 -0.302 -0.302 -0.302 -0.302 -0.302 -0.302 -0.302 -0.302 -0.302 -0.302 -0.302 -0.302 -0.302 -0.454 -0.454 -0.454 -0.454 -0.454 -0.454 -0.454 -0.454 -0.454 -0.454 -0.454 -0.454 -0.454 -0.454 -0.454 -0.454 -0.454 -0.454 -0.454 -0.454 -0.454 -0.454 0.637 0.637 0.637 0.637 0.637 0.637 0.637 0.637 0.637 0.637 0.637 0.637 0.637 0.637 0.637 0.637 0.637 0.637 0.637 0.637 0.637 0.637
0.0152 0.01508 9.00000 2.0846538544 2.5719734803    2.080  1.917  3.6716  2.477    4  0.000  0.351     0.00     0.00     0.00     0.00     0.00 -1  -4.5e-11      0.00 6.875e-01 2.971e-01 1.692e-03 2.155e-03 6.435e-03 -1.000 1.541e-02       4700          0          0          0          0      14.88      14.88 -0.024 -0.634 -1.514 -2.071 -2.169 0.093 0.900 0.017 -0.248 -0.397 0.677 -0.634 -0.634 -0.634 -0.634 -0.634 -0.634 -0.634 -0.634 -0.634 -0.634 -0.634 -0.634 -0.634 -0.634 -0.634 -0.634 -0.634 -0.634 -0.634 -0.634 -0.634 -0.634 -1.514 -1.514 -1.514 -1.514 -1.514 -1.514 -1.514 -1.514 -1.514 -1.514 -1.514 -1.514 -1.514 -1.514 -1.514 -1.514 -1.514 -1.514 -1.514 -1.514 -1.514 -1.514 -2.071 -2.071 -2.071 -2.071 -2.071 -2.071 -2.071 -2.071 -2.071 -2.071 -2.071 -2.071 -2.071 -2.071 -2.071 -2.071 -2.071 -2.071 -2.071 -2.071 -2.071 -2.071 -2.169 -2.169 -2.169 -2.169 -2.169 -2.169 -2.169 -2.169 -2.169 -2.169 -2.169 -2.169 -2.169 -2.169 -2.169 -2.169 -2.169 -2.169 -2.169 -2.169 -2.169 -2.169 0.093 0.093 0.093 0.093 0.093 0.093 0.093 0.093 0.093 0.093 0.093 0.093 0.093 0.093 0.093 0.093 0.093 0.093 0.093 0.093 0.093 0.093 0.900 0.900 0.900 0.900 0.900 0.900 0.900 0.900 0.900 0.900 0.900 0.900 0.900 0.900 0.900 0.900 0.900 0.900 0.900 0.900 0.900 0.900 0.017 0.017 0.017 0.017 0.017 0.017 0.017 0.017 0.017 0.017 0.017 0.017 0.017 0.017 0.017 0.017 0.017 0.017 0.017 0.017 0.017 0.017 -0.248 -0.248 -0.248 -0.248 -0.248 -0.248 -0.248 -0.248 -0.248 -0.248 -0.248 -0.248 -0.248 -0.248 -0.248 -0.248 -0.248 -0.248 -0.248 -0.248 -0.248 -0.248 -0.397 -0.397 -0.397 -0.397 -0.397 -0.397 -0.397 -0.397 -0.397 -0.397 -0.397 -0.397 -0.397 -0.397 -0.397 -0.397 -0.397 -0.397 -0.397 -0.397 -0.397 -0.397 0.677 0.677 0.677 0.677 0.677 0.677 0.677 0.677 0.677 0.677 0.677 0.677 0.677 0.677 0.677 0.677 0.677 0.677 0.677 0.677 0.677 0.677
0.0152 0.01508 9.00000 2.0847783089 2.5719782891    2.080  1.890  3.6737  2.513    4  0.000  0.351     0.00     0.00     0.00     0.00     0.00 -1 -4.04e-11      0.00 6.875e-01 2.971e-01 1.692e-03 2.155e-03 6.434e-03 -1.000 1.541e-02       4722          0          0          0          0      14.27      14.27 0.046 -0.566 -1.438 -1.989 -2.085 0.156 0.950 0.080 -0.180 -0.326 0.727 -0.566 -0.566 -0.566 -0.566 -0.566 -0.566 -0.566 -0.566 -0.566 -0.566 -0.566 -0.566 -0.566 -0.566 -0.566 -0.566 -0.566 -0.566 -0.566 -0.566 -0.566 -0.566 -1.438 -1.438 -1.438 -1.438 -1.438 -1.438 -1.438 -1.438 -1.438 -1.438 -1.438 -1.438 -1.438 -1.438 -1.438 -1.438 -1.438 -1.438 -1.438 -1.438 -1.438 -1.438 -1.989 -1.989 -1.989 -1.989 -1.989 -1.989 -1.989 -1.989 -1.989 -1.989 -1.989 -1.989 -1.989 -1.989 -1.989 -1.989 -1.989 -1.989 -1.989 -1.989 -1.989 -1.989 -2.085 -2.085 -2.085 -2.085 -2.085 -2.085 -2.085 -2.085 -2.085 -2.085 -2.085 -2.085 -2.085 -2.085 -2.085 -2.085 -2.085 -2.085 -2.085 -2.085 -2.085 -2.085 0.156 0.156 0.156 0.156 0.156 0.156 0.156 0.156 0.156 0.156 0.156 0.156 0.156 0.156 0.156 0.156 0.156 0.156 0.156 0.156 0.156 0.156 0.950 0.950 0.950 0.950 0.950 0.950 0.950 0.950 0.950 0.950 0.950 0.950 0.950 0.950 0.950 0.950 0.950 0.950 0.950 0.950 0.950 0.950 0.080 0.080 0.080 0.080 0.080 0.080 0.080 0.080 0.080 0.080 0.080 0.080 0.080 0.080 0.080 0.080 0.080 0.080 0.080 0.080 0.080 0.080 -0.180 -0.180 -0.180 -0.180 -0.180 -0.180 -0.180 -0.180 -0.180 -0.180 -0.180 -0.180 -0.180 -0.180 -0.180 -0.180 -0.180 -0.180 -0.180 -0.180 -0.180 -0.180 -0.326 -0.326 -0.326 -0.326 -0.326 -0.326 -0.326 -0.326 -0.326 -0.326 -0.326 -0.326 -0.326 -0.326 -0.326 -0.326 -0.326 -0.326 -0.326 -0.326 -0.326 -0.326 0.727 0.727 0.727 0.727 0.727 0.727 0.727 0.727 0.727 0.727 0.727 0.727 0.727 0.727 0.727 0.727 0.727 0.727 0.727 0.727 0.727 0.727
0.0152 0.01508 9.00000 2.0849068165 2.5719832537    2.080  1.866  3.6754  2.544    4  0.000  0.351     0.00     0.00     0.00     0.00     0.00 -1 -3.68e-11      0.00 6.875e-01 2.971e-01 1.692e-03 2.155e-03 6.434e-03 -1.000 1.541e-02       4741          0          0          0          0      13.74      13.74 0.106 -0.507 -1.372 -1.918 -2.013 0.211 0.993 0.134 -0.122 -0.265 0.770 -0.507 -0.507 -0.507 -0.507 -0.507 -0.507 -0.507 -0.507 -0.507 -0.507 -0.507 -0.507 -0.507 -0.507 -0.507 -0.507 -0.507 -0.507 -0.507 -0.507 -0.507 -0.507 -1.372 -1.372 -1.372 -1.372 -1.372 -1.372 -1.372 -1.372 -1.372 -1.372 -1.372 -1.372 -1.372 -1.372 -1.372 -1.372 -1.372 -1.372 -1.372 -1.372 -1.372 -1.372 -1.918 -1.918 -1.918 -1.918 -1.918 -1.918 -1.918 -1.918 -1.918 -1.918 -1.918 -1.918 -1.918 -1.918 -1.918 -1.918 -1.918 -1.918 -1.918 -1.918 -1.918 -1.918 -2.013 -2.013 -2.013 -2.013 -2.013 -2.013 -2.013 -2.013 -2.013 -2.013 -2.013 -2.013 -2.013 -2.013 -2.013 -2.013 -2.013 -2.013 -2.013 -2.013 -2.013 -2.013 0.211 0.211 0.211 0.211 0.211 0.211 0.211 0.211 0.211 0.211 0.211 0.211 0.211 0.211 0.211 0.211 0.211 0.211 0.211 0.211 0.211 0.211 0.993 0.993 0.993 0.993 0.993 0.993 0.993 0.993 0.993 0.993 0.993 0.993 0.993 0.993 0.993 0.993 0.993 0.993 0.993 0.993 0.993 0.993 0.134 0.134 0.134 0.134 0.134 0.134 0.134 0.134 0.134 0.134 0.134 0.134 0.134 0.134 0.134 0.134 0.134 0.134 0.134 0.134 0.134 0.134 -0.122 -0.122 -0.122 -0.122 -0.122 -0.122 -0.122 -0.122 -0.122 -0.122 -0.122 -0.122 -0.122 -0.122 -0.122 -0.122 -0.122 -0.122 -0.122 -0.122 -0.122 -0.122 -0.265 -0.265 -0.265 -0.265 -0.265 -0.265 -0.265 -0.265 -0.265 -0.265 -0.265 -0.265 -0.265 -0.265 -0.265 -0.265 -0.265 -0.265 -0.265 -0.265 -0.265 -0.265 0.770 0.770 0.770 0.770 0.770 0.770 0.770 0.770 0.770 0.770 0.770 0.770 0.770 0.770 0.770 0.770 0.770 0.770 0.770 0.770 0.770 0.770
0.0152 0.01508 9.00000 2.0851278305 2.5719917906    2.081  1.833  3.6778  2.586    4  0.000  0.351     0.00     0.00     0.00     0.00     0.00 -1 -3.22e-11      0.00 6.875e-01 2.971e-01 1.692e-03 2.155e-03 6.434e-03 -1.000 1.541e-02       4766          0          0          0          0      13.03      13.03 0.187 -0.429 -1.284 -1.823 -1.917 0.283 1.053 0.207 -0.045 -0.184 0.828 -0.429 -0.429 -0.429 -0.429 -0.429 -0.429 -0.429 -0.429 -0.429 -0.429 -0.429 -0.429 -0.429 -0.429 -0.429 -0.429 -0.429 -0.429 -0.429 -0.429 -0.429 -0.429 -1.284 -1.284 -1.284 -1.284 -1.284 -1.284 -1.284 -1.284 -1.284 -1.284 -1.284 -1.284 -1.284 -1.284 -1.284 -1.284 -1.284 -1.284 -1.284 -1.284 -1.284 -1.284 -1.823 -1.823 -1.823 -1.823 -1.823 -1.823 -1.823 -1.823 -1.823 -1.823 -1.823 -1.823 -1.823 -1.823 -1.823 -1.823 -1.823 -1.823 -1.823 -1.823 -1.823 -1.823 -1.917 -1.917 -1.917 -1.917 -1.917 -1.917 -1.917 -1.917 -1.917 -1.917 -1.917 -1.917 -1.917 -1.917 -1.917 -1.917 -1.917 -1.917 -1.917 -1.917 -1.917 -1.917 0.283 0.283 0.283 0.283 0.283 0.283 0.283 0.283 0.283 0.283 0.283 0.283 0.283 0.283 0.283 0.283 0.283 0.283 0.283 0.283 0.283 0.283 1.053 1.053 1.053 1.053 1.053 1.053 1.053 1.053 1.053 1.053 1.053 1.053 1.053 1.053 1.053 1.053 1.053 1.053 1.053 1.053 1.053 1.053 0.207 0.207 0.207 0.207 0.207 0.207 0.207 0.207 0.207 0.207 0.207 0.207 0.207 0.207 0.207 0.207 0.207 0.207 0.207 0.207 0.207 0.207 -0.045 -0.045 -0.045 -0.045 -0.045 -0.045 -0.045 -0.045 -0.045 -0.045 -0.045 -0.045 -0.045 -0.045 -0.045 -0.045 -0.045 -0.045 -0.045 -0.045 -0.045 -0.045 -0.184 -0.184 -0.184 -0.184 -0.184 -0.184 -0.184 -0.184 -0.184 -0.184 -0.184 -0.184 -0.184 -0.184 -0.184 -0.184 -0.184 -0.184 -0.184 -0.184 -0.184 -0.184 0.828 0.828 0.828 0.828 0.828 0.828 0.828 0.828 0.828 0.828 0.828 0.828 0.828 0.828 0.828 0.828 0.828 0.828 0.828 0.828 0.828 0.828
0.0152 0.01508 9.00000 2.0853049755 2.5719986314    2.081  1.812  3.6793  2.613    4  0.000  0.351     0.00     0.00     0.00     0.00     0.00 -1 -2.96e-11      0.00 6.875e-01 2.971e-01 1.692e-03 2.155e-03 6.434e-03 -1.000 1.541e-02       4782          0          0          0          0      12.57      12.57 0.239 -0.377 -1.227 -1.762 -1.854 0.331 1.093 0.254 0.005 -0.131 0.868 -0.377 -0.377 -0.377 -0.377 -0.377 -0.377 -0.377 -0.377 -0.377 -0.377 -0.377 -0.377 -0.377 -0.377 -0.377 -0.377 -0.377 -0.377 -0.377 -0.377 -0.377 -0.377 -1.227 -1.227 -1.227 -1.227 -1.227 -1.227 -1.227 -1.227 -1.227 -1.227 -1.227 -1.227 -1.227 -1.227 -1.227 -1.227 -1.227 -1.227 -1.227 -1.227 -1.227 -1.227 -1.762 -1.762 -1.762 -1.762 -1.762 -1.762 -1.762 -1.762 -1.762 -1.762 -1.762 -1.762 -1.762 -1.762 -1.762 -1.762 -1.762 -1.762 -1.762 -1.762 -1.762 -1.762 -1.854 -1.854 -1.854 -1.854 -1.854 -1.854 -1.854 -1.854 -1.854 -1.854 -1.854 -1.854 -1.854 -1.854 -1.854 -1.854 -1.854 -1.854 -1.854 -1.854 -1.854 -1.854 0.331 0.331 0.331 0.331 0.331 0.331 0.331 0.331 0.331 0.331 0.331 0.331 0.331 0.331 0.331 0.331 0.331 0.331 0.331 0.331 0.331 0.331 1.093 1.093 1.093 1.093 1.093 1.093 1.093 1.093 1.093 1.093 1.093 1.093 1.093 1.093 1.093 1.093 1.093 1.093 1.093 1.093 1.093 1.093 0.254 0.254 0.254 0.254 0.254 0.254 0.254 0.254 0.254 0.254 0.254 0.254 0.254 0.254 0.254 0.254 0.254 0.254 0.254 0.254 0.254 0.254 0.005 0.005 0.005 0.005 0.005 0.005 0.005 0.005 0.005 0.005 0.005 0.005 0.005 0.005 0.005 0.005 0.005 0.005 0.005 0.005 0.005 0.005 -0.131 -0.131 -0.131 -0.131 -0.131 -0.131 -0.131 -0.131 -0.131 -0.131 -0.131 -0.131 -0.131 -0.131 -0.131 -0.131 -0.131 -0.131 -0.131 -0.131 -0.131 -0.131 0.868 0.868 0.868 0.868 0.868 0.868 0.868 0.868 0.868 0.868 0.868 0.868 0.868 0.868 0.868 0.868 0.868 0.868 0.868 0.868 0.868 0.868
0.0152 0.01508 9.00000 2.0856409073 2.5720116006    2.081  1.778  3.6818  2.657    4  0.000  0.351     0.00     0.00     0.00     0.00     0.00 -1 -2.59e-11      0.00 6.875e-01 2.971e-01 1.692e-03 2.156e-03 6.434e-03 -1.000 1.541e-02       4809          0          0          0          0      11.83      11.83 0.325 -0.294 -1.133 -1.661 -1.752 0.409 1.159 0.332 0.088 -0.044 0.935 -0.294 -0.294 -0.294 -0.294 -0.294 -0.294 -0.294 -0.294 -0.294 -0.294 -0.294 -0.294 -0.294 -0.294 -0.294 -0.294 -0.294 -0.294 -0.294 -0.294 -0.294 -0.294 -1.133 -1.133 -1.133 -1.133 -1.133 -1.133 -1.133 -1.133 -1.133 -1.133 -1.133 -1.133 -1.133 -1.133 -1.133 -1.133 -1.133 -1.133 -1.133 -1.133 -1.133 -1.133 -1.661 -1.661 -1.661 -1.661 -1.661 -1.661 -1.661 -1.661 -1.661 -1.661 -1.661 -1.661 -1.661 -1.661 -1.661 -1.661 -1.661 -1.661 -1.661 -1.661 -1.661 -1.661 -1.752 -1.752 -1.752 -1.752 -1.752 -1.752 -1.752 -1.752 -1.752 -1.752 -1.752 -1.752 -1.752 -1.752 -1.752 -1.752 -1.752 -1.752 -1.752 -1.752 -1.752 -1.752 0.409 0.409 0.409 0.409 0.409 0.409 0.409 0.409 0.409 0.409 0.409 0.409 0.409 0.409 0.409 0.409 0.409 0.409 0.409 0.409 0.409 0.409 1.159 1.159 1.159 1.159 1.159 1.159 1.159 1.159 1.159 1.159 1.159 1.159 1.159 1.159 1.159 1.159 1.159 1.159 1.159 1.159 1.159 1.159 0.332 0.332 0.332 0.332 0.332 0.332 0.332 0.332 0.332 0.332 0.332 0.332 0.332 0.332 0.332 0.332 0.332 0.332 0.332 0.332 0.332 0.332 0.088 0.088 0.088 0.088 0.088 0.088 0.088 0.088 0.088 0.088 0.088 0.088 0.088 0.088 0.088 0.088 0.088 0.088 0.088 0.088 0.088 0.088 -0.044 -0.044 -0.044 -0.044 -0.044 -0.044 -0.044 -0.044 -0.044 -0.044 -0.044 -0.044 -0.044 -0.044 -0.044 -0.044 -0.044 -0.044 -0.044 -0.044 -0.044 -0.044 0.935 0.935 0.935 0.935 0.935 0.935 0.935 0.935 0.935 0.935 0.935 0.935 0.935 0.935 0.935 0.935 0.935 0.935 0.935 0.935 0.935 0.935
0.0152 0.01508 9.00000 2.0859513283 2.5720235805    2.081  1.713  3.6864  2.741    4  0.000  0.351     0.00     0.00     0.00     0.00     0.00 -1 -2.04e-11      0.00 6.875e-01 2.971e-01 1.692e-03 2.156e-03 6.434e-03 -1.000 1.541e-02       4860          0          0          0          0      10.64      10.64 0.488 -0.135 -0.956 -1.471 -1.558 0.557 1.285 0.480 0.245 0.120 1.060 -0.135 -0.135 -0.135 -0.135 -0.135 -0.135 -0.135 -0.135 -0.135 -0.135 -0.135 -0.135 -0.135 -0.135 -0.135 -0.135 -0.135 -0.135 -0.135 -0.135 -0.135 -0.135 -0.956 -0.956 -0.956 -0.956 -0.956 -0.956 -0.956 -0.956 -0.956 -0.956 -0.956 -0.956 -0.956 -0.956 -0.956 -0.956 -0.956 -0.956 -0.956 -0.956 -0.956 -0.956 -1.471 -1.471 -1.471 -1.471 -1.471 -1.471 -1.471 -1.471 -1.471 -1.471 -1.471 -1.471 -1.471 -1.471 -1.471 -1.471 -1.471 -1.471 -1.471 -1.471 -1.471 -1.471 -1.558 -1.558 -1.558 -1.558 -1.558 -1.558 -1.558 -1.558 -1.558 -1.558 -1.558 -1.558 -1.558 -1.558 -1.558 -1.558 -1.558 -1.558 -1.558 -1.558 -1.558 -1.558 0.557 0.557 0.557 0.557 0.557 0.557 0.557 0.557 0.557 0.557 0.557 0.557 0.557 0.557 0.557 0.557 0.557 0.557 0.557 0.557 0.557 0.557 1.285 1.285 1.285 1.285 1.285 1.285 1.285 1.285 1.285 1.285 1.285 1.285 1.285 1.285 1.285 1.285 1.285 1.285 1.285 1.285 1.285 1.285 0.480 0.480 0.480 0.480 0.480 0.480 0.480 0.480 0.480 0.480 0.480 0.480 0.480 0.480 0.480 0.480 0.480 0.480 0.480 0.480 0.480 0.480 0.245 0.245 0.245 0.245 0.245 0.245 0.245 0.245 0.245 0.245 0.245 0.245 0.245 0.245 0.245 0.245 0.245 0.245 0.245 0.245 0.245 0.245 0.120 0.120 0.120 0.120 0.120 0.120 0.120 0.120 0.120 0.120 0.120 0.120 0.120 0.120 0.120 0.120 0.120 0.120 0.120 0.120 0.120 0.120 1.060 1.060 1.060 1.060 1.060 1.060 1.060 1.060 1.060 1.060 1.060 1.060 1.060 1.060 1.060 1.060 1.060 1.060 1.060 1.060 1.060 1.060
0.0152 0.01508 9.00000 2.0861661434 2.5720318684    2.082  1.647  3.6910  2.825    4  0.000  0.351     0.00     0.00     0.00     0.00     0.00 -1 -1.59e-11      0.00 6.875e-01 2.971e-01 1.692e-03 2.156e-03 6.434e-03 -1.000 1.541e-02       4911          0          0          0          0      9.598      9.598 0.652 0.026 -0.777 -1.278 -1.362 0.708 1.413 0.631 0.404 0.288 1.188 0.026 0.026 0.026 0.026 0.026 0.026 0.026 0.026 0.026 0.026 0.026 0.026 0.026 0.026 0.026 0.026 0.026 0.026 0.026 0.026 0.026 0.026 -0.777 -0.777 -0.777 -0.777 -0.777 -0.777 -0.777 -0.777 -0.777 -0.777 -0.777 -0.777 -0.777 -0.777 -0.777 -0.777 -0.777 -0.777 -0.777 -0.777 -0.777 -0.777 -1.278 -1.278 -1.278 -1.278 -1.278 -1.278 -1.278 -1.278 -1.278 -1.278 -1.278 -1.278 -1.278 -1.278 -1.278 -1.278 -1.278 -1.278 -1.278 -1.278 -1.278 -1.278 -1.362 -1.362 -1.362 -1.362 -1.362 -1.362 -1.362 -1.362 -1.362 -1.362 -1.362 -1.362 -1.362 -1.362 -1.362 -1.362 -1.362 -1.362 -1.362 -1.362 -1.362 -1.362 0.708 0.708 0.708 0.708 0.708 0.708 0.708 0.708 0.708 0.708 0.708 0.708 0.708 0.708 0.708 0.708 0.708 0.708 0.708 0.708 0.708 0.708 1.413 1.413 1.413 1.413 1.413 1.413 1.413 1.413 1.413 1.413 1.413 1.413 1.413 1.413 1.413 1.413 1.413 1.413 1.413 1.413 1.413 1.413 0.631 0.631 0.631 0.631 0.631 0.631 0.631 0.631 0.631 0.631 0.631 0.631 0.631 0.631 0.631 0.631 0.631 0.631 0.631 0.631 0.631 0.631 0.404 0.404 0.404 0.404 0.404 0.404 0.404 0.404 0.404 0.404 0.404 0.404 0.404 0.404 0.404 0.404 0.404 0.404 0.404 0.404 0.404 0.404 0.288 0.288 0.288 0.288 0.288 0.288 0.288 0.288 0.288 0.288 0.288 0.288 0.288 0.288 0.288 0.288 0.288 0.288 0.288 0.288 0.288 0.288 1.188 1.188 1.188 1.188 1.188 1.188 1.188 1.188 1.188 1.188 1.188 1.188 1.188 1.188 1.188 1.188 1.188 1.188 1.188 1.188 1.188 1.188
0.0152 0.01508 9.00000 2.0861723423 2.5720321075    2.082  1.643  3.6913  2.831    4  0.000  0.351     0.00     0.00     0.00     0.00     0.00 -1 -1.57e-11      0.00 6.875e-01 2.971e-01 1.692e-03 2.156e-03 6.434e-03 -1.000 1.541e-02       4914          0          0          0          0      9.511      9.511 0.663 0.036 -0.766 -1.266 -1.349 0.718 1.422 0.641 0.414 0.298 1.197 0.036 0.036 0.036 0.036 0.036 0.036 0.036 0.036 0.036 0.036 0.036 0.036 0.036 0.036 0.036 0.036 0.036 0.036 0.036 0.036 0.036 0.036 -0.766 -0.766 -0.766 -0.766 -0.766 -0.766 -0.766 -0.766 -0.766 -0.766 -0.766 -0.766 -0.766 -0.766 -0.766 -0.766 -0.766 -0.766 -0.766 -0.766 -0.766 -0.766 -1.266 -1.266 -1.266 -1.266 -1.266 -1.266 -1.266 -1.266 -1.266 -1.266 -1.266 -1.266 -1.266 -1.266 -1.266 -1.266 -1.266 -1.266 -1.266 -1.266 -1.266 -1.266 -1.349 -1.349 -1.349 -1.349 -1.349 -1.349 -1.349 -1.349 -1.349 -1.349 -1.349 -1.349 -1.349 -1.349 -1.349 -1.349 -1.349 -1.349 -1.349 -1.349 -1.349 -1.349 0.718 0.718 0.718 0.718 0.718 0.718 0.718 0.718 0.718 0.718 0.718 0.718 0.718 0.718 0.718 0.718 0.718 0.718 0.718 0.718 0.718 0.718 1.422 1.422 1.422 1.422 1.422 1.422 1.422 1.422 1.422 1.422 1.422 1.422 1.422 1.422 1.422 1.422 1.422 1.422 1.422 1.422 1.422 1.422 0.641 0.641 0.641 0.641 0.641 0.641 0.641 0.641 0.641 0.641 0.641 0.641 0.641 0.641 0.641 0.641 0.641 0.641 0.641 0.641 0.641 0.641 0.414 0.414 0.414 0.414 0.414 0.414 0.414 0.414 0.414 0.414 0.414 0.414 0.414 0.414 0.414 0.414 0.414 0.414 0.414 0.414 0.414 0.414 0.298 0.298 0.298 0.298 0.298 0.298 0.298 0.298 0.298 0.298 0.298 0.298 0.298 0.298 0.298 0.298 0.298 0.298 0.298 0.298 0.298 0.298 1.197 1.197 1.197 1.197 1.197 1.197 1.197 1.197 1.197 1.197 1.197 1.197 1.197 1.197 1.197 1.197 1.197 1.197 1.197 1.197 1.197 1.197
0.0152 0.01508 9.00000 2.0861761570 2.5720322547    2.082  1.639  3.6916  2.836    4  0.000  0.351     0.00     0.00     0.00     0.00     0.00 -1 -1.55e-11      0.00 6.875e-01 2.971e-01 1.692e-03 2.156e-03 6.434e-03 -1.000 1.541e-02       4917          0          0          0          0       9.43       9.43 0.672 0.046 -0.755 -1.255 -1.338 0.727 1.429 0.649 0.423 0.308 1.204 0.046 0.046 0.046 0.046 0.046 0.046 0.046 0.046 0.046 0.046 0.046 0.046 0.046 0.046 0.046 0.046 0.046 0.046 0.046 0.046 0.046 0.046 -0.755 -0.755 -0.755 -0.755 -0.755 -0.755 -0.755 -0.755 -0.755 -0.755 -0.755 -0.755 -0.755 -0.755 -0.755 -0.755 -0.755 -0.755 -0.755 -0.755 -0.755 -0.755 -1.255 -1.255 -1.255 -1.255 -1.255 -1.255 -1.255 -1.255 -1.255 -1.255 -1.255 -1.255 -1.255 -1.255 -1.255 -1.255 -1.255 -1.255 -1.255 -1.255 -1.255 -1.255 -1.338 -1.338 -1.338 -1.338 -1.338 -1.338 -1.338 -1.338 -1.338 -1.338 -1.338 -1.338 -1.338 -1.338 -1.338 -1.338 -1.338 -1.338 -1.338 -1.338 -1.338 -1.338 0.727 0.727 0.727 0.727 0.727 0.727 0.727 0.727 0.727 0.727 0.727 0.727 0.727 0.727 0.727 0.727 0.727 0.727 0.727 0.727 0.727 0.727 1.429 1.429 1.429 1.429 1.429 1.429 1.429 1.429 1.429 1.429 1.429 1.429 1.429 1.429 1.429 1.429 1.429 1.429 1.429 1.429 1.429 1.429 0.649 0.649 0.649 0.649 0.649 0.649 0.649 0.649 0.649 0.649 0.649 0.649 0.649 0.649 0.649 0.649 0.649 0.649 0.649 0.649 0.649 0.649 0.423 0.423 0.423 0.423 0.423 0.423 0.423 0.423 0.423 0.423 0.423 0.423 0.423 0.423 0.423 0.423 0.423 0.423 0.423 0.423 0.423 0.423 0.308 0.308 0.308 0.308 0.308 0.308 0.308 0.308 0.308 0.308 0.308 0.308 0.308 0.308 0.308 0.308 0.308 0.308 0.308 0.308 0.308 0.308 1.204 1.204 1.204 1.204 1.204 1.204 1.204 1.204 1.204 1.204 1.204 1.204 1.204 1.204 1.204 1.204 1.204 1.204 1.204 1.204 1.204 1.204
0.0152 0.01508 9.00000 2.0861797333 2.5720323927    2.082  1.636  3.6919  2.840    4  0.000  0.351     0.00     0.00     0.00     0.00     0.00 -1 -1.53e-11      0.00 6.875e-01 2.971e-01 1.692e-03 2.156e-03 6.434e-03 -1.000 1.541e-02       4920          0          0          0          0      9.354      9.354 0.681 0.055 -0.745 -1.244 -1.327 0.735 1.436 0.658 0.432 0.317 1.212 0.055 0.055 0.055 0.055 0.055 0.055 0.055 0.055 0.055 0.055 0.055 0.055 0.055 0.055 0.055 0.055 0.055 0.055 0.055 0.055 0.055 0.055 -0.745 -0.745 -0.745 -0.745 -0.745 -0.745 -0.745 -0.745 -0.745 -0.745 -0.745 -0.745 -0.745 -0.745 -0.745 -0.745 -0.745 -0.745 -0.745 -0.745 -0.745 -0.745 -1.244 -1.244 -1.244 -1.244 -1.244 -1.244 -1.244 -1.244 -1.244 -1.244 -1.244 -1.244 -1.244 -1.244 -1.244 -1.244 -1.244 -1.244 -1.244 -1.244 -1.244 -1.244 -1.327 -1.327 -1.327 -1.327 -1.327 -1.327 -1.327 -1.327 -1.327 -1.327 -1.327 -1.327 -1.327 -1.327 -1.327 -1.327 -1.327 -1.327 -1.327 -1.327 -1.327 -1.327 0.735 0.735 0.735 0.735 0.735 0.735 0.735 0.735 0.735 0.735 0.735 0.735 0.735 0.735 0.735 0.735 0.735 0.735 0.735 0.735 0.735 0.735 1.436 1.436 1.436 1.436 1.436 1.436 1.436 1.436 1.436 1.436 1.436 1.436 1.436 1.436 1.436 1.436 1.436 1.436 1.436 1.436 1.436 1.436 0.658 0.658 0.658 0.658 0.658 0.658 0.658 0.658 0.658 0.658 0.658 0.658 0.658 0.658 0.658 0.658 0.658 0.658 0.658 0.658 0.658 0.658 0.432 0.432 0.432 0.432 0.432 0.432 0.432 0.432 0.432 0.432 0.432 0.432 0.432 0.432 0.432 0.432 0.432 0.432 0.432 0.432 0.432 0.432 0.317 0.317 0.317 0.317 0.317 0.317 0.317 0.317 0.317 0.317 0.317 0.317 0.317 0.317 0.317 0.317 0.317 0.317 0.317 0.317 0.317 0.317 1.212 1.212 1.212 1.212 1.212 1.212 1.212 1.212 1.212 1.212 1.212 1.212 1.212 1.212 1.212 1.212 1.212 1.212 1.212 1.212 1.212 1.212
0.0152 0.01508 9.00000 2.0861837864 2.5720325490    2.082  1.632  3.6922  2.846    4  0.000  0.351     0.00     0.00     0.00     0.00     0.00 -1  -1.5e-11      0.00 6.875e-01 2.971e-01 1.692e-03 2.156e-03 6.434e-03 -1.000 1.541e-02       4923          0          0          0          0      9.273      9.273 0.691 0.065 -0.734 -1.232 -1.315 0.744 1.444 0.667 0.442 0.327 1.220 0.065 0.065 0.065 0.065 0.065 0.065 0.065 0.065 0.065 0.065 0.065 0.065 0.065 0.065 0.065 0.065 0.065 0.065 0.065 0.065 0.065 0.065 -0.734 -0.734 -0.734 -0.734 -0.734 -0.734 -0.734 -0.734 -0.734 -0.734 -0.734 -0.734 -0.734 -0.734 -0.734 -0.734 -0.734 -0.734 -0.734 -0.734 -0.734 -0.734 -1.232 -1.232 -1.232 -1.232 -1.232 -1.232 -1.232 -1.232 -1.232 -1.232 -1.232 -1.232 -1.232 -1.232 -1.232 -1.232 -1.232 -1.232 -1.232 -1.232 -1.232 -1.232 -1.315 -1.315 -1.315 -1.315 -1.315 -1.315 -1.315 -1.315 -1.315 -1.315 -1.315 -1.315 -1.315 -1.315 -1.315 -1.315 -1.315 -1.315 -1.315 -1.315 -1.315 -1.315 0.744 0.744 0.744 0.744 0.744 0.744 0.744 0.744 0.744 0.744 0.744 0.744 0.744 0.744 0.744 0.744 0.744 0.744 0.744 0.744 0.744 0.744 1.444 1.444 1.444 1.444 1.444 1.444 1.444 1.444 1.444 1.444 1.444 1.444 1.444 1.444 1.444 1.444 1.444 1.444 1.444 1.444 1.444 1.444 0.667 0.667 0.667 0.667 0.667 0.667 0.667 0.667 0.667 0.667 0.667 0.667 0.667 0.667 0.667 0.667 0.667 0.667 0.667 0.667 0.667 0.667 0.442 0.442 0.442 0.442 0.442 0.442 0.442 0.442 0.442 0.442 0.442 0.442 0.442 0.442 0.442 0.442 0.442 0.442 0.442 0.442 0.442 0.442 0.327 0.327 0.327 0.327 0.327 0.327 0.327 0.327 0.327 0.327 0.327 0.327 0.327 0.327 0.327 0.327 0.327 0.327 0.327 0.327 0.327 0.327 1.220 1.220 1.220 1.220 1.220 1.220 1.220 1.220 1.220 1.220 1.220 1.220 1.220 1.220 1.220 1.220 1.220 1.220 1.220 1.220 1.220 1.220
0.0152 0.01508 9.00000 2.0861873627 2.5720326870    2.082  1.628  3.6924  2.850    4  0.000  0.351     0.00     0.00     0.00     0.00     0.00 -1 -1.49e-11      0.00 6.875e-01 2.971e-01 1.692e-03 2.156e-03 6.434e-03 -1.000 1.541e-02       4926          0          0          0          0      9.212      9.212 0.699 0.072 -0.725 -1.223 -1.306 0.752 1.451 0.675 0.450 0.336 1.227 0.072 0.072 0.072 0.072 0.072 0.072 0.072 0.072 0.072 0.072 0.072 0.072 0.072 0.072 0.072 0.072 0.072 0.072 0.072 0.072 0.072 0.072 -0.725 -0.725 -0.725 -0.725 -0.725 -0.725 -0.725 -0.725 -0.725 -0.725 -0.725 -0.725 -0.725 -0.725 -0.725 -0.725 -0.725 -0.725 -0.725 -0.725 -0.725 -0.725 -1.223 -1.223 -1.223 -1.223 -1.223 -1.223 -1.223 -1.223 -1.223 -1.223 -1.223 -1.223 -1.223 -1.223 -1.223 -1.223 -1.223 -1.223 -1.223 -1.223 -1.223 -1.223 -1.306 -1.306 -1.306 -1.306 -1.306 -1.306 -1.306 -1.306 -1.306 -1.306 -1.306 -1.306 -1.306 -1.306 -1.306 -1.306 -1.306 -1.306 -1.306 -1.306 -1.306 -1.306 0.752 0.752 0.752 0.752 0.752 0.752 0.752 0.752 0.752 0.752 0.752 0.752 0.752 0.752 0.752 0.752 0.752 0.752 0.752 0.752 0.752 0.752 1.451 1.451 1.451 1.451 1.451 1.451 1.451 1.451 1.451 1.451 1.451 1.451 1.451 1.451 1.451 1.451 1.451 1.451 1.451 1.451 1.451 1.451 0.675 0.675 0.675 0.675 0.675 0.675 0.675 0.675 0.675 0.675 0.675 0.675 0.675 0.675 0.675 0.675 0.675 0.675 0.675 0.675 0.675 0.675 0.450 0.450 0.450 0.450 0.450 0.450 0.450 0.450 0.450 0.450 0.450 0.450 0.450 0.450 0.450 0.450 0.450 0.450 0.450 0.450 0.450 0.450 0.336 0.336 0.336 0.336 0.336 0.336 0.336 0.336 0.336 0.336 0.336 0.336 0.336 0.336 0.336 0.336 0.336 0.336 0.336 0.336 0.336 0.336 1.227 1.227 1.227 1.227 1.227 1.227 1.227 1.227 1.227 1.227 1.227 1.227 1.227 1.227 1.227 1.227 1.227 1.227 1.227 1.227 1.227 1.227
0.0152 0.01508 9.00000 2.0861928463 2.5720328985    2.082  1.624  3.6927  2.856    4  0.000  0.351     0.00     0.00     0.00     0.00     0.00 -1 -1.46e-11      0.00 6.875e-01 2.971e-01 1.692e-03 2.156e-03 6.434e-03 -1.000 1.541e-02       4929          0          0          0          0      9.126      9.126 0.711 0.084 -0.713 -1.209 -1.292 0.763 1.460 0.685 0.461 0.347 1.236 0.084 0.084 0.084 0.084 0.084 0.084 0.084 0.084 0.084 0.084 0.084 0.084 0.084 0.084 0.084 0.084 0.084 0.084 0.084 0.084 0.084 0.084 -0.713 -0.713 -0.713 -0.713 -0.713 -0.713 -0.713 -0.713 -0.713 -0.713 -0.713 -0.713 -0.713 -0.713 -0.713 -0.713 -0.713 -0.713 -0.713 -0.713 -0.713 -0.713 -1.209 -1.209 -1.209 -1.209 -1.209 -1.209 -1.209 -1.209 -1.209 -1.209 -1.209 -1.209 -1.209 -1.209 -1.209 -1.209 -1.209 -1.209 -1.209 -1.209 -1.209 -1.209 -1.292 -1.292 -1.292 -1.292 -1.292 -1.292 -1.292 -1.292 -1.292 -1.292 -1.292 -1.292 -1.292 -1.292 -1.292 -1.292 -1.292 -1.292 -1.292 -1.292 -1.292 -1.292 0.763 0.763 0.763 0.763 0.763 0.763 0.763 0.763 0.763 0.763 0.763 0.763 0.763 0.763 0.763 0.763 0.763 0.763 0.763 0.763 0.763 0.763 1.460 1.460 1.460 1.460 1.460 1.460 1.460 1.460 1.460 1.460 1.460 1.460 1.460 1.460 1.460 1.460 1.460 1.460 1.460 1.460 1.460 1.460 0.685 0.685 0.685 0.685 0.685 0.685 0.685 0.685 0.685 0.685 0.685 0.685 0.685 0.685 0.685 0.685 0.685 0.685 0.685 0.685 0.685 0.685 0.461 0.461 0.461 0.461 0.461 0.461 0.461 0.461 0.461 0.461 0.461 0.461 0.461 0.461 0.461 0.461 0.461 0.461 0.461 0.461 0.461 0.461 0.347 0.347 0.347 0.347 0.347 0.347 0.347 0.347 0.347 0.347 0.347 0.347 0.347 0.347 0.347 0.347 0.347 0.347 0.347 0.347 0.347 0.347 1.236 1.236 1.236 1.236 1.236 1.236 1.236 1.236 1.236 1.236 1.236 1.236 1.236 1.236 1.236 1.236 1.236 1.236 1.236 1.236 1.236 1.236
0.0152 0.01508 9.00000 2.0861966610 2.5720330457    2.082  1.621  3.6929  2.860    4  0.000  0.351     0.00     0.00     0.00     0.00     0.00 -1 -1.44e-11      0.00 6.875e-01 2.971e-01 1.692e-03 2.156e-03 6.434e-03 -1.000 1.541e-02       4931          0          0          0          0       9.07       9.07 0.719 0.092 -0.704 -1.200 -1.283 0.770 1.466 0.692 0.469 0.355 1.243 0.092 0.092 0.092 0.092 0.092 0.092 0.092 0.092 0.092 0.092 0.092 0.092 0.092 0.092 0.092 0.092 0.092 0.092 0.092 0.092 0.092 0.092 -0.704 -0.704 -0.704 -0.704 -0.704 -0.704 -0.704 -0.704 -0.704 -0.704 -0.704 -0.704 -0.704 -0.704 -0.704 -0.704 -0.704 -0.704 -0.704 -0.704 -0.704 -0.704 -1.200 -1.200 -1.200 -1.200 -1.200 -1.200 -1.200 -1.200 -1.200 -1.200 -1.200 -1.200 -1.200 -1.200 -1.200 -1.200 -1.200 -1.200 -1.200 -1.200 -1.200 -1.200 -1.283 -1.283 -1.283 -1.283 -1.283 -1.283 -1.283 -1.283 -1.283 -1.283 -1.283 -1.283 -1.283 -1.283 -1.283 -1.283 -1.283 -1.283 -1.283 -1.283 -1.283 -1.283 0.770 0.770 0.770 0.770 0.770 0.770 0.770 0.770 0.770 0.770 0.770 0.770 0.770 0.770 0.770 0.770 0.770 0.770 0.770 0.770 0.770 0.770 1.466 1.466 1.466 1.466 1.466 1.466 1.466 1.466 1.466 1.466 1.466 1.466 1.466 1.466 1.466 1.466 1.466 1.466 1.466 1.466 1.466 1.466 0.692 0.692 0.692 0.692 0.692 0.692 0.692 0.692 0.692 0.692 0.692 0.692 0.692 0.692 0.692 0.692 0.692 0.692 0.692 0.692 0.692 0.692 0.469 0.469 0.469 0.469 0.469 0.469 0.469 0.469 0.469 0.469 0.469 0.469 0.469 0.469 0.469 0.469 0.469 0.469 0.469 0.469 0.469 0.469 0.355 0.355 0.355 0.355 0.355 0.355 0.355 0.355 0.355 0.355 0.355 0.355 0.355 0.355 0.355 0.355 0.355 0.355 0.355 0.355 0.355 0.355 1.243 1.243 1.243 1.243 1.243 1.243 1.243 1.243 1.243 1.243 1.243 1.243 1.243 1.243 1.243 1.243 1.243 1.243 1.243 1.243 1.243 1.243
0.0152 0.01508 9.00000 2.0862030983 2.5720332940    2.082  1.616  3.6932  2.865    4  0.000  0.351     0.00     0.00     0.00     0.00     0.00 -1 -1.42e-11      0.00 6.875e-01 2.971e-01 1.692e-03 2.156e-03 6.434e-03 -1.000 1.541e-02       4935          0          0          0          0      8.992      8.992 0.730 0.103 -0.692 -1.187 -1.269 0.780 1.475 0.703 0.480 0.367 1.252 0.103 0.103 0.103 0.103 0.103 0.103 0.103 0.103 0.103 0.103 0.103 0.103 0.103 0.103 0.103 0.103 0.103 0.103 0.103 0.103 0.103 0.103 -0.692 -0.692 -0.692 -0.692 -0.692 -0.692 -0.692 -0.692 -0.692 -0.692 -0.692 -0.692 -0.692 -0.692 -0.692 -0.692 -0.692 -0.692 -0.692 -0.692 -0.692 -0.692 -1.187 -1.187 -1.187 -1.187 -1.187 -1.187 -1.187 -1.187 -1.187 -1.187 -1.187 -1.187 -1.187 -1.187 -1.187 -1.187 -1.187 -1.187 -1.187 -1.187 -1.187 -1.187 -1.269 -1.269 -1.269 -1.269 -1.269 -1.269 -1.269 -1.269 -1.269 -1.269 -1.269 -1.269 -1.269 -1.269 -1.269 -1.269 -1.269 -1.269 -1.269 -1.269 -1.269 -1.269 0.780 0.780 0.780 0.780 0.780 0.780 0.780 0.780 0.780 0.780 0.780 0.780 0.780 0.780 0.780 0.780 0.780 0.780 0.780 0.780 0.780 0.780 1.475 1.475 1.475 1.475 1.475 1.475 1.475 1.475 1.475 1.475 1.475 1.475 1.475 1.475 1.475 1.475 1.475 1.475 1.475 1.475 1.475 1.475 0.703 0.703 0.703 0.703 0.703 0.703 0.703 0.703 0.703 0.703 0.703 0.703 0.703 0.703 0.703 0.703 0.703 0.703 0.703 0.703 0.703 0.703 0.480 0.480 0.480 0.480 0.480 0.480 0.480 0.480 0.480 0.480 0.480 0.480 0.480 0.480 0.480 0.480 0.480 0.480 0.480 0.480 0.480 0.480 0.367 0.367 0.367 0.367 0.367 0.367 0.367 0.367 0.367 0.367 0.367 0.367 0.367 0.367 0.367 0.367 0.367 0.367 0.367 0.367 0.367 0.367 1.252 1.252 1.252 1.252 1.252 1.252 1.252 1.252 1.252 1.252 1.252 1.252 1.252 1.252 1.252 1.252 1.252 1.252 1.252 1.252 1.252 1.252
0.0152 0.01508 9.00000 2.0862112045 2.5720336067    2.082  1.611  3.6936  2.872    4  0.000  0.351     0.00     0.00     0.00     0.00     0.00 -1 -1.39e-11      0.00 6.875e-01 2.971e-01 1.692e-03 2.156e-03 6.434e-03 -1.000 1.541e-02       4939          0          0          0          0      8.909      8.909 0.742 0.115 -0.678 -1.172 -1.255 0.792 1.485 0.715 0.492 0.380 1.262 0.115 0.115 0.115 0.115 0.115 0.115 0.115 0.115 0.115 0.115 0.115 0.115 0.115 0.115 0.115 0.115 0.115 0.115 0.115 0.115 0.115 0.115 -0.678 -0.678 -0.678 -0.678 -0.678 -0.678 -0.678 -0.678 -0.678 -0.678 -0.678 -0.678 -0.678 -0.678 -0.678 -0.678 -0.678 -0.678 -0.678 -0.678 -0.678 -0.678 -1.172 -1.172 -1.172 -1.172 -1.172 -1.172 -1.172 -1.172 -1.172 -1.172 -1.172 -1.172 -1.172 -1.172 -1.172 -1.172 -1.172 -1.172 -1.172 -1.172 -1.172 -1.172 -1.255 -1.255 -1.255 -1.255 -1.255 -1.255 -1.255 -1.255 -1.255 -1.255 -1.255 -1.255 -1.255 -1.255 -1.255 -1.255 -1.255 -1.255 -1.255 -1.255 -1.255 -1.255 0.792 0.792 0.792 0.792 0.792 0.792 0.792 0.792 0.792 0.792 0.792 0.792 0.792 0.792 0.792 0.792 0.792 0.792 0.792 0.792 0.792 0.792 1.485 1.485 1.485 1.485 1.485 1.485 1.485 1.485 1.485 1.485 1.485 1.485 1.485 1.485 1.485 1.485 1.485 1.485 1.485 1.485 1.485 1.485 0.715 0.715 0.715 0.715 0.715 0.715 0.715 0.715 0.715 0.715 0.715 0.715 0.715 0.715 0.715 0.715 0.715 0.715 0.715 0.715 0.715 0.715 0.492 0.492 0.492 0.492 0.492 0.492 0.492 0.492 0.492 0.492 0.492 0.492 0.492 0.492 0.492 0.492 0.492 0.492 0.492 0.492 0.492 0.492 0.380 0.380 0.380 0.380 0.380 0.380 0.380 0.380 0.380 0.380 0.380 0.380 0.380 0.380 0.380 0.380 0.380 0.380 0.380 0.380 0.380 0.380 1.262 1.262 1.262 1.262 1.262 1.262 1.262 1.262 1.262 1.262 1.262 1.262 1.262 1.262 1.262 1.262 1.262 1.262 1.262 1.262 1.262 1.262
0.0152 0.01508 9.00000 2.0862185955 2.5720338918    2.082  1.607  3.6939  2.877    4  0.000  0.351     0.00     0.00     0.00     0.00     0.00 -1 -1.37e-11      0.00 6.875e-01 2.971e-01 1.692e-03 2.156e-03 6.434e-03 -1.000 1.541e-02       4942          0          0          0          0      8.844      8.844 0.752 0.125 -0.667 -1.161 -1.243 0.801 1.493 0.724 0.502 0.390 1.270 0.125 0.125 0.125 0.125 0.125 0.125 0.125 0.125 0.125 0.125 0.125 0.125 0.125 0.125 0.125 0.125 0.125 0.125 0.125 0.125 0.125 0.125 -0.667 -0.667 -0.667 -0.667 -0.667 -0.667 -0.667 -0.667 -0.667 -0.667 -0.667 -0.667 -0.667 -0.667 -0.667 -0.667 -0.667 -0.667 -0.667 -0.667 -0.667 -0.667 -1.161 -1.161 -1.161 -1.161 -1.161 -1.161 -1.161 -1.161 -1.161 -1.161 -1.161 -1.161 -1.161 -1.161 -1.161 -1.161 -1.161 -1.161 -1.161 -1.161 -1.161 -1.161 -1.243 -1.243 -1.243 -1.243 -1.243 -1.243 -1.243 -1.243 -1.243 -1.243 -1.243 -1.243 -1.243 -1.243 -1.243 -1.243 -1.243 -1.243 -1.243 -1.243 -1.243 -1.243 0.801 0.801 0.801 0.801 0.801 0.801 0.801 0.801 0.801 0.801 0.801 0.801 0.801 0.801 0.801 0.801 0.801 0.801 0.801 0.801 0.801 0.801 1.493 1.493 1.493 1.493 1.493 1.493 1.493 1.493 1.493 1.493 1.493 1.493 1.493 1.493 1.493 1.493 1.493 1.493 1.493 1.493 1.493 1.493 0.724 0.724 0.724 0.724 0.724 0.724 0.724 0.724 0.724 0.724 0.724 0.724 0.724 0.724 0.724 0.724 0.724 0.724 0.724 0.724 0.724 0.724 0.502 0.502 0.502 0.502 0.502 0.502 0.502 0.502 0.502 0.502 0.502 0.502 0.502 0.502 0.502 0.502 0.502 0.502 0.502 0.502 0.502 0.502 0.390 0.390 0.390 0.390 0.390 0.390 0.390 0.390 0.390 0.390 0.390 0.390 0.390 0.390 0.390 0.390 0.390 0.390 0.390 0.390 0.390 0.390 1.270 1.270 1.270 1.270 1.270 1.270 1.270 1.270 1.270 1.270 1.270 1.270 1.270 1.270 1.270 1.270 1.270 1.270 1.270 1.270 1.270 1.270
0.0152 0.01508 9.00000 2.0862302780 2.5720343424    2.082  1.601  3.6943  2.884    4  0.000  0.351     0.00     0.00     0.00     0.00     0.00 -1 -1.34e-11      0.00 6.875e-01 2.971e-01 1.692e-03 2.156e-03 6.434e-03 -1.000 1.541e-02       4946          0          0          0          0      8.755      8.755 0.767 0.139 -0.652 -1.144 -1.226 0.814 1.505 0.737 0.516 0.404 1.282 0.139 0.139 0.139 0.139 0.139 0.139 0.139 0.139 0.139 0.139 0.139 0.139 0.139 0.139 0.139 0.139 0.139 0.139 0.139 0.139 0.139 0.139 -0.652 -0.652 -0.652 -0.652 -0.652 -0.652 -0.652 -0.652 -0.652 -0.652 -0.652 -0.652 -0.652 -0.652 -0.652 -0.652 -0.652 -0.652 -0.652 -0.652 -0.652 -0.652 -1.144 -1.144 -1.144 -1.144 -1.144 -1.144 -1.144 -1.144 -1.144 -1.144 -1.144 -1.144 -1.144 -1.144 -1.144 -1.144 -1.144 -1.144 -1.144 -1.144 -1.144 -1.144 -1.226 -1.226 -1.226 -1.226 -1.226 -1.226 -1.226 -1.226 -1.226 -1.226 -1.226 -1.226 -1.226 -1.226 -1.226 -1.226 -1.226 -1.226 -1.226 -1.226 -1.226 -1.226 0.814 0.814 0.814 0.814 0.814 0.814 0.814 0.814 0.814 0.814 0.814 0.814 0.814 0.814 0.814 0.814 0.814 0.814 0.814 0.814 0.814 0.814 1.505 1.505 1.505 1.505 1.505 1.505 1.505 1.505 1.505 1.505 1.505 1.505 1.505 1.505 1.505 1.505 1.505 1.505 1.505 1.505 1.505 1.505 0.737 0.737 0.737 0.737 0.737 0.737 0.737 0.737 0.737 0.737 0.737 0.737 0.737 0.737 0.737 0.737 0.737 0.737 0.737 0.737 0.737 0.737 0.516 0.516 0.516 0.516 0.516 0.516 0.516 0.516 0.516 0.516 0.516 0.516 0.516 0.516 0.516 0.516 0.516 0.516 0.516 0.516 0.516 0.516 0.404 0.404 0.404 0.404 0.404 0.404 0.404 0.404 0.404 0.404 0.404 0.404 0.404 0.404 0.404 0.404 0.404 0.404 0.404 0.404 0.404 0.404 1.282 1.282 1.282 1.282 1.282 1.282 1.282 1.282 1.282 1.282 1.282 1.282 1.282 1.282 1.282 1.282 1.282 1.282 1.282 1.282 1.282 1.282
0.0152 0.01508 9.00000 2.0862407684 2.5720347471    2.082  1.597  3.6946  2.890    4  0.000  0.351     0.00     0.00     0.00     0.00     0.00 -1 -1.32e-11      0.00 6.875e-01 2.971e-01 1.692e-03 2.156e-03 6.434e-03 -1.000 1.541e-02       4950          0          0          0          0      8.687      8.687 0.777 0.150 -0.640 -1.131 -1.213 0.824 1.514 0.747 0.526 0.415 1.290 0.150 0.150 0.150 0.150 0.150 0.150 0.150 0.150 0.150 0.150 0.150 0.150 0.150 0.150 0.150 0.150 0.150 0.150 0.150 0.150 0.150 0.150 -0.640 -0.640 -0.640 -0.640 -0.640 -0.640 -0.640 -0.640 -0.640 -0.640 -0.640 -0.640 -0.640 -0.640 -0.640 -0.640 -0.640 -0.640 -0.640 -0.640 -0.640 -0.640 -1.131 -1.131 -1.131 -1.131 -1.131 -1.131 -1.131 -1.131 -1.131 -1.131 -1.131 -1.131 -1.131 -1.131 -1.131 -1.131 -1.131 -1.131 -1.131 -1.131 -1.131 -1.131 -1.213 -1.213 -1.213 -1.213 -1.213 -1.213 -1.213 -1.213 -1.213 -1.213 -1.213 -1.213 -1.213 -1.213 -1.213 -1.213 -1.213 -1.213 -1.213 -1.213 -1.213 -1.213 0.824 0.824 0.824 0.824 0.824 0.824 0.824 0.824 0.824 0.824 0.824 0.824 0.824 0.824 0.824 0.824 0.824 0.824 0.824 0.824 0.824 0.824 1.514 1.514 1.514 1.514 1.514 1.514 1.514 1.514 1.514 1.514 1.514 1.514 1.514 1.514 1.514 1.514 1.514 1.514 1.514 1.514 1.514 1.514 0.747 0.747 0.747 0.747 0.747 0.747 0.747 0.747 0.747 0.747 0.747 0.747 0.747 0.747 0.747 0.747 0.747 0.747 0.747 0.747 0.747 0.747 0.526 0.526 0.526 0.526 0.526 0.526 0.526 0.526 0.526 0.526 0.526 0.526 0.526 0.526 0.526 0.526 0.526 0.526 0.526 0.526 0.526 0.526 0.415 0.415 0.415 0.415 0.415 0.415 0.415 0.415 0.415 0.415 0.415 0.415 0.415 0.415 0.415 0.415 0.415 0.415 0.415 0.415 0.415 0.415 1.290 1.290 1.290 1.290 1.290 1.290 1.290 1.290 1.290 1.290 1.290 1.290 1.290 1.290 1.290 1.290 1.290 1.290 1.290 1.290 1.290 1.290
0.0152 0.01508 9.00000 2.0862574577 2.5720353909    2.082  1.591  3.6950  2.897    4  0.000  0.351     0.00     0.00     0.00     0.00     0.00 -1 -1.29e-11      0.00 6.875e-01 2.971e-01 1.692e-03 2.156e-03 6.434e-03 -1.000 1.541e-02       4954          0          0          0          0      8.595      8.595 0.793 0.165 -0.623 -1.114 -1.195 0.839 1.526 0.761 0.541 0.431 1.303 0.165 0.165 0.165 0.165 0.165 0.165 0.165 0.165 0.165 0.165 0.165 0.165 0.165 0.165 0.165 0.165 0.165 0.165 0.165 0.165 0.165 0.165 -0.623 -0.623 -0.623 -0.623 -0.623 -0.623 -0.623 -0.623 -0.623 -0.623 -0.623 -0.623 -0.623 -0.623 -0.623 -0.623 -0.623 -0.623 -0.623 -0.623 -0.623 -0.623 -1.114 -1.114 -1.114 -1.114 -1.114 -1.114 -1.114 -1.114 -1.114 -1.114 -1.114 -1.114 -1.114 -1.114 -1.114 -1.114 -1.114 -1.114 -1.114 -1.114 -1.114 -1.114 -1.195 -1.195 -1.195 -1.195 -1.195 -1.195 -1.195 -1.195 -1.195 -1.195 -1.195 -1.195 -1.195 -1.195 -1.195 -1.195 -1.195 -1.195 -1.195 -1.195 -1.195 -1.195 0.839 0.839 0.839 0.839 0.839 0.839 0.839 0.839 0.839 0.839 0.839 0.839 0.839 0.839 0.839 0.839 0.839 0.839 0.839 0.839 0.839 0.839 1.526 1.526 1.526 1.526 1.526 1.526 1.526 1.526 1.526 1.526 1.526 1.526 1.526 1.526 1.526 1.526 1.526 1.526 1.526 1.526 1.526 1.526 0.761 0.761 0.761 0.761 0.761 0.761 0.761 0.761 0.761 0.761 0.761 0.761 0.761 0.761 0.761 0.761 0.761 0.761 0.761 0.761 0.761 0.761 0.541 0.541 0.541 0.541 0.541 0.541 0.541 0.541 0.541 0.541 0.541 0.541 0.541 0.541 0.541 0.541 0.541 0.541 0.541 0.541 0.541 0.541 0.431 0.431 0.431 0.431 0.431 0.431 0.431 0.431 0.431 0.431 0.431 0.431 0.431 0.431 0.431 0.431 0.431 0.431 0.431 0.431 0.431 0.431 1.303 1.303 1.303 1.303 1.303 1.303 1.303 1.303 1.303 1.303 1.303 1.303 1.303 1.303 1.303 1.303 1.303 1.303 1.303 1.303 1.303 1.303
0.0152 0.01508 9.00000 2.0862829685 2.5720363749    2.082  1.583  3.6955  2.908    4  0.000  0.351     0.00     0.00     0.00     0.00     0.00 -1 -1.25e-11      0.00 6.875e-01 2.971e-01 1.692e-03 2.156e-03 6.434e-03 -1.000 1.541e-02       4960          0          0          0          0      8.475      8.475 0.813 0.184 -0.601 -1.090 -1.171 0.857 1.542 0.780 0.561 0.451 1.319 0.184 0.184 0.184 0.184 0.184 0.184 0.184 0.184 0.184 0.184 0.184 0.184 0.184 0.184 0.184 0.184 0.184 0.184 0.184 0.184 0.184 0.184 -0.601 -0.601 -0.601 -0.601 -0.601 -0.601 -0.601 -0.601 -0.601 -0.601 -0.601 -0.601 -0.601 -0.601 -0.601 -0.601 -0.601 -0.601 -0.601 -0.601 -0.601 -0.601 -1.090 -1.090 -1.090 -1.090 -1.090 -1.090 -1.090 -1.090 -1.090 -1.090 -1.090 -1.090 -1.090 -1.090 -1.090 -1.090 -1.090 -1.090 -1.090 -1.090 -1.090 -1.090 -1.171 -1.171 -1.171 -1.171 -1.171 -1.171 -1.171 -1.171 -1.171 -1.171 -1.171 -1.171 -1.171 -1.171 -1.171 -1.171 -1.171 -1.171 -1.171 -1.171 -1.171 -1.171 0.857 0.857 0.857 0.857 0.857 0.857 0.857 0.857 0.857 0.857 0.857 0.857 0.857 0.857 0.857 0.857 0.857 0.857 0.857 0.857 0.857 0.857 1.542 1.542 1.542 1.542 1.542 1.542 1.542 1.542 1.542 1.542 1.542 1.542 1.542 1.542 1.542 1.542 1.542 1.542 1.542 1.542 1.542 1.542 0.780 0.780 0.780 0.780 0.780 0.780 0.780 0.780 0.780 0.780 0.780 0.780 0.780 0.780 0.780 0.780 0.780 0.780 0.780 0.780 0.780 0.780 0.561 0.561 0.561 0.561 0.561 0.561 0.561 0.561 0.561 0.561 0.561 0.561 0.561 0.561 0.561 0.561 0.561 0.561 0.561 0.561 0.561 0.561 0.451 0.451 0.451 0.451 0.451 0.451 0.451 0.451 0.451 0.451 0.451 0.451 0.451 0.451 0.451 0.451 0.451 0.451 0.451 0.451 0.451 0.451 1.319 1.319 1.319 1.319 1.319 1.319 1.319 1.319 1.319 1.319 1.319 1.319 1.319 1.319 1.319 1.319 1.319 1.319 1.319 1.319 1.319 1.319
0.0152 0.01508 9.00000 2.0863134861 2.5720375520    2.082  1.575  3.6961  2.918    4  0.000  0.351     0.00     0.00     0.00     0.00     0.00 -1 -1.21e-11      0.00 6.875e-01 2.971e-01 1.692e-03 2.156e-03 6.434e-03 -1.000 1.541e-02       4967          0          0          0          0       8.35       8.35 0.834 0.205 -0.579 -1.066 -1.147 0.876 1.558 0.799 0.581 0.472 1.335 0.205 0.205 0.205 0.205 0.205 0.205 0.205 0.205 0.205 0.205 0.205 0.205 0.205 0.205 0.205 0.205 0.205 0.205 0.205 0.205 0.205 0.205 -0.579 -0.579 -0.579 -0.579 -0.579 -0.579 -0.579 -0.579 -0.579 -0.579 -0.579 -0.579 -0.579 -0.579 -0.579 -0.579 -0.579 -0.579 -0.579 -0.579 -0.579 -0.579 -1.066 -1.066 -1.066 -1.066 -1.066 -1.066 -1.066 -1.066 -1.066 -1.066 -1.066 -1.066 -1.066 -1.066 -1.066 -1.066 -1.066 -1.066 -1.066 -1.066 -1.066 -1.066 -1.147 -1.147 -1.147 -1.147 -1.147 -1.147 -1.147 -1.147 -1.147 -1.147 -1.147 -1.147 -1.147 -1.147 -1.147 -1.147 -1.147 -1.147 -1.147 -1.147 -1.147 -1.147 0.876 0.876 0.876 0.876 0.876 0.876 0.876 0.876 0.876 0.876 0.876 0.876 0.876 0.876 0.876 0.876 0.876 0.876 0.876 0.876 0.876 0.876 1.558 1.558 1.558 1.558 1.558 1.558 1.558 1.558 1.558 1.558 1.558 1.558 1.558 1.558 1.558 1.558 1.558 1.558 1.558 1.558 1.558 1.558 0.799 0.799 0.799 0.799 0.799 0.799 0.799 0.799 0.799 0.799 0.799 0.799 0.799 0.799 0.799 0.799 0.799 0.799 0.799 0.799 0.799 0.799 0.581 0.581 0.581 0.581 0.581 0.581 0.581 0.581 0.581 0.581 0.581 0.581 0.581 0.581 0.581 0.581 0.581 0.581 0.581 0.581 0.581 0.581 0.472 0.472 0.472 0.472 0.472 0.472 0.472 0.472 0.472 0.472 0.472 0.472 0.472 0.472 0.472 0.472 0.472 0.472 0.472 0.472 0.472 0.472 1.335 1.335 1.335 1.335 1.335 1.335 1.335 1.335 1.335 1.335 1.335 1.335 1.335 1.335 1.335 1.335 1.335 1.335 1.335 1.335 1.335 1.335
0.0152 0.01508 9.00000 2.0863554478 2.5720391704    2.082  1.564  3.6968  2.931    4  0.000  0.351     0.00     0.00     0.00     0.00     0.00 -1 -1.17e-11      0.00 6.875e-01 2.971e-01 1.692e-03 2.156e-03 6.434e-03 -1.000 1.541e-02       4975          0          0          0          0      8.196      8.196 0.859 0.230 -0.551 -1.036 -1.116 0.900 1.579 0.823 0.606 0.499 1.356 0.230 0.230 0.230 0.230 0.230 0.230 0.230 0.230 0.230 0.230 0.230 0.230 0.230 0.230 0.230 0.230 0.230 0.230 0.230 0.230 0.230 0.230 -0.551 -0.551 -0.551 -0.551 -0.551 -0.551 -0.551 -0.551 -0.551 -0.551 -0.551 -0.551 -0.551 -0.551 -0.551 -0.551 -0.551 -0.551 -0.551 -0.551 -0.551 -0.551 -1.036 -1.036 -1.036 -1.036 -1.036 -1.036 -1.036 -1.036 -1.036 -1.036 -1.036 -1.036 -1.036 -1.036 -1.036 -1.036 -1.036 -1.036 -1.036 -1.036 -1.036 -1.036 -1.116 -1.116 -1.116 -1.116 -1.116 -1.116 -1.116 -1.116 -1.116 -1.116 -1.116 -1.116 -1.116 -1.116 -1.116 -1.116 -1.116 -1.116 -1.116 -1.116 -1.116 -1.116 0.900 0.900 0.900 0.900 0.900 0.900 0.900 0.900 0.900 0.900 0.900 0.900 0.900 0.900 0.900 0.900 0.900 0.900 0.900 0.900 0.900 0.900 1.579 1.579 1.579 1.579 1.579 1.579 1.579 1.579 1.579 1.579 1.579 1.579 1.579 1.579 1.579 1.579 1.579 1.579 1.579 1.579 1.579 1.579 0.823 0.823 0.823 0.823 0.823 0.823 0.823 0.823 0.823 0.823 0.823 0.823 0.823 0.823 0.823 0.823 0.823 0.823 0.823 0.823 0.823 0.823 0.606 0.606 0.606 0.606 0.606 0.606 0.606 0.606 0.606 0.606 0.606 0.606 0.606 0.606 0.606 0.606 0.606 0.606 0.606 0.606 0.606 0.606 0.499 0.499 0.499 0.499 0.499 0.499 0.499 0.499 0.499 0.499 0.499 0.499 0.499 0.499 0.499 0.499 0.499 0.499 0.499 0.499 0.499 0.499 1.356 1.356 1.356 1.356 1.356 1.356 1.356 1.356 1.356 1.356 1.356 1.356 1.356 1.356 1.356 1.356 1.356 1.356 1.356 1.356 1.356 1.356
0.0152 0.01508 9.00000 2.0864169598 2.5720415428    2.082  1.555  3.6975  2.943    4  0.000  0.351     0.00     0.00     0.00     0.00     0.00 -1 -1.13e-11      0.00 6.875e-01 2.971e-01 1.692e-03 2.156e-03 6.434e-03 -1.000 1.541e-02       4982          0          0          0          0      8.071      8.071 0.881 0.252 -0.526 -1.010 -1.090 0.921 1.596 0.843 0.628 0.521 1.374 0.252 0.252 0.252 0.252 0.252 0.252 0.252 0.252 0.252 0.252 0.252 0.252 0.252 0.252 0.252 0.252 0.252 0.252 0.252 0.252 0.252 0.252 -0.526 -0.526 -0.526 -0.526 -0.526 -0.526 -0.526 -0.526 -0.526 -0.526 -0.526 -0.526 -0.526 -0.526 -0.526 -0.526 -0.526 -0.526 -0.526 -0.526 -0.526 -0.526 -1.010 -1.010 -1.010 -1.010 -1.010 -1.010 -1.010 -1.010 -1.010 -1.010 -1.010 -1.010 -1.010 -1.010 -1.010 -1.010 -1.010 -1.010 -1.010 -1.010 -1.010 -1.010 -1.090 -1.090 -1.090 -1.090 -1.090 -1.090 -1.090 -1.090 -1.090 -1.090 -1.090 -1.090 -1.090 -1.090 -1.090 -1.090 -1.090 -1.090 -1.090 -1.090 -1.090 -1.090 0.921 0.921 0.921 0.921 0.921 0.921 0.921 0.921 0.921 0.921 0.921 0.921 0.921 0.921 0.921 0.921 0.921 0.921 0.921 0.921 0.921 0.921 1.596 1.596 1.596 1.596 1.596 1.596 1.596 1.596 1.596 1.596 1.596 1.596 1.596 1.596 1.596 1.596 1.596 1.596 1.596 1.596 1.596 1.596 0.843 0.843 0.843 0.843 0.843 0.843 0.843 0.843 0.843 0.843 0.843 0.843 0.843 0.843 0.843 0.843 0.843 0.843 0.843 0.843 0.843 0.843 0.628 0.628 0.628 0.628 0.628 0.628 0.628 0.628 0.628 0.628 0.628 0.628 0.628 0.628 0.628 0.628 0.628 0.628 0.628 0.628 0.628 0.628 0.521 0.521 0.521 0.521 0.521 0.521 0.521 0.521 0.521 0.521 0.521 0.521 0.521 0.521 0.521 0.521 0.521 0.521 0.521 0.521 0.521 0.521 1.374 1.374 1.374 1.374 1.374 1.374 1.374 1.374 1.374 1.374 1.374 1.374 1.374 1.374 1.374 1.374 1.374 1.374 1.374 1.374 1.374 1.374
0.0152 0.01508 9.00000 2.0865066051 2.5720449999    2.082  1.548  3.6980  2.952    4  0.000  0.351     0.00     0.00     0.00     0.00     0.00 -1 -1.09e-11      0.00 6.875e-01 2.971e-01 1.692e-03 2.156e-03 6.434e-03 -1.000 1.541e-02       4988          0          0          0          0      7.983      7.983 0.900 0.271 -0.506 -0.988 -1.067 0.938 1.611 0.860 0.646 0.540 1.388 0.271 0.271 0.271 0.271 0.271 0.271 0.271 0.271 0.271 0.271 0.271 0.271 0.271 0.271 0.271 0.271 0.271 0.271 0.271 0.271 0.271 0.271 -0.506 -0.506 -0.506 -0.506 -0.506 -0.506 -0.506 -0.506 -0.506 -0.506 -0.506 -0.506 -0.506 -0.506 -0.506 -0.506 -0.506 -0.506 -0.506 -0.506 -0.506 -0.506 -0.988 -0.988 -0.988 -0.988 -0.988 -0.988 -0.988 -0.988 -0.988 -0.988 -0.988 -0.988 -0.988 -0.988 -0.988 -0.988 -0.988 -0.988 -0.988 -0.988 -0.988 -0.988 -1.067 -1.067 -1.067 -1.067 -1.067 -1.067 -1.067 -1.067 -1.067 -1.067 -1.067 -1.067 -1.067 -1.067 -1.067 -1.067 -1.067 -1.067 -1.067 -1.067 -1.067 -1.067 0.938 0.938 0.938 0.938 0.938 0.938 0.938 0.938 0.938 0.938 0.938 0.938 0.938 0.938 0.938 0.938 0.938 0.938 0.938 0.938 0.938 0.938 1.611 1.611 1.611 1.611 1.611 1.611 1.611 1.611 1.611 1.611 1.611 1.611 1.611 1.611 1.611 1.611 1.611 1.611 1.611 1.611 1.611 1.611 0.860 0.860 0.860 0.860 0.860 0.860 0.860 0.860 0.860 0.860 0.860 0.860 0.860 0.860 0.860 0.860 0.860 0.860 0.860 0.860 0.860 0.860 0.646 0.646 0.646 0.646 0.646 0.646 0.646 0.646 0.646 0.646 0.646 0.646 0.646 0.646 0.646 0.646 0.646 0.646 0.646 0.646 0.646 0.646 0.540 0.540 0.540 0.540 0.540 0.540 0.540 0.540 0.540 0.540 0.540 0.540 0.540 0.540 0.540 0.540 0.540 0.540 0.540 0.540 0.540 0.540 1.388 1.388 1.388 1.388 1.388 1.388 1.388 1.388 1.388 1.388 1.388 1.388 1.388 1.388 1.388 1.388 1.388 1.388 1.388 1.388 1.388 1.388
0.0152 0.01508 9.00000 2.0866587162 2.5720508652    2.082  1.539  3.6987  2.965    4  0.000  0.351     0.00     0.00     0.00     0.00     0.00 -1 -1.05e-11      0.00 6.875e-01 2.971e-01 1.692e-03 2.156e-03 6.434e-03 -1.000 1.541e-02       4996          0          0          0          0      7.872      7.872 0.924 0.294 -0.480 -0.960 -1.039 0.960 1.629 0.882 0.669 0.564 1.406 0.294 0.294 0.294 0.294 0.294 0.294 0.294 0.294 0.294 0.294 0.294 0.294 0.294 0.294 0.294 0.294 0.294 0.294 0.294 0.294 0.294 0.294 -0.480 -0.480 -0.480 -0.480 -0.480 -0.480 -0.480 -0.480 -0.480 -0.480 -0.480 -0.480 -0.480 -0.480 -0.480 -0.480 -0.480 -0.480 -0.480 -0.480 -0.480 -0.480 -0.960 -0.960 -0.960 -0.960 -0.960 -0.960 -0.960 -0.960 -0.960 -0.960 -0.960 -0.960 -0.960 -0.960 -0.960 -0.960 -0.960 -0.960 -0.960 -0.960 -0.960 -0.960 -1.039 -1.039 -1.039 -1.039 -1.039 -1.039 -1.039 -1.039 -1.039 -1.039 -1.039 -1.039 -1.039 -1.039 -1.039 -1.039 -1.039 -1.039 -1.039 -1.039 -1.039 -1.039 0.960 0.960 0.960 0.960 0.960 0.960 0.960 0.960 0.960 0.960 0.960 0.960 0.960 0.960 0.960 0.960 0.960 0.960 0.960 0.960 0.960 0.960 1.629 1.629 1.629 1.629 1.629 1.629 1.629 1.629 1.629 1.629 1.629 1.629 1.629 1.629 1.629 1.629 1.629 1.629 1.629 1.629 1.629 1.629 0.882 0.882 0.882 0.882 0.882 0.882 0.882 0.882 0.882 0.882 0.882 0.882 0.882 0.882 0.882 0.882 0.882 0.882 0.882 0.882 0.882 0.882 0.669 0.669 0.669 0.669 0.669 0.669 0.669 0.669 0.669 0.669 0.669 0.669 0.669 0.669 0.669 0.669 0.669 0.669 0.669 0.669 0.669 0.669 0.564 0.564 0.564 0.564 0.564 0.564 0.564 0.564 0.564 0.564 0.564 0.564 0.564 0.564 0.564 0.564 0.564 0.564 0.564 0.564 0.564 0.564 1.406 1.406 1.406 1.406 1.406 1.406 1.406 1.406 1.406 1.406 1.406 1.406 1.406 1.406 1.406 1.406 1.406 1.406 1.406 1.406 1.406 1.406
0.0152 0.01508 9.00000 2.0869140625 2.5720607089    2.082  1.527  3.6995  2.979    4  0.000  0.351     0.00     0.00     0.00     0.00     0.00 -1 -1.01e-11      0.00 6.875e-01 2.971e-01 1.692e-03 2.156e-03 6.433e-03 -1.000 1.541e-02       5005          0          0          0          0      7.741      7.741 0.952 0.322 -0.449 -0.927 -1.005 0.986 1.651 0.908 0.696 0.593 1.428 0.322 0.322 0.322 0.322 0.322 0.322 0.322 0.322 0.322 0.322 0.322 0.322 0.322 0.322 0.322 0.322 0.322 0.322 0.322 0.322 0.322 0.322 -0.449 -0.449 -0.449 -0.449 -0.449 -0.449 -0.449 -0.449 -0.449 -0.449 -0.449 -0.449 -0.449 -0.449 -0.449 -0.449 -0.449 -0.449 -0.449 -0.449 -0.449 -0.449 -0.927 -0.927 -0.927 -0.927 -0.927 -0.927 -0.927 -0.927 -0.927 -0.927 -0.927 -0.927 -0.927 -0.927 -0.927 -0.927 -0.927 -0.927 -0.927 -0.927 -0.927 -0.927 -1.005 -1.005 -1.005 -1.005 -1.005 -1.005 -1.005 -1.005 -1.005 -1.005 -1.005 -1.005 -1.005 -1.005 -1.005 -1.005 -1.005 -1.005 -1.005 -1.005 -1.005 -1.005 0.986 0.986 0.986 0.986 0.986 0.986 0.986 0.986 0.986 0.986 0.986 0.986 0.986 0.986 0.986 0.986 0.986 0.986 0.986 0.986 0.986 0.986 1.651 1.651 1.651 1.651 1.651 1.651 1.651 1.651 1.651 1.651 1.651 1.651 1.651 1.651 1.651 1.651 1.651 1.651 1.651 1.651 1.651 1.651 0.908 0.908 0.908 0.908 0.908 0.908 0.908 0.908 0.908 0.908 0.908 0.908 0.908 0.908 0.908 0.908 0.908 0.908 0.908 0.908 0.908 0.908 0.696 0.696 0.696 0.696 0.696 0.696 0.696 0.696 0.696 0.696 0.696 0.696 0.696 0.696 0.696 0.696 0.696 0.696 0.696 0.696 0.696 0.696 0.593 0.593 0.593 0.593 0.593 0.593 0.593 0.593 0.593 0.593 0.593 0.593 0.593 0.593 0.593 0.593 0.593 0.593 0.593 0.593 0.593 0.593 1.428 1.428 1.428 1.428 1.428 1.428 1.428 1.428 1.428 1.428 1.428 1.428 1.428 1.428 1.428 1.428 1.428 1.428 1.428 1.428 1.428 1.428
0.0152 0.01508 9.00000 2.0872201920 2.5720725067    2.083  1.534  3.6990  2.971    4  0.000  0.351     0.00     0.00     0.00     0.00     0.00 -1 -1.02e-11      0.00 6.875e-01 2.971e-01 1.692e-03 2.156e-03 6.433e-03 -1.000 1.541e-02       4999          0          0          0          0      7.818      7.818 0.935 0.305 -0.467 -0.947 -1.026 0.970 1.639 0.893 0.680 0.576 1.416 0.305 0.305 0.305 0.305 0.305 0.305 0.305 0.305 0.305 0.305 0.305 0.305 0.305 0.305 0.305 0.305 0.305 0.305 0.305 0.305 0.305 0.305 -0.467 -0.467 -0.467 -0.467 -0.467 -0.467 -0.467 -0.467 -0.467 -0.467 -0.467 -0.467 -0.467 -0.467 -0.467 -0.467 -0.467 -0.467 -0.467 -0.467 -0.467 -0.467 -0.947 -0.947 -0.947 -0.947 -0.947 -0.947 -0.947 -0.947 -0.947 -0.947 -0.947 -0.947 -0.947 -0.947 -0.947 -0.947 -0.947 -0.947 -0.947 -0.947 -0.947 -0.947 -1.026 -1.026 -1.026 -1.026 -1.026 -1.026 -1.026 -1.026 -1.026 -1.026 -1.026 -1.026 -1.026 -1.026 -1.026 -1.026 -1.026 -1.026 -1.026 -1.026 -1.026 -1.026 0.970 0.970 0.970 0.970 0.970 0.970 0.970 0.970 0.970 0.970 0.970 0.970 0.970 0.970 0.970 0.970 0.970 0.970 0.970 0.970 0.970 0.970 1.639 1.639 1.639 1.639 1.639 1.639 1.639 1.639 1.639 1.639 1.639 1.639 1.639 1.639 1.639 1.639 1.639 1.639 1.639 1.639 1.639 1.639 0.893 0.893 0.893 0.893 0.893 0.893 0.893 0.893 0.893 0.893 0.893 0.893 0.893 0.893 0.893 0.893 0.893 0.893 0.893 0.893 0.893 0.893 0.680 0.680 0.680 0.680 0.680 0.680 0.680 0.680 0.680 0.680 0.680 0.680 0.680 0.680 0.680 0.680 0.680 0.680 0.680 0.680 0.680 0.680 0.576 0.576 0.576 0.576 0.576 0.576 0.576 0.576 0.576 0.576 0.576 0.576 0.576 0.576 0.576 0.576 0.576 0.576 0.576 0.576 0.576 0.576 1.416 1.416 1.416 1.416 1.416 1.416 1.416 1.416 1.416 1.416 1.416 1.416 1.416 1.416 1.416 1.416 1.416 1.416 1.416 1.416 1.416 1.416
0.0152 0.01508 9.00000 2.0875480175 2.5720851362    2.083  1.549  3.6979  2.951    4  0.000  0.351     0.00     0.00     0.00     0.00     0.00 -1 -1.08e-11      0.00 6.875e-01 2.971e-01 1.692e-03 2.157e-03 6.433e-03 -1.000 1.541e-02       4987          0          0          0          0      7.992      7.992 0.898 0.269 -0.508 -0.990 -1.070 0.936 1.610 0.859 0.644 0.538 1.387 0.269 0.269 0.269 0.269 0.269 0.269 0.269 0.269 0.269 0.269 0.269 0.269 0.269 0.269 0.269 0.269 0.269 0.269 0.269 0.269 0.269 0.269 -0.508 -0.508 -0.508 -0.508 -0.508 -0.508 -0.508 -0.508 -0.508 -0.508 -0.508 -0.508 -0.508 -0.508 -0.508 -0.508 -0.508 -0.508 -0.508 -0.508 -0.508 -0.508 -0.990 -0.990 -0.990 -0.990 -0.990 -0.990 -0.990 -0.990 -0.990 -0.990 -0.990 -0.990 -0.990 -0.990 -0.990 -0.990 -0.990 -0.990 -0.990 -0.990 -0.990 -0.990 -1.070 -1.070 -1.070 -1.070 -1.070 -1.070 -1.070 -1.070 -1.070 -1.070 -1.070 -1.070 -1.070 -1.070 -1.070 -1.070 -1.070 -1.070 -1.070 -1.070 -1.070 -1.070 0.936 0.936 0.936 0.936 0.936 0.936 0.936 0.936 0.936 0.936 0.936 0.936 0.936 0.936 0.936 0.936 0.936 0.936 0.936 0.936 0.936 0.936 1.610 1.610 1.610 1.610 1.610 1.610 1.610 1.610 1.610 1.610 1.610 1.610 1.610 1.610 1.610 1.610 1.610 1.610 1.610 1.610 1.610 1.610 0.859 0.859 0.859 0.859 0.859 0.859 0.859 0.859 0.859 0.859 0.859 0.859 0.859 0.859 0.859 0.859 0.859 0.859 0.859 0.859 0.859 0.859 0.644 0.644 0.644 0.644 0.644 0.644 0.644 0.644 0.644 0.644 0.644 0.644 0.644 0.644 0.644 0.644 0.644 0.644 0.644 0.644 0.644 0.644 0.538 0.538 0.538 0.538 0.538 0.538 0.538 0.538 0.538 0.538 0.538 0.538 0.538 0.538 0.538 0.538 0.538 0.538 0.538 0.538 0.538 0.538 1.387 1.387 1.387 1.387 1.387 1.387 1.387 1.387 1.387 1.387 1.387 1.387 1.387 1.387 1.387 1.387 1.387 1.387 1.387 1.387 1.387 1.387
0.0152 0.01508 9.00000 2.0878031254 2.5720949612    2.083  1.563  3.6969  2.934    4  0.000  0.351     0.00     0.00     0.00     0.00     0.00 -1 -1.14e-11      0.00 6.875e-01 2.971e-01 1.692e-03 2.157e-03 6.433e-03 -1.000 1.541e-02       4976          0          0          0          0      8.158      8.158 0.863 0.234 -0.546 -1.031 -1.111 0.904 1.582 0.827 0.610 0.503 1.360 0.234 0.234 0.234 0.234 0.234 0.234 0.234 0.234 0.234 0.234 0.234 0.234 0.234 0.234 0.234 0.234 0.234 0.234 0.234 0.234 0.234 0.234 -0.546 -0.546 -0.546 -0.546 -0.546 -0.546 -0.546 -0.546 -0.546 -0.546 -0.546 -0.546 -0.546 -0.546 -0.546 -0.546 -0.546 -0.546 -0.546 -0.546 -0.546 -0.546 -1.031 -1.031 -1.031 -1.031 -1.031 -1.031 -1.031 -1.031 -1.031 -1.031 -1.031 -1.031 -1.031 -1.031 -1.031 -1.031 -1.031 -1.031 -1.031 -1.031 -1.031 -1.031 -1.111 -1.111 -1.111 -1.111 -1.111 -1.111 -1.111 -1.111 -1.111 -1.111 -1.111 -1.111 -1.111 -1.111 -1.111 -1.111 -1.111 -1.111 -1.111 -1.111 -1.111 -1.111 0.904 0.904 0.904 0.904 0.904 0.904 0.904 0.904 0.904 0.904 0.904 0.904 0.904 0.904 0.904 0.904 0.904 0.904 0.904 0.904 0.904 0.904 1.582 1.582 1.582 1.582 1.582 1.582 1.582 1.582 1.582 1.582 1.582 1.582 1.582 1.582 1.582 1.582 1.582 1.582 1.582 1.582 1.582 1.582 0.827 0.827 0.827 0.827 0.827 0.827 0.827 0.827 0.827 0.827 0.827 0.827 0.827 0.827 0.827 0.827 0.827 0.827 0.827 0.827 0.827 0.827 0.610 0.610 0.610 0.610 0.610 0.610 0.610 0.610 0.610 0.610 0.610 0.610 0.610 0.610 0.610 0.610 0.610 0.610 0.610 0.610 0.610 0.610 0.503 0.503 0.503 0.503 0.503 0.503 0.503 0.503 0.503 0.503 0.503 0.503 0.503 0.503 0.503 0.503 0.503 0.503 0.503 0.503 0.503 0.503 1.360 1.360 1.360 1.360 1.360 1.360 1.360 1.360 1.360 1.360 1.360 1.360 1.360 1.360 1.360 1.360 1.360 1.360 1.360 1.360 1.360 1.360
0.0152 0.01508 9.00000 2.0880465508 2.5721043336    2.083  1.573  3.6962  2.921    4  0.000  0.351     0.00     0.00     0.00     0.00     0.00 -1 -1.19e-11      0.00 6.875e-01 2.971e-01 1.692e-03 2.157e-03 6.433e-03 -1.000 1.541e-02       4968          0          0          0          0      8.281      8.281 0.838 0.209 -0.574 -1.061 -1.141 0.881 1.562 0.803 0.585 0.477 1.340 0.209 0.209 0.209 0.209 0.209 0.209 0.209 0.209 0.209 0.209 0.209 0.209 0.209 0.209 0.209 0.209 0.209 0.209 0.209 0.209 0.209 0.209 -0.574 -0.574 -0.574 -0.574 -0.574 -0.574 -0.574 -0.574 -0.574 -0.574 -0.574 -0.574 -0.574 -0.574 -0.574 -0.574 -0.574 -0.574 -0.574 -0.574 -0.574 -0.574 -1.061 -1.061 -1.061 -1.061 -1.061 -1.061 -1.061 -1.061 -1.061 -1.061 -1.061 -1.061 -1.061 -1.061 -1.061 -1.061 -1.061 -1.061 -1.061 -1.061 -1.061 -1.061 -1.141 -1.141 -1.141 -1.141 -1.141 -1.141 -1.141 -1.141 -1.141 -1.141 -1.141 -1.141 -1.141 -1.141 -1.141 -1.141 -1.141 -1.141 -1.141 -1.141 -1.141 -1.141 0.881 0.881 0.881 0.881 0.881 0.881 0.881 0.881 0.881 0.881 0.881 0.881 0.881 0.881 0.881 0.881 0.881 0.881 0.881 0.881 0.881 0.881 1.562 1.562 1.562 1.562 1.562 1.562 1.562 1.562 1.562 1.562 1.562 1.562 1.562 1.562 1.562 1.562 1.562 1.562 1.562 1.562 1.562 1.562 0.803 0.803 0.803 0.803 0.803 0.803 0.803 0.803 0.803 0.803 0.803 0.803 0.803 0.803 0.803 0.803 0.803 0.803 0.803 0.803 0.803 0.803 0.585 0.585 0.585 0.585 0.585 0.585 0.585 0.585 0.585 0.585 0.585 0.585 0.585 0.585 0.585 0.585 0.585 0.585 0.585 0.585 0.585 0.585 0.477 0.477 0.477 0.477 0.477 0.477 0.477 0.477 0.477 0.477 0.477 0.477 0.477 0.477 0.477 0.477 0.477 0.477 0.477 0.477 0.477 0.477 1.340 1.340 1.340 1.340 1.340 1.340 1.340 1.340 1.340 1.340 1.340 1.340 1.340 1.340 1.340 1.340 1.340 1.340 1.340 1.340 1.340 1.340
0.0152 0.01508 9.00000 2.0884578228 2.5721201627    2.084  1.575  3.6961  2.918    4  0.000  0.351     0.00     0.00     0.00     0.00     0.00 -1 -1.21e-11      0.00 6.875e-01 2.971e-01 1.692e-03 2.157e-03 6.433e-03 -1.000 1.541e-02       4967          0          0          0          0      8.311      8.311 0.832 0.203 -0.581 -1.068 -1.148 0.875 1.557 0.797 0.579 0.471 1.334 0.203 0.203 0.203 0.203 0.203 0.203 0.203 0.203 0.203 0.203 0.203 0.203 0.203 0.203 0.203 0.203 0.203 0.203 0.203 0.203 0.203 0.203 -0.581 -0.581 -0.581 -0.581 -0.581 -0.581 -0.581 -0.581 -0.581 -0.581 -0.581 -0.581 -0.581 -0.581 -0.581 -0.581 -0.581 -0.581 -0.581 -0.581 -0.581 -0.581 -1.068 -1.068 -1.068 -1.068 -1.068 -1.068 -1.068 -1.068 -1.068 -1.068 -1.068 -1.068 -1.068 -1.068 -1.068 -1.068 -1.068 -1.068 -1.068 -1.068 -1.068 -1.068 -1.148 -1.148 -1.148 -1.148 -1.148 -1.148 -1.148 -1.148 -1.148 -1.148 -1.148 -1.148 -1.148 -1.148 -1.148 -1.148 -1.148 -1.148 -1.148 -1.148 -1.148 -1.148 0.875 0.875 0.875 0.875 0.875 0.875 0.875 0.875 0.875 0.875 0.875 0.875 0.875 0.875 0.875 0.875 0.875 0.875 0.875 0.875 0.875 0.875 1.557 1.557 1.557 1.557 1.557 1.557 1.557 1.557 1.557 1.557 1.557 1.557 1.557 1.557 1.557 1.557 1.557 1.557 1.557 1.557 1.557 1.557 0.797 0.797 0.797 0.797 0.797 0.797 0.797 0.797 0.797 0.797 0.797 0.797 0.797 0.797 0.797 0.797 0.797 0.797 0.797 0.797 0.797 0.797 0.579 0.579 0.579 0.579 0.579 0.579 0.579 0.579 0.579 0.579 0.579 0.579 0.579 0.579 0.579 0.579 0.579 0.579 0.579 0.579 0.579 0.579 0.471 0.471 0.471 0.471 0.471 0.471 0.471 0.471 0.471 0.471 0.471 0.471 0.471 0.471 0.471 0.471 0.471 0.471 0.471 0.471 0.471 0.471 1.334 1.334 1.334 1.334 1.334 1.334 1.334 1.334 1.334 1.334 1.334 1.334 1.334 1.334 1.334 1.334 1.334 1.334 1.334 1.334 1.334 1.334
0.0152 0.01508 9.00000 2.0887093544 2.5721298402    2.084  1.567  3.6967  2.928    4  0.000  0.351     0.00     0.00     0.00     0.00     0.00 -1 -1.17e-11      0.00 6.875e-01 2.971e-01 1.692e-03 2.157e-03 6.433e-03 -1.000 1.541e-02       4973          0          0          0          0      8.212      8.212 0.851 0.223 -0.559 -1.044 -1.125 0.893 1.572 0.815 0.598 0.491 1.349 0.223 0.223 0.223 0.223 0.223 0.223 0.223 0.223 0.223 0.223 0.223 0.223 0.223 0.223 0.223 0.223 0.223 0.223 0.223 0.223 0.223 0.223 -0.559 -0.559 -0.559 -0.559 -0.559 -0.559 -0.559 -0.559 -0.559 -0.559 -0.559 -0.559 -0.559 -0.559 -0.559 -0.559 -0.559 -0.559 -0.559 -0.559 -0.559 -0.559 -1.044 -1.044 -1.044 -1.044 -1.044 -1.044 -1.044 -1.044 -1.044 -1.044 -1.044 -1.044 -1.044 -1.044 -1.044 -1.044 -1.044 -1.044 -1.044 -1.044 -1.044 -1.044 -1.125 -1.125 -1.125 -1.125 -1.125 -1.125 -1.125 -1.125 -1.125 -1.125 -1.125 -1.125 -1.125 -1.125 -1.125 -1.125 -1.125 -1.125 -1.125 -1.125 -1.125 -1.125 0.893 0.893 0.893 0.893 0.893 0.893 0.893 0.893 0.893 0.893 0.893 0.893 0.893 0.893 0.893 0.893 0.893 0.893 0.893 0.893 0.893 0.893 1.572 1.572 1.572 1.572 1.572 1.572 1.572 1.572 1.572 1.572 1.572 1.572 1.572 1.572 1.572 1.572 1.572 1.572 1.572 1.572 1.572 1.572 0.815 0.815 0.815 0.815 0.815 0.815 0.815 0.815 0.815 0.815 0.815 0.815 0.815 0.815 0.815 0.815 0.815 0.815 0.815 0.815 0.815 0.815 0.598 0.598 0.598 0.598 0.598 0.598 0.598 0.598 0.598 0.598 0.598 0.598 0.598 0.598 0.598 0.598 0.598 0.598 0.598 0.598 0.598 0.598 0.491 0.491 0.491 0.491 0.491 0.491 0.491 0.491 0.491 0.491 0.491 0.491 0.491 0.491 0.491 0.491 0.491 0.491 0.491 0.491 0.491 0.491 1.349 1.349 1.349 1.349 1.349 1.349 1.349 1.349 1.349 1.349 1.349 1.349 1.349 1.349 1.349 1.349 1.349 1.349 1.349 1.349 1.349 1.349
0.0152 0.01508 9.00000 2.0889890194 2.5721405970    2.084  1.559  3.6974  2.940    4  0.000  0.351     0.00     0.00     0.00     0.00     0.00 -1 -1.13e-11      0.00 6.874e-01 2.971e-01 1.692e-03 2.157e-03 6.432e-03 -1.000 1.541e-02       4981          0          0          0          0      8.101      8.101 0.874 0.245 -0.534 -1.018 -1.098 0.913 1.589 0.836 0.620 0.514 1.367 0.245 0.245 0.245 0.245 0.245 0.245 0.245 0.245 0.245 0.245 0.245 0.245 0.245 0.245 0.245 0.245 0.245 0.245 0.245 0.245 0.245 0.245 -0.534 -0.534 -0.534 -0.534 -0.534 -0.534 -0.534 -0.534 -0.534 -0.534 -0.534 -0.534 -0.534 -0.534 -0.534 -0.534 -0.534 -0.534 -0.534 -0.534 -0.534 -0.534 -1.018 -1.018 -1.018 -1.018 -1.018 -1.018 -1.018 -1.018 -1.018 -1.018 -1.018 -1.018 -1.018 -1.018 -1.018 -1.018 -1.018 -1.018 -1.018 -1.018 -1.018 -1.018 -1.098 -1.098 -1.098 -1.098 -1.098 -1.098 -1.098 -1.098 -1.098 -1.098 -1.098 -1.098 -1.098 -1.098 -1.098 -1.098 -1.098 -1.098 -1.098 -1.098 -1.098 -1.098 0.913 0.913 0.913 0.913 0.913 0.913 0.913 0.913 0.913 0.913 0.913 0.913 0.913 0.913 0.913 0.913 0.913 0.913 0.913 0.913 0.913 0.913 1.589 1.589 1.589 1.589 1.589 1.589 1.589 1.589 1.589 1.589 1.589 1.589 1.589 1.589 1.589 1.589 1.589 1.589 1.589 1.589 1.589 1.589 0.836 0.836 0.836 0.836 0.836 0.836 0.836 0.836 0.836 0.836 0.836 0.836 0.836 0.836 0.836 0.836 0.836 0.836 0.836 0.836 0.836 0.836 0.620 0.620 0.620 0.620 0.620 0.620 0.620 0.620 0.620 0.620 0.620 0.620 0.620 0.620 0.620 0.620 0.620 0.620 0.620 0.620 0.620 0.620 0.514 0.514 0.514 0.514 0.514 0.514 0.514 0.514 0.514 0.514 0.514 0.514 0.514 0.514 0.514 0.514 0.514 0.514 0.514 0.514 0.514 0.514 1.367 1.367 1.367 1.367 1.367 1.367 1.367 1.367 1.367 1.367 1.367 1.367 1.367 1.367 1.367 1.367 1.367 1.367 1.367 1.367 1.367 1.367
0.0152 0.01508 9.00000 2.0898306370 2.5721729482    2.085  1.554  3.6977  2.946    4  0.000  0.351     0.00     0.00     0.00     0.00     0.00 -1 -1.11e-11      0.00 6.874e-01 2.972e-01 1.692e-03 2.158e-03 6.432e-03 -1.000 1.541e-02       4985          0          0          0          0      8.049      8.049 0.884 0.255 -0.523 -1.005 -1.085 0.923 1.597 0.845 0.630 0.524 1.374 0.255 0.255 0.255 0.255 0.255 0.255 0.255 0.255 0.255 0.255 0.255 0.255 0.255 0.255 0.255 0.255 0.255 0.255 0.255 0.255 0.255 0.255 -0.523 -0.523 -0.523 -0.523 -0.523 -0.523 -0.523 -0.523 -0.523 -0.523 -0.523 -0.523 -0.523 -0.523 -0.523 -0.523 -0.523 -0.523 -0.523 -0.523 -0.523 -0.523 -1.005 -1.005 -1.005 -1.005 -1.005 -1.005 -1.005 -1.005 -1.005 -1.005 -1.005 -1.005 -1.005 -1.005 -1.005 -1.005 -1.005 -1.005 -1.005 -1.005 -1.005 -1.005 -1.085 -1.085 -1.085 -1.085 -1.085 -1.085 -1.085 -1.085 -1.085 -1.085 -1.085 -1.085 -1.085 -1.085 -1.085 -1.085 -1.085 -1.085 -1.085 -1.085 -1.085 -1.085 0.923 0.923 0.923 0.923 0.923 0.923 0.923 0.923 0.923 0.923 0.923 0.923 0.923 0.923 0.923 0.923 0.923 0.923 0.923 0.923 0.923 0.923 1.597 1.597 1.597 1.597 1.597 1.597 1.597 1.597 1.597 1.597 1.597 1.597 1.597 1.597 1.597 1.597 1.597 1.597 1.597 1.597 1.597 1.597 0.845 0.845 0.845 0.845 0.845 0.845 0.845 0.845 0.845 0.845 0.845 0.845 0.845 0.845 0.845 0.845 0.845 0.845 0.845 0.845 0.845 0.845 0.630 0.630 0.630 0.630 0.630 0.630 0.630 0.630 0.630 0.630 0.630 0.630 0.630 0.630 0.630 0.630 0.630 0.630 0.630 0.630 0.630 0.630 0.524 0.524 0.524 0.524 0.524 0.524 0.524 0.524 0.524 0.524 0.524 0.524 0.524 0.524 0.524 0.524 0.524 0.524 0.524 0.524 0.524 0.524 1.374 1.374 1.374 1.374 1.374 1.374 1.374 1.374 1.374 1.374 1.374 1.374 1.374 1.374 1.374 1.374 1.374 1.374 1.374 1.374 1.374 1.374
0.0152 0.01508 9.00000 2.0910017490 2.5722179151    2.086  1.559  3.6975  2.941    4  0.000  0.351     0.00     0.00     0.00     0.00     0.00 -1 -1.13e-11      0.00 6.874e-01 2.972e-01 1.692e-03 2.159e-03 6.431e-03 -1.000 1.541e-02       4983          0          0          0          0      8.096      8.096 0.873 0.244 -0.534 -1.017 -1.097 0.913 1.588 0.835 0.620 0.513 1.365 0.244 0.244 0.244 0.244 0.244 0.244 0.244 0.244 0.244 0.244 0.244 0.244 0.244 0.244 0.244 0.244 0.244 0.244 0.244 0.244 0.244 0.244 -0.534 -0.534 -0.534 -0.534 -0.534 -0.534 -0.534 -0.534 -0.534 -0.534 -0.534 -0.534 -0.534 -0.534 -0.534 -0.534 -0.534 -0.534 -0.534 -0.534 -0.534 -0.534 -1.017 -1.017 -1.017 -1.017 -1.017 -1.017 -1.017 -1.017 -1.017 -1.017 -1.017 -1.017 -1.017 -1.017 -1.017 -1.017 -1.017 -1.017 -1.017 -1.017 -1.017 -1.017 -1.097 -1.097 -1.097 -1.097 -1.097 -1.097 -1.097 -1.097 -1.097 -1.097 -1.097 -1.097 -1.097 -1.097 -1.097 -1.097 -1.097 -1.097 -1.097 -1.097 -1.097 -1.097 0.913 0.913 0.913 0.913 0.913 0.913 0.913 0.913 0.913 0.913 0.913 0.913 0.913 0.913 0.913 0.913 0.913 0.913 0.913 0.913 0.913 0.913 1.588 1.588 1.588 1.588 1.588 1.588 1.588 1.588 1.588 1.588 1.588 1.588 1.588 1.588 1.588 1.588 1.588 1.588 1.588 1.588 1.588 1.588 0.835 0.835 0.835 0.835 0.835 0.835 0.835 0.835 0.835 0.835 0.835 0.835 0.835 0.835 0.835 0.835 0.835 0.835 0.835 0.835 0.835 0.835 0.620 0.620 0.620 0.620 0.620 0.620 0.620 0.620 0.620 0.620 0.620 0.620 0.620 0.620 0.620 0.620 0.620 0.620 0.620 0.620 0.620 0.620 0.513 0.513 0.513 0.513 0.513 0.513 0.513 0.513 0.513 0.513 0.513 0.513 0.513 0.513 0.513 0.513 0.513 0.513 0.513 0.513 0.513 0.513 1.365 1.365 1.365 1.365 1.365 1.365 1.365 1.365 1.365 1.365 1.365 1.365 1.365 1.365 1.365 1.365 1.365 1.365 1.365 1.365 1.365 1.365
0.0152 0.01508 9.00000 2.0999999046 2.5725614918    2.095  1.562  3.6981  2.941    4  0.000  0.351     0.00     0.00     0.00     0.00     0.00 -1 -1.13e-11      0.00 6.873e-01 2.973e-01 1.691e-03 2.164e-03 6.427e-03 -1.000 1.541e-02       4989          0          0          0          0      8.109      8.109 0.864 0.235 -0.541 -1.023 -1.102 0.902 1.574 0.824 0.610 0.505 1.351 0.235 0.235 0.235 0.235 0.235 0.235 0.235 0.235 0.235 0.235 0.235 0.235 0.235 0.235 0.235 0.235 0.235 0.235 0.235 0.235 0.235 0.235 -0.541 -0.541 -0.541 -0.541 -0.541 -0.541 -0.541 -0.541 -0.541 -0.541 -0.541 -0.541 -0.541 -0.541 -0.541 -0.541 -0.541 -0.541 -0.541 -0.541 -0.541 -0.541 -1.023 -1.023 -1.023 -1.023 -1.023 -1.023 -1.023 -1.023 -1.023 -1.023 -1.023 -1.023 -1.023 -1.023 -1.023 -1.023 -1.023 -1.023 -1.023 -1.023 -1.023 -1.023 -1.102 -1.102 -1.102 -1.102 -1.102 -1.102 -1.102 -1.102 -1.102 -1.102 -1.102 -1.102 -1.102 -1.102 -1.102 -1.102 -1.102 -1.102 -1.102 -1.102 -1.102 -1.102 0.902 0.902 0.902 0.902 0.902 0.902 0.902 0.902 0.902 0.902 0.902 0.902 0.902 0.902 0.902 0.902 0.902 0.902 0.902 0.902 0.902 0.902 1.574 1.574 1.574 1.574 1.574 1.574 1.574 1.574 1.574 1.574 1.574 1.574 1.574 1.574 1.574 1.574 1.574 1.574 1.574 1.574 1.574 1.574 0.824 0.824 0.824 0.824 0.824 0.824 0.824 0.824 0.824 0.824 0.824 0.824 0.824 0.824 0.824 0.824 0.824 0.824 0.824 0.824 0.824 0.824 0.610 0.610 0.610 0.610 0.610 0.610 0.610 0.610 0.610 0.610 0.610 0.610 0.610 0.610 0.610 0.610 0.610 0.610 0.610 0.610 0.610 0.610 0.505 0.505 0.505 0.505 0.505 0.505 0.505 0.505 0.505 0.505 0.505 0.505 0.505 0.505 0.505 0.505 0.505 0.505 0.505 0.505 0.505 0.505 1.351 1.351 1.351 1.351 1.351 1.351 1.351 1.351 1.351 1.351 1.351 1.351 1.351 1.351 1.351 1.351 1.351 1.351 1.351 1.351 1.351 1.351
0.0152 0.01508 9.00000 2.1500000954 2.5744105556    2.144  1.594  3.7007  2.930    4  0.000  0.351     0.00     0.00     0.00     0.00     0.00 -1 -1.22e-11      0.00 6.861e-01 2.985e-01 1.684e-03 2.204e-03 6.390e-03 -1.000 1.541e-02       5019          0          0          0          0      8.314      8.314 0.784 0.154 -0.612 -1.086 -1.164 0.815 1.475 0.738 0.528 0.427 1.249 0.154 0.154 0.154 0.154 0.154 0.154 0.154 0.154 0.154 0.154 0.154 0.154 0.154 0.154 0.154 0.154 0.154 0.154 0.154 0.154 0.154 0.154 -0.612 -0.612 -0.612 -0.612 -0.612 -0.612 -0.612 -0.612 -0.612 -0.612 -0.612 -0.612 -0.612 -0.612 -0.612 -0.612 -0.612 -0.612 -0.612 -0.612 -0.612 -0.612 -1.086 -1.086 -1.086 -1.086 -1.086 -1.086 -1.086 -1.086 -1.086 -1.086 -1.086 -1.086 -1.086 -1.086 -1.086 -1.086 -1.086 -1.086 -1.086 -1.086 -1.086 -1.086 -1.164 -1.164 -1.164 -1.164 -1.164 -1.164 -1.164 -1.164 -1.164 -1.164 -1.164 -1.164 -1.164 -1.164 -1.164 -1.164 -1.164 -1.164 -1.164 -1.164 -1.164 -1.164 0.815 0.815 0.815 0.815 0.815 0.815 0.815 0.815 0.815 0.815 0.815 0.815 0.815 0.815 0.815 0.815 0.815 0.815 0.815 0.815 0.815 0.815 1.475 1.475 1.475 1.475 1.475 1.475 1.475 1.475 1.475 1.475 1.475 1.475 1.475 1.475 1.475 1.475 1.475 1.475 1.475 1.475 1.475 1.475 0.738 0.738 0.738 0.738 0.738 0.738 0.738 0.738 0.738 0.738 0.738 0.738 0.738 0.738 0.738 0.738 0.738 0.738 0.738 0.738 0.738 0.738 0.528 0.528 0.528 0.528 0.528 0.528 0.528 0.528 0.528 0.528 0.528 0.528 0.528 0.528 0.528 0.528 0.528 0.528 0.528 0.528 0.528 0.528 0.427 0.427 0.427 0.427 0.427 0.427 0.427 0.427 0.427 0.427 0.427 0.427 0.427 0.427 0.427 0.427 0.427 0.427 0.427 0.427 0.427 0.427 1.249 1.249 1.249 1.249 1.249 1.249 1.249 1.249 1.249 1.249 1.249 1.249 1.249 1.249 1.249 1.249 1.249 1.249 1.249 1.249 1.249 1.249
0.0152 0.01508 9.00000 2.1500978470 2.5744140738    2.144  1.594  3.7007  2.930    4  0.000  0.351     0.00     0.00     0.00     0.00     0.00 -1 -1.22e-11      0.00 6.861e-01 2.985e-01 1.684e-03 2.204e-03 6.390e-03 -1.000 1.541e-02       5019          0          0          0          0      8.315      8.315 0.784 0.154 -0.613 -1.086 -1.164 0.815 1.475 0.738 0.528 0.427 1.248 0.154 0.154 0.154 0.154 0.154 0.154 0.154 0.154 0.154 0.154 0.154 0.154 0.154 0.154 0.154 0.154 0.154 0.154 0.154 0.154 0.154 0.154 -0.613 -0.613 -0.613 -0.613 -0.613 -0.613 -0.613 -0.613 -0.613 -0.613 -0.613 -0.613 -0.613 -0.613 -0.613 -0.613 -0.613 -0.613 -0.613 -0.613 -0.613 -0.613 -1.086 -1.086 -1.086 -1.086 -1.086 -1.086 -1.086 -1.086 -1.086 -1.086 -1.086 -1.086 -1.086 -1.086 -1.086 -1.086 -1.086 -1.086 -1.086 -1.086 -1.086 -1.086 -1.164 -1.164 -1.164 -1.164 -1.164 -1.164 -1.164 -1.164 -1.164 -1.164 -1.164 -1.164 -1.164 -1.164 -1.164 -1.164 -1.164 -1.164 -1.164 -1.164 -1.164 -1.164 0.815 0.815 0.815 0.815 0.815 0.815 0.815 0.815 0.815 0.815 0.815 0.815 0.815 0.815 0.815 0.815 0.815 0.815 0.815 0.815 0.815 0.815 1.475 1.475 1.475 1.475 1.475 1.475 1.475 1.475 1.475 1.475 1.475 1.475 1.475 1.475 1.475 1.475 1.475 1.475 1.475 1.475 1.475 1.475 0.738 0.738 0.738 0.738 0.738 0.738 0.738 0.738 0.738 0.738 0.738 0.738 0.738 0.738 0.738 0.738 0.738 0.738 0.738 0.738 0.738 0.738 0.528 0.528 0.528 0.528 0.528 0.528 0.528 0.528 0.528 0.528 0.528 0.528 0.528 0.528 0.528 0.528 0.528 0.528 0.528 0.528 0.528 0.528 0.427 0.427 0.427 0.427 0.427 0.427 0.427 0.427 0.427 0.427 0.427 0.427 0.427 0.427 0.427 0.427 0.427 0.427 0.427 0.427 0.427 0.427 1.248 1.248 1.248 1.248 1.248 1.248 1.248 1.248 1.248 1.248 1.248 1.248 1.248 1.248 1.248 1.248 1.248 1.248 1.248 1.248 1.248 1.248
0.0152 0.01508 9.00000 2.1525712013 2.5745029710    2.147  1.597  3.7007  2.928    4  0.000  0.351     0.00     0.00     0.00     0.00     0.00 -1 -1.09e-11      0.00 6.861e-01 2.985e-01 1.684e-03 2.205e-03 6.389e-03 -1.000 1.541e-02       5020          0          0          0          0      8.338      8.338 0.778 0.147 -0.619 -1.093 -1.171 0.808 1.468 0.731 0.522 0.420 1.241 0.147 0.147 0.147 0.147 0.147 0.147 0.147 0.147 0.147 0.147 0.147 0.147 0.147 0.147 0.147 0.147 0.147 0.147 0.147 0.147 0.147 0.147 -0.619 -0.619 -0.619 -0.619 -0.619 -0.619 -0.619 -0.619 -0.619 -0.619 -0.619 -0.619 -0.619 -0.619 -0.619 -0.619 -0.619 -0.619 -0.619 -0.619 -0.619 -0.619 -1.093 -1.093 -1.093 -1.093 -1.093 -1.093 -1.093 -1.093 -1.093 -1.093 -1.093 -1.093 -1.093 -1.093 -1.093 -1.093 -1.093 -1.093 -1.093 -1.093 -1.093 -1.093 -1.171 -1.171 -1.171 -1.171 -1.171 -1.171 -1.171 -1.171 -1.171 -1.171 -1.171 -1.171 -1.171 -1.171 -1.171 -1.171 -1.171 -1.171 -1.171 -1.171 -1.171 -1.171 0.808 0.808 0.808 0.808 0.808 0.808 0.808 0.808 0.808 0.808 0.808 0.808 0.808 0.808 0.808 0.808 0.808 0.808 0.808 0.808 0.808 0.808 1.468 1.468 1.468 1.468 1.468 1.468 1.468 1.468 1.468 1.468 1.468 1.468 1.468 1.468 1.468 1.468 1.468 1.468 1.468 1.468 1.468 1.468 0.731 0.731 0.731 0.731 0.731 0.731 0.731 0.731 0.731 0.731 0.731 0.731 0.731 0.731 0.731 0.731 0.731 0.731 0.731 0.731 0.731 0.731 0.522 0.522 0.522 0.522 0.522 0.522 0.522 0.522 0.522 0.522 0.522 0.522 0.522 0.522 0.522 0.522 0.522 0.522 0.522 0.522 0.522 0.522 0.420 0.420 0.420 0.420 0.420 0.420 0.420 0.420 0.420 0.420 0.420 0.420 0.420 0.420 0.420 0.420 0.420 0.420 0.420 0.420 0.420 0.420 1.241 1.241 1.241 1.241 1.241 1.241 1.241 1.241 1.241 1.241 1.241 1.241 1.241 1.241 1.241 1.241 1.241 1.241 1.241 1.241 1.241 1.241
0.0152 0.01508 9.00000 2.1542201042 2.5745621054    2.149  1.599  3.7008  2.927    4  0.000  0.351     0.00     0.00     0.00     0.00     0.00 -1 -1.01e-11      0.00 6.861e-01 2.985e-01 1.684e-03 2.206e-03 6.389e-03 -1.000 1.541e-02       5020          0          0          0          0      8.353      8.353 0.773 0.143 -0.623 -1.097 -1.175 0.804 1.463 0.727 0.517 0.416 1.236 0.143 0.143 0.143 0.143 0.143 0.143 0.143 0.143 0.143 0.143 0.143 0.143 0.143 0.143 0.143 0.143 0.143 0.143 0.143 0.143 0.143 0.143 -0.623 -0.623 -0.623 -0.623 -0.623 -0.623 -0.623 -0.623 -0.623 -0.623 -0.623 -0.623 -0.623 -0.623 -0.623 -0.623 -0.623 -0.623 -0.623 -0.623 -0.623 -0.623 -1.097 -1.097 -1.097 -1.097 -1.097 -1.097 -1.097 -1.097 -1.097 -1.097 -1.097 -1.097 -1.097 -1.097 -1.097 -1.097 -1.097 -1.097 -1.097 -1.097 -1.097 -1.097 -1.175 -1.175 -1.175 -1.175 -1.175 -1.175 -1.175 -1.175 -1.175 -1.175 -1.175 -1.175 -1.175 -1.175 -1.175 -1.175 -1.175 -1.175 -1.175 -1.175 -1.175 -1.175 0.804 0.804 0.804 0.804 0.804 0.804 0.804 0.804 0.804 0.804 0.804 0.804 0.804 0.804 0.804 0.804 0.804 0.804 0.804 0.804 0.804 0.804 1.463 1.463 1.463 1.463 1.463 1.463 1.463 1.463 1.463 1.463 1.463 1.463 1.463 1.463 1.463 1.463 1.463 1.463 1.463 1.463 1.463 1.463 0.727 0.727 0.727 0.727 0.727 0.727 0.727 0.727 0.727 0.727 0.727 0.727 0.727 0.727 0.727 0.727 0.727 0.727 0.727 0.727 0.727 0.727 0.517 0.517 0.517 0.517 0.517 0.517 0.517 0.517 0.517 0.517 0.517 0.517 0.517 0.517 0.517 0.517 0.517 0.517 0.517 0.517 0.517 0.517 0.416 0.416 0.416 0.416 0.416 0.416 0.416 0.416 0.416 0.416 0.416 0.416 0.416 0.416 0.416 0.416 0.416 0.416 0.416 0.416 0.416 0.416 1.236 1.236 1.236 1.236 1.236 1.236 1.236 1.236 1.236 1.236 1.236 1.236 1.236 1.236 1.236 1.236 1.236 1.236 1.236 1.236 1.236 1.236
0.0152 0.01508 9.00000 2.1567440033 2.5746524183    2.151  1.601  3.7009  2.925    4  0.000  0.351     0.00     0.00     0.00     0.00     0.00 -1 -9.05e-12      0.00 6.860e-01 2.985e-01 1.684e-03 2.207e-03 6.387e-03 -1.000 1.541e-02       5021          0          0          0          0      8.376      8.376 0.766 0.136 -0.630 -1.103 -1.181 0.797 1.456 0.720 0.510 0.409 1.229 0.136 0.136 0.136 0.136 0.136 0.136 0.136 0.136 0.136 0.136 0.136 0.136 0.136 0.136 0.136 0.136 0.136 0.136 0.136 0.136 0.136 0.136 -0.630 -0.630 -0.630 -0.630 -0.630 -0.630 -0.630 -0.630 -0.630 -0.630 -0.630 -0.630 -0.630 -0.630 -0.630 -0.630 -0.630 -0.630 -0.630 -0.630 -0.630 -0.630 -1.103 -1.103 -1.103 -1.103 -1.103 -1.103 -1.103 -1.103 -1.103 -1.103 -1.103 -1.103 -1.103 -1.103 -1.103 -1.103 -1.103 -1.103 -1.103 -1.103 -1.103 -1.103 -1.181 -1.181 -1.181 -1.181 -1.181 -1.181 -1.181 -1.181 -1.181 -1.181 -1.181 -1.181 -1.181 -1.181 -1.181 -1.181 -1.181 -1.181 -1.181 -1.181 -1.181 -1.181 0.797 0.797 0.797 0.797 0.797 0.797 0.797 0.797 0.797 0.797 0.797 0.797 0.797 0.797 0.797 0.797 0.797 0.797 0.797 0.797 0.797 0.797 1.456 1.456 1.456 1.456 1.456 1.456 1.456 1.456 1.456 1.456 1.456 1.456 1.456 1.456 1.456 1.456 1.456 1.456 1.456 1.456 1.456 1.456 0.720 0.720 0.720 0.720 0.720 0.720 0.720 0.720 0.720 0.720 0.720 0.720 0.720 0.720 0.720 0.720 0.720 0.720 0.720 0.720 0.720 0.720 0.510 0.510 0.510 0.510 0.510 0.510 0.510 0.510 0.510 0.510 0.510 0.510 0.510 0.510 0.510 0.510 0.510 0.510 0.510 0.510 0.510 0.510 0.409 0.409 0.409 0.409 0.409 0.409 0.409 0.409 0.409 0.409 0.409 0.409 0.409 0.409 0.409 0.409 0.409 0.409 0.409 0.409 0.409 0.409 1.229 1.229 1.229 1.229 1.229 1.229 1.229 1.229 1.229 1.229 1.229 1.229 1.229 1.229 1.229 1.229 1.229 1.229 1.229 1.229 1.229 1.229
0.0152 0.01508 9.00000 2.1575274467 2.5746804029    2.152  1.602  3.7009  2.924    4  0.000  0.351     0.00     0.00     0.00     0.00     0.00 -1 -8.74e-12      0.00 6.860e-01 2.986e-01 1.684e-03 2.207e-03 6.387e-03 -1.000 1.541e-02       5021          0          0          0          0      8.384      8.384 0.764 0.134 -0.632 -1.105 -1.183 0.795 1.453 0.718 0.508 0.407 1.227 0.134 0.134 0.134 0.134 0.134 0.134 0.134 0.134 0.134 0.134 0.134 0.134 0.134 0.134 0.134 0.134 0.134 0.134 0.134 0.134 0.134 0.134 -0.632 -0.632 -0.632 -0.632 -0.632 -0.632 -0.632 -0.632 -0.632 -0.632 -0.632 -0.632 -0.632 -0.632 -0.632 -0.632 -0.632 -0.632 -0.632 -0.632 -0.632 -0.632 -1.105 -1.105 -1.105 -1.105 -1.105 -1.105 -1.105 -1.105 -1.105 -1.105 -1.105 -1.105 -1.105 -1.105 -1.105 -1.105 -1.105 -1.105 -1.105 -1.105 -1.105 -1.105 -1.183 -1.183 -1.183 -1.183 -1.183 -1.183 -1.183 -1.183 -1.183 -1.183 -1.183 -1.183 -1.183 -1.183 -1.183 -1.183 -1.183 -1.183 -1.183 -1.183 -1.183 -1.183 0.795 0.795 0.795 0.795 0.795 0.795 0.795 0.795 0.795 0.795 0.795 0.795 0.795 0.795 0.795 0.795 0.795 0.795 0.795 0.795 0.795 0.795 1.453 1.453 1.453 1.453 1.453 1.453 1.453 1.453 1.453 1.453 1.453 1.453 1.453 1.453 1.453 1.453 1.453 1.453 1.453 1.453 1.453 1.453 0.718 0.718 0.718 0.718 0.718 0.718 0.718 0.718 0.718 0.718 0.718 0.718 0.718 0.718 0.718 0.718 0.718 0.718 0.718 0.718 0.718 0.718 0.508 0.508 0.508 0.508 0.508 0.508 0.508 0.508 0.508 0.508 0.508 0.508 0.508 0.508 0.508 0.508 0.508 0.508 0.508 0.508 0.508 0.508 0.407 0.407 0.407 0.407 0.407 0.407 0.407 0.407 0.407 0.407 0.407 0.407 0.407 0.407 0.407 0.407 0.407 0.407 0.407 0.407 0.407 0.407 1.227 1.227 1.227 1.227 1.227 1.227 1.227 1.227 1.227 1.227 1.227 1.227 1.227 1.227 1.227 1.227 1.227 1.227 1.227 1.227 1.227 1.227
0.0152 0.01508 9.00000 2.1582670212 2.5747067991    2.153  1.603  3.7009  2.923    4  0.000  0.351     0.00     0.00     0.00     0.00     0.00 -1 -8.46e-12      0.00 6.860e-01 2.986e-01 1.684e-03 2.208e-03 6.387e-03 -1.000 1.541e-02       5021          0          0          0          0      8.391      8.391 0.762 0.132 -0.634 -1.107 -1.185 0.793 1.451 0.716 0.506 0.405 1.224 0.132 0.132 0.132 0.132 0.132 0.132 0.132 0.132 0.132 0.132 0.132 0.132 0.132 0.132 0.132 0.132 0.132 0.132 0.132 0.132 0.132 0.132 -0.634 -0.634 -0.634 -0.634 -0.634 -0.634 -0.634 -0.634 -0.634 -0.634 -0.634 -0.634 -0.634 -0.634 -0.634 -0.634 -0.634 -0.634 -0.634 -0.634 -0.634 -0.634 -1.107 -1.107 -1.107 -1.107 -1.107 -1.107 -1.107 -1.107 -1.107 -1.107 -1.107 -1.107 -1.107 -1.107 -1.107 -1.107 -1.107 -1.107 -1.107 -1.107 -1.107 -1.107 -1.185 -1.185 -1.185 -1.185 -1.185 -1.185 -1.185 -1.185 -1.185 -1.185 -1.185 -1.185 -1.185 -1.185 -1.185 -1.185 -1.185 -1.185 -1.185 -1.185 -1.185 -1.185 0.793 0.793 0.793 0.793 0.793 0.793 0.793 0.793 0.793 0.793 0.793 0.793 0.793 0.793 0.793 0.793 0.793 0.793 0.793 0.793 0.793 0.793 1.451 1.451 1.451 1.451 1.451 1.451 1.451 1.451 1.451 1.451 1.451 1.451 1.451 1.451 1.451 1.451 1.451 1.451 1.451 1.451 1.451 1.451 0.716 0.716 0.716 0.716 0.716 0.716 0.716 0.716 0.716 0.716 0.716 0.716 0.716 0.716 0.716 0.716 0.716 0.716 0.716 0.716 0.716 0.716 0.506 0.506 0.506 0.506 0.506 0.506 0.506 0.506 0.506 0.506 0.506 0.506 0.506 0.506 0.506 0.506 0.506 0.506 0.506 0.506 0.506 0.506 0.405 0.405 0.405 0.405 0.405 0.405 0.405 0.405 0.405 0.405 0.405 0.405 0.405 0.405 0.405 0.405 0.405 0.405 0.405 0.405 0.405 0.405 1.224 1.224 1.224 1.224 1.224 1.224 1.224 1.224 1.224 1.224 1.224 1.224 1.224 1.224 1.224 1.224 1.224 1.224 1.224 1.224 1.224 1.224
0.0152 0.01508 9.00000 2.1604475975 2.5747845051    2.155  1.606  3.7010  2.922    4  0.000  0.351     0.00     0.00     0.00     0.00     0.00 -1 -7.69e-12      0.00 6.860e-01 2.986e-01 1.684e-03 2.209e-03 6.386e-03 -1.000 1.541e-02       5022          0          0          0          0      8.412      8.412 0.756 0.126 -0.640 -1.113 -1.190 0.787 1.445 0.709 0.500 0.399 1.218 0.126 0.126 0.126 0.126 0.126 0.126 0.126 0.126 0.126 0.126 0.126 0.126 0.126 0.126 0.126 0.126 0.126 0.126 0.126 0.126 0.126 0.126 -0.640 -0.640 -0.640 -0.640 -0.640 -0.640 -0.640 -0.640 -0.640 -0.640 -0.640 -0.640 -0.640 -0.640 -0.640 -0.640 -0.640 -0.640 -0.640 -0.640 -0.640 -0.640 -1.113 -1.113 -1.113 -1.113 -1.113 -1.113 -1.113 -1.113 -1.113 -1.113 -1.113 -1.113 -1.113 -1.113 -1.113 -1.113 -1.113 -1.113 -1.113 -1.113 -1.113 -1.113 -1.190 -1.190 -1.190 -1.190 -1.190 -1.190 -1.190 -1.190 -1.190 -1.190 -1.190 -1.190 -1.190 -1.190 -1.190 -1.190 -1.190 -1.190 -1.190 -1.190 -1.190 -1.190 0.787 0.787 0.787 0.787 0.787 0.787 0.787 0.787 0.787 0.787 0.787 0.787 0.787 0.787 0.787 0.787 0.787 0.787 0.787 0.787 0.787 0.787 1.445 1.445 1.445 1.445 1.445 1.445 1.445 1.445 1.445 1.445 1.445 1.445 1.445 1.445 1.445 1.445 1.445 1.445 1.445 1.445 1.445 1.445 0.709 0.709 0.709 0.709 0.709 0.709 0.709 0.709 0.709 0.709 0.709 0.709 0.709 0.709 0.709 0.709 0.709 0.709 0.709 0.709 0.709 0.709 0.500 0.500 0.500 0.500 0.500 0.500 0.500 0.500 0.500 0.500 0.500 0.500 0.500 0.500 0.500 0.500 0.500 0.500 0.500 0.500 0.500 0.500 0.399 0.399 0.399 0.399 0.399 0.399 0.399 0.399 0.399 0.399 0.399 0.399 0.399 0.399 0.399 0.399 0.399 0.399 0.399 0.399 0.399 0.399 1.218 1.218 1.218 1.218 1.218 1.218 1.218 1.218 1.218 1.218 1.218 1.218 1.218 1.218 1.218 1.218 1.218 1.218 1.218 1.218 1.218 1.218
0.0152 0.01508 9.00000 2.1618678570 2.5748350199    2.157  1.607  3.7010  2.921    4  0.000  0.351     0.00     0.00     0.00     0.00     0.00 -1 -7.23e-12      0.00 6.860e-01 2.986e-01 1.683e-03 2.209e-03 6.385e-03 -1.000 1.541e-02       5023          0          0          0          0      8.426      8.426 0.752 0.122 -0.643 -1.116 -1.194 0.783 1.441 0.705 0.496 0.395 1.214 0.122 0.122 0.122 0.122 0.122 0.122 0.122 0.122 0.122 0.122 0.122 0.122 0.122 0.122 0.122 0.122 0.122 0.122 0.122 0.122 0.122 0.122 -0.643 -0.643 -0.643 -0.643 -0.643 -0.643 -0.643 -0.643 -0.643 -0.643 -0.643 -0.643 -0.643 -0.643 -0.643 -0.643 -0.643 -0.643 -0.643 -0.643 -0.643 -0.643 -1.116 -1.116 -1.116 -1.116 -1.116 -1.116 -1.116 -1.116 -1.116 -1.116 -1.116 -1.116 -1.116 -1.116 -1.116 -1.116 -1.116 -1.116 -1.116 -1.116 -1.116 -1.116 -1.194 -1.194 -1.194 -1.194 -1.194 -1.194 -1.194 -1.194 -1.194 -1.194 -1.194 -1.194 -1.194 -1.194 -1.194 -1.194 -1.194 -1.194 -1.194 -1.194 -1.194 -1.194 0.783 0.783 0.783 0.783 0.783 0.783 0.783 0.783 0.783 0.783 0.783 0.783 0.783 0.783 0.783 0.783 0.783 0.783 0.783 0.783 0.783 0.783 1.441 1.441 1.441 1.441 1.441 1.441 1.441 1.441 1.441 1.441 1.441 1.441 1.441 1.441 1.441 1.441 1.441 1.441 1.441 1.441 1.441 1.441 0.705 0.705 0.705 0.705 0.705 0.705 0.705 0.705 0.705 0.705 0.705 0.705 0.705 0.705 0.705 0.705 0.705 0.705 0.705 0.705 0.705 0.705 0.496 0.496 0.496 0.496 0.496 0.496 0.496 0.496 0.496 0.496 0.496 0.496 0.496 0.496 0.496 0.496 0.496 0.496 0.496 0.496 0.496 0.496 0.395 0.395 0.395 0.395 0.395 0.395 0.395 0.395 0.395 0.395 0.395 0.395 0.395 0.395 0.395 0.395 0.395 0.395 0.395 0.395 0.395 0.395 1.214 1.214 1.214 1.214 1.214 1.214 1.214 1.214 1.214 1.214 1.214 1.214 1.214 1.214 1.214 1.214 1.214 1.214 1.214 1.214 1.214 1.214
0.0152 0.01508 9.00000 2.1642220020 2.5749185826    2.159  1.610  3.7011  2.919    4  0.000  0.351     0.00     0.00     0.00     0.00     0.00 -1 -6.52e-12      0.00 6.860e-01 2.986e-01 1.683e-03 2.211e-03 6.384e-03 -1.000 1.541e-02       5023          0          0          0          0      8.449      8.449 0.746 0.115 -0.650 -1.122 -1.200 0.776 1.434 0.699 0.490 0.389 1.206 0.115 0.115 0.115 0.115 0.115 0.115 0.115 0.115 0.115 0.115 0.115 0.115 0.115 0.115 0.115 0.115 0.115 0.115 0.115 0.115 0.115 0.115 -0.650 -0.650 -0.650 -0.650 -0.650 -0.650 -0.650 -0.650 -0.650 -0.650 -0.650 -0.650 -0.650 -0.650 -0.650 -0.650 -0.650 -0.650 -0.650 -0.650 -0.650 -0.650 -1.122 -1.122 -1.122 -1.122 -1.122 -1.122 -1.122 -1.122 -1.122 -1.122 -1.122 -1.122 -1.122 -1.122 -1.122 -1.122 -1.122 -1.122 -1.122 -1.122 -1.122 -1.122 -1.200 -1.200 -1.200 -1.200 -1.200 -1.200 -1.200 -1.200 -1.200 -1.200 -1.200 -1.200 -1.200 -1.200 -1.200 -1.200 -1.200 -1.200 -1.200 -1.200 -1.200 -1.200 0.776 0.776 0.776 0.776 0.776 0.776 0.776 0.776 0.776 0.776 0.776 0.776 0.776 0.776 0.776 0.776 0.776 0.776 0.776 0.776 0.776 0.776 1.434 1.434 1.434 1.434 1.434 1.434 1.434 1.434 1.434 1.434 1.434 1.434 1.434 1.434 1.434 1.434 1.434 1.434 1.434 1.434 1.434 1.434 0.699 0.699 0.699 0.699 0.699 0.699 0.699 0.699 0.699 0.699 0.699 0.699 0.699 0.699 0.699 0.699 0.699 0.699 0.699 0.699 0.699 0.699 0.490 0.490 0.490 0.490 0.490 0.490 0.490 0.490 0.490 0.490 0.490 0.490 0.490 0.490 0.490 0.490 0.490 0.490 0.490 0.490 0.490 0.490 0.389 0.389 0.389 0.389 0.389 0.389 0.389 0.389 0.389 0.389 0.389 0.389 0.389 0.389 0.389 0.389 0.389 0.389 0.389 0.389 0.389 0.389 1.206 1.206 1.206 1.206 1.206 1.206 1.206 1.206 1.206 1.206 1.206 1.206 1.206 1.206 1.206 1.206 1.206 1.206 1.206 1.206 1.206 1.206
0.0152 0.01508 9.00000 2.1656823158 2.5749703129    2.161  1.611  3.7011  2.918    4  0.000  0.351     0.00     0.00     0.00     0.00     0.00 -1 -6.12e-12      0.00 6.859e-01 2.987e-01 1.683e-03 2.211e-03 6.384e-03 -1.000 1.541e-02       5024          0          0          0          0      8.463      8.463 0.742 0.111 -0.654 -1.126 -1.204 0.772 1.429 0.695 0.485 0.385 1.202 0.111 0.111 0.111 0.111 0.111 0.111 0.111 0.111 0.111 0.111 0.111 0.111 0.111 0.111 0.111 0.111 0.111 0.111 0.111 0.111 0.111 0.111 -0.654 -0.654 -0.654 -0.654 -0.654 -0.654 -0.654 -0.654 -0.654 -0.654 -0.654 -0.654 -0.654 -0.654 -0.654 -0.654 -0.654 -0.654 -0.654 -0.654 -0.654 -0.654 -1.126 -1.126 -1.126 -1.126 -1.126 -1.126 -1.126 -1.126 -1.126 -1.126 -1.126 -1.126 -1.126 -1.126 -1.126 -1.126 -1.126 -1.126 -1.126 -1.126 -1.126 -1.126 -1.204 -1.204 -1.204 -1.204 -1.204 -1.204 -1.204 -1.204 -1.204 -1.204 -1.204 -1.204 -1.204 -1.204 -1.204 -1.204 -1.204 -1.204 -1.204 -1.204 -1.204 -1.204 0.772 0.772 0.772 0.772 0.772 0.772 0.772 0.772 0.772 0.772 0.772 0.772 0.772 0.772 0.772 0.772 0.772 0.772 0.772 0.772 0.772 0.772 1.429 1.429 1.429 1.429 1.429 1.429 1.429 1.429 1.429 1.429 1.429 1.429 1.429 1.429 1.429 1.429 1.429 1.429 1.429 1.429 1.429 1.429 0.695 0.695 0.695 0.695 0.695 0.695 0.695 0.695 0.695 0.695 0.695 0.695 0.695 0.695 0.695 0.695 0.695 0.695 0.695 0.695 0.695 0.695 0.485 0.485 0.485 0.485 0.485 0.485 0.485 0.485 0.485 0.485 0.485 0.485 0.485 0.485 0.485 0.485 0.485 0.485 0.485 0.485 0.485 0.485 0.385 0.385 0.385 0.385 0.385 0.385 0.385 0.385 0.385 0.385 0.385 0.385 0.385 0.385 0.385 0.385 0.385 0.385 0.385 0.385 0.385 0.385 1.202 1.202 1.202 1.202 1.202 1.202 1.202 1.202 1.202 1.202 1.202 1.202 1.202 1.202 1.202 1.202 1.202 1.202 1.202 1.202 1.202 1.202
0.0152 0.01508 9.00000 2.1671824455 2.5750233702    2.162  1.613  3.7011  2.916    4  0.000  0.351     0.00     0.00     0.00     0.00     0.00 -1 -5.74e-12      0.00 6.859e-01 2.987e-01 1.683e-03 2.212e-03 6.383e-03 -1.000 1.541e-02       5024          0          0          0          0      8.478      8.478 0.737 0.107 -0.658 -1.130 -1.208 0.767 1.425 0.690 0.481 0.380 1.197 0.107 0.107 0.107 0.107 0.107 0.107 0.107 0.107 0.107 0.107 0.107 0.107 0.107 0.107 0.107 0.107 0.107 0.107 0.107 0.107 0.107 0.107 -0.658 -0.658 -0.658 -0.658 -0.658 -0.658 -0.658 -0.658 -0.658 -0.658 -0.658 -0.658 -0.658 -0.658 -0.658 -0.658 -0.658 -0.658 -0.658 -0.658 -0.658 -0.658 -1.130 -1.130 -1.130 -1.130 -1.130 -1.130 -1.130 -1.130 -1.130 -1.130 -1.130 -1.130 -1.130 -1.130 -1.130 -1.130 -1.130 -1.130 -1.130 -1.130 -1.130 -1.130 -1.208 -1.208 -1.208 -1.208 -1.208 -1.208 -1.208 -1.208 -1.208 -1.208 -1.208 -1.208 -1.208 -1.208 -1.208 -1.208 -1.208 -1.208 -1.208 -1.208 -1.208 -1.208 0.767 0.767 0.767 0.767 0.767 0.767 0.767 0.767 0.767 0.767 0.767 0.767 0.767 0.767 0.767 0.767 0.767 0.767 0.767 0.767 0.767 0.767 1.425 1.425 1.425 1.425 1.425 1.425 1.425 1.425 1.425 1.425 1.425 1.425 1.425 1.425 1.425 1.425 1.425 1.425 1.425 1.425 1.425 1.425 0.690 0.690 0.690 0.690 0.690 0.690 0.690 0.690 0.690 0.690 0.690 0.690 0.690 0.690 0.690 0.690 0.690 0.690 0.690 0.690 0.690 0.690 0.481 0.481 0.481 0.481 0.481 0.481 0.481 0.481 0.481 0.481 0.481 0.481 0.481 0.481 0.481 0.481 0.481 0.481 0.481 0.481 0.481 0.481 0.380 0.380 0.380 0.380 0.380 0.380 0.380 0.380 0.380 0.380 0.380 0.380 0.380 0.380 0.380 0.380 0.380 0.380 0.380 0.380 0.380 0.380 1.197 1.197 1.197 1.197 1.197 1.197 1.197 1.197 1.197 1.197 1.197 1.197 1.197 1.197 1.197 1.197 1.197 1.197 1.197 1.197 1.197 1.197
0.0152 0.01508 9.00000 2.1686065197 2.5750736593    2.164  1.615  3.7012  2.915    4  0.000  0.351     0.00     0.00     0.00     0.00     0.00 -1 -5.39e-12      0.00 6.859e-01 2.987e-01 1.683e-03 2.213e-03 6.383e-03 -1.000 1.541e-02       5025          0          0          0          0      8.492      8.492 0.733 0.103 -0.662 -1.134 -1.212 0.763 1.420 0.686 0.477 0.376 1.193 0.103 0.103 0.103 0.103 0.103 0.103 0.103 0.103 0.103 0.103 0.103 0.103 0.103 0.103 0.103 0.103 0.103 0.103 0.103 0.103 0.103 0.103 -0.662 -0.662 -0.662 -0.662 -0.662 -0.662 -0.662 -0.662 -0.662 -0.662 -0.662 -0.662 -0.662 -0.662 -0.662 -0.662 -0.662 -0.662 -0.662 -0.662 -0.662 -0.662 -1.134 -1.134 -1.134 -1.134 -1.134 -1.134 -1.134 -1.134 -1.134 -1.134 -1.134 -1.134 -1.134 -1.134 -1.134 -1.134 -1.134 -1.134 -1.134 -1.134 -1.134 -1.134 -1.212 -1.212 -1.212 -1.212 -1.212 -1.212 -1.212 -1.212 -1.212 -1.212 -1.212 -1.212 -1.212 -1.212 -1.212 -1.212 -1.212 -1.212 -1.212 -1.212 -1.212 -1.212 0.763 0.763 0.763 0.763 0.763 0.763 0.763 0.763 0.763 0.763 0.763 0.763 0.763 0.763 0.763 0.763 0.763 0.763 0.763 0.763 0.763 0.763 1.420 1.420 1.420 1.420 1.420 1.420 1.420 1.420 1.420 1.420 1.420 1.420 1.420 1.420 1.420 1.420 1.420 1.420 1.420 1.420 1.420 1.420 0.686 0.686 0.686 0.686 0.686 0.686 0.686 0.686 0.686 0.686 0.686 0.686 0.686 0.686 0.686 0.686 0.686 0.686 0.686 0.686 0.686 0.686 0.477 0.477 0.477 0.477 0.477 0.477 0.477 0.477 0.477 0.477 0.477 0.477 0.477 0.477 0.477 0.477 0.477 0.477 0.477 0.477 0.477 0.477 0.376 0.376 0.376 0.376 0.376 0.376 0.376 0.376 0.376 0.376 0.376 0.376 0.376 0.376 0.376 0.376 0.376 0.376 0.376 0.376 0.376 0.376 1.193 1.193 1.193 1.193 1.193 1.193 1.193 1.193 1.193 1.193 1.193 1.193 1.193 1.193 1.193 1.193 1.193 1.193 1.193 1.193 1.193 1.193
0.0152 0.01508 9.00000 2.1699404716 2.5751206972    2.165  1.616  3.7012  2.914    4  0.000  0.351     0.00     0.00     0.00     0.00     0.00 -1 -5.09e-12      0.00 6.859e-01 2.987e-01 1.683e-03 2.213e-03 6.382e-03 -1.000 1.541e-02       5025          0          0          0          0      8.506      8.506 0.729 0.099 -0.665 -1.138 -1.215 0.759 1.416 0.682 0.473 0.372 1.189 0.099 0.099 0.099 0.099 0.099 0.099 0.099 0.099 0.099 0.099 0.099 0.099 0.099 0.099 0.099 0.099 0.099 0.099 0.099 0.099 0.099 0.099 -0.665 -0.665 -0.665 -0.665 -0.665 -0.665 -0.665 -0.665 -0.665 -0.665 -0.665 -0.665 -0.665 -0.665 -0.665 -0.665 -0.665 -0.665 -0.665 -0.665 -0.665 -0.665 -1.138 -1.138 -1.138 -1.138 -1.138 -1.138 -1.138 -1.138 -1.138 -1.138 -1.138 -1.138 -1.138 -1.138 -1.138 -1.138 -1.138 -1.138 -1.138 -1.138 -1.138 -1.138 -1.215 -1.215 -1.215 -1.215 -1.215 -1.215 -1.215 -1.215 -1.215 -1.215 -1.215 -1.215 -1.215 -1.215 -1.215 -1.215 -1.215 -1.215 -1.215 -1.215 -1.215 -1.215 0.759 0.759 0.759 0.759 0.759 0.759 0.759 0.759 0.759 0.759 0.759 0.759 0.759 0.759 0.759 0.759 0.759 0.759 0.759 0.759 0.759 0.759 1.416 1.416 1.416 1.416 1.416 1.416 1.416 1.416 1.416 1.416 1.416 1.416 1.416 1.416 1.416 1.416 1.416 1.416 1.416 1.416 1.416 1.416 0.682 0.682 0.682 0.682 0.682 0.682 0.682 0.682 0.682 0.682 0.682 0.682 0.682 0.682 0.682 0.682 0.682 0.682 0.682 0.682 0.682 0.682 0.473 0.473 0.473 0.473 0.473 0.473 0.473 0.473 0.473 0.473 0.473 0.473 0.473 0.473 0.473 0.473 0.473 0.473 0.473 0.473 0.473 0.473 0.372 0.372 0.372 0.372 0.372 0.372 0.372 0.372 0.372 0.372 0.372 0.372 0.372 0.372 0.372 0.372 0.372 0.372 0.372 0.372 0.372 0.372 1.189 1.189 1.189 1.189 1.189 1.189 1.189 1.189 1.189 1.189 1.189 1.189 1.189 1.189 1.189 1.189 1.189 1.189 1.189 1.189 1.189 1.189
0.0152 0.01508 9.00000 2.1717658043 2.5751849544    2.167  1.618  3.7013  2.912    4  0.000  0.351     0.00     0.00     0.00     0.00     0.00 -1 -4.71e-12      0.00 6.859e-01 2.987e-01 1.683e-03 2.214e-03 6.381e-03 -1.000 1.541e-02       5026          0          0          0          0      8.526      8.526 0.724 0.093 -0.671 -1.143 -1.221 0.754 1.410 0.677 0.468 0.367 1.183 0.093 0.093 0.093 0.093 0.093 0.093 0.093 0.093 0.093 0.093 0.093 0.093 0.093 0.093 0.093 0.093 0.093 0.093 0.093 0.093 0.093 0.093 -0.671 -0.671 -0.671 -0.671 -0.671 -0.671 -0.671 -0.671 -0.671 -0.671 -0.671 -0.671 -0.671 -0.671 -0.671 -0.671 -0.671 -0.671 -0.671 -0.671 -0.671 -0.671 -1.143 -1.143 -1.143 -1.143 -1.143 -1.143 -1.143 -1.143 -1.143 -1.143 -1.143 -1.143 -1.143 -1.143 -1.143 -1.143 -1.143 -1.143 -1.143 -1.143 -1.143 -1.143 -1.221 -1.221 -1.221 -1.221 -1.221 -1.221 -1.221 -1.221 -1.221 -1.221 -1.221 -1.221 -1.221 -1.221 -1.221 -1.221 -1.221 -1.221 -1.221 -1.221 -1.221 -1.221 0.754 0.754 0.754 0.754 0.754 0.754 0.754 0.754 0.754 0.754 0.754 0.754 0.754 0.754 0.754 0.754 0.754 0.754 0.754 0.754 0.754 0.754 1.410 1.410 1.410 1.410 1.410 1.410 1.410 1.410 1.410 1.410 1.410 1.410 1.410 1.410 1.410 1.410 1.410 1.410 1.410 1.410 1.410 1.410 0.677 0.677 0.677 0.677 0.677 0.677 0.677 0.677 0.677 0.677 0.677 0.677 0.677 0.677 0.677 0.677 0.677 0.677 0.677 0.677 0.677 0.677 0.468 0.468 0.468 0.468 0.468 0.468 0.468 0.468 0.468 0.468 0.468 0.468 0.468 0.468 0.468 0.468 0.468 0.468 0.468 0.468 0.468 0.468 0.367 0.367 0.367 0.367 0.367 0.367 0.367 0.367 0.367 0.367 0.367 0.367 0.367 0.367 0.367 0.367 0.367 0.367 0.367 0.367 0.367 0.367 1.183 1.183 1.183 1.183 1.183 1.183 1.183 1.183 1.183 1.183 1.183 1.183 1.183 1.183 1.183 1.183 1.183 1.183 1.183 1.183 1.183 1.183
0.0152 0.01508 9.00000 2.1730985641 2.5752317931    2.168  1.620  3.7013  2.911    4  0.000  0.352     0.00     0.00     0.00     0.00     0.00 -1 -4.45e-12      0.00 6.858e-01 2.988e-01 1.683e-03 2.215e-03 6.381e-03 -1.000 1.541e-02       5026          0          0          0          0      8.542      8.542 0.720 0.089 -0.675 -1.147 -1.225 0.749 1.406 0.672 0.463 0.363 1.178 0.089 0.089 0.089 0.089 0.089 0.089 0.089 0.089 0.089 0.089 0.089 0.089 0.089 0.089 0.089 0.089 0.089 0.089 0.089 0.089 0.089 0.089 -0.675 -0.675 -0.675 -0.675 -0.675 -0.675 -0.675 -0.675 -0.675 -0.675 -0.675 -0.675 -0.675 -0.675 -0.675 -0.675 -0.675 -0.675 -0.675 -0.675 -0.675 -0.675 -1.147 -1.147 -1.147 -1.147 -1.147 -1.147 -1.147 -1.147 -1.147 -1.147 -1.147 -1.147 -1.147 -1.147 -1.147 -1.147 -1.147 -1.147 -1.147 -1.147 -1.147 -1.147 -1.225 -1.225 -1.225 -1.225 -1.225 -1.225 -1.225 -1.225 -1.225 -1.225 -1.225 -1.225 -1.225 -1.225 -1.225 -1.225 -1.225 -1.225 -1.225 -1.225 -1.225 -1.225 0.749 0.749 0.749 0.749 0.749 0.749 0.749 0.749 0.749 0.749 0.749 0.749 0.749 0.749 0.749 0.749 0.749 0.749 0.749 0.749 0.749 0.749 1.406 1.406 1.406 1.406 1.406 1.406 1.406 1.406 1.406 1.406 1.406 1.406 1.406 1.406 1.406 1.406 1.406 1.406 1.406 1.406 1.406 1.406 0.672 0.672 0.672 0.672 0.672 0.672 0.672 0.672 0.672 0.672 0.672 0.672 0.672 0.672 0.672 0.672 0.672 0.672 0.672 0.672 0.672 0.672 0.463 0.463 0.463 0.463 0.463 0.463 0.463 0.463 0.463 0.463 0.463 0.463 0.463 0.463 0.463 0.463 0.463 0.463 0.463 0.463 0.463 0.463 0.363 0.363 0.363 0.363 0.363 0.363 0.363 0.363 0.363 0.363 0.363 0.363 0.363 0.363 0.363 0.363 0.363 0.363 0.363 0.363 0.363 0.363 1.178 1.178 1.178 1.178 1.178 1.178 1.178 1.178 1.178 1.178 1.178 1.178 1.178 1.178 1.178 1.178 1.178 1.178 1.178 1.178 1.178 1.178
0.0152 0.01508 9.00000 2.1745014191 2.5752810240    2.170  1.622  3.7013  2.910    4  0.000  0.352     0.00     0.00     0.00     0.00     0.00 -1  -4.2e-12      0.00 6.858e-01 2.988e-01 1.683e-03 2.215e-03 6.380e-03 -1.000 1.541e-02       5026          0          0          0          0      8.558      8.558 0.715 0.085 -0.679 -1.151 -1.229 0.745 1.401 0.668 0.459 0.358 1.174 0.085 0.085 0.085 0.085 0.085 0.085 0.085 0.085 0.085 0.085 0.085 0.085 0.085 0.085 0.085 0.085 0.085 0.085 0.085 0.085 0.085 0.085 -0.679 -0.679 -0.679 -0.679 -0.679 -0.679 -0.679 -0.679 -0.679 -0.679 -0.679 -0.679 -0.679 -0.679 -0.679 -0.679 -0.679 -0.679 -0.679 -0.679 -0.679 -0.679 -1.151 -1.151 -1.151 -1.151 -1.151 -1.151 -1.151 -1.151 -1.151 -1.151 -1.151 -1.151 -1.151 -1.151 -1.151 -1.151 -1.151 -1.151 -1.151 -1.151 -1.151 -1.151 -1.229 -1.229 -1.229 -1.229 -1.229 -1.229 -1.229 -1.229 -1.229 -1.229 -1.229 -1.229 -1.229 -1.229 -1.229 -1.229 -1.229 -1.229 -1.229 -1.229 -1.229 -1.229 0.745 0.745 0.745 0.745 0.745 0.745 0.745 0.745 0.745 0.745 0.745 0.745 0.745 0.745 0.745 0.745 0.745 0.745 0.745 0.745 0.745 0.745 1.401 1.401 1.401 1.401 1.401 1.401 1.401 1.401 1.401 1.401 1.401 1.401 1.401 1.401 1.401 1.401 1.401 1.401 1.401 1.401 1.401 1.401 0.668 0.668 0.668 0.668 0.668 0.668 0.668 0.668 0.668 0.668 0.668 0.668 0.668 0.668 0.668 0.668 0.668 0.668 0.668 0.668 0.668 0.668 0.459 0.459 0.459 0.459 0.459 0.459 0.459 0.459 0.459 0.459 0.459 0.459 0.459 0.459 0.459 0.459 0.459 0.459 0.459 0.459 0.459 0.459 0.358 0.358 0.358 0.358 0.358 0.358 0.358 0.358 0.358 0.358 0.358 0.358 0.358 0.358 0.358 0.358 0.358 0.358 0.358 0.358 0.358 0.358 1.174 1.174 1.174 1.174 1.174 1.174 1.174 1.174 1.174 1.174 1.174 1.174 1.174 1.174 1.174 1.174 1.174 1.174 1.174 1.174 1.174 1.174
0.0152 0.01508 9.00000 2.1763522625 2.5753458646    2.172  1.624  3.7013  2.908    4  0.000  0.352     0.00     0.00     0.00     0.00     0.00 -1 -3.88e-12      0.00 6.858e-01 2.988e-01 1.682e-03 2.216e-03 6.379e-03 -1.000 1.541e-02       5027          0          0          0          0       8.58       8.58 0.709 0.079 -0.685 -1.157 -1.235 0.739 1.395 0.662 0.453 0.353 1.167 0.079 0.079 0.079 0.079 0.079 0.079 0.079 0.079 0.079 0.079 0.079 0.079 0.079 0.079 0.079 0.079 0.079 0.079 0.079 0.079 0.079 0.079 -0.685 -0.685 -0.685 -0.685 -0.685 -0.685 -0.685 -0.685 -0.685 -0.685 -0.685 -0.685 -0.685 -0.685 -0.685 -0.685 -0.685 -0.685 -0.685 -0.685 -0.685 -0.685 -1.157 -1.157 -1.157 -1.157 -1.157 -1.157 -1.157 -1.157 -1.157 -1.157 -1.157 -1.157 -1.157 -1.157 -1.157 -1.157 -1.157 -1.157 -1.157 -1.157 -1.157 -1.157 -1.235 -1.235 -1.235 -1.235 -1.235 -1.235 -1.235 -1.235 -1.235 -1.235 -1.235 -1.235 -1.235 -1.235 -1.235 -1.235 -1.235 -1.235 -1.235 -1.235 -1.235 -1.235 0.739 0.739 0.739 0.739 0.739 0.739 0.739 0.739 0.739 0.739 0.739 0.739 0.739 0.739 0.739 0.739 0.739 0.739 0.739 0.739 0.739 0.739 1.395 1.395 1.395 1.395 1.395 1.395 1.395 1.395 1.395 1.395 1.395 1.395 1.395 1.395 1.395 1.395 1.395 1.395 1.395 1.395 1.395 1.395 0.662 0.662 0.662 0.662 0.662 0.662 0.662 0.662 0.662 0.662 0.662 0.662 0.662 0.662 0.662 0.662 0.662 0.662 0.662 0.662 0.662 0.662 0.453 0.453 0.453 0.453 0.453 0.453 0.453 0.453 0.453 0.453 0.453 0.453 0.453 0.453 0.453 0.453 0.453 0.453 0.453 0.453 0.453 0.453 0.353 0.353 0.353 0.353 0.353 0.353 0.353 0.353 0.353 0.353 0.353 0.353 0.353 0.353 0.353 0.353 0.353 0.353 0.353 0.353 0.353 0.353 1.167 1.167 1.167 1.167 1.167 1.167 1.167 1.167 1.167 1.167 1.167 1.167 1.167 1.167 1.167 1.167 1.167 1.167 1.167 1.167 1.167 1.167
0.0152 0.01508 9.00000 2.1778023243 2.5753965761    2.173  1.626  3.7014  2.906    4  0.000  0.352     0.00     0.00     0.00     0.00     0.00 -1 -3.65e-12      0.00 6.858e-01 2.988e-01 1.682e-03 2.217e-03 6.379e-03 -1.000 1.541e-02       5027          0          0          0          0      8.597      8.597 0.705 0.074 -0.690 -1.161 -1.239 0.734 1.390 0.657 0.449 0.348 1.163 0.074 0.074 0.074 0.074 0.074 0.074 0.074 0.074 0.074 0.074 0.074 0.074 0.074 0.074 0.074 0.074 0.074 0.074 0.074 0.074 0.074 0.074 -0.690 -0.690 -0.690 -0.690 -0.690 -0.690 -0.690 -0.690 -0.690 -0.690 -0.690 -0.690 -0.690 -0.690 -0.690 -0.690 -0.690 -0.690 -0.690 -0.690 -0.690 -0.690 -1.161 -1.161 -1.161 -1.161 -1.161 -1.161 -1.161 -1.161 -1.161 -1.161 -1.161 -1.161 -1.161 -1.161 -1.161 -1.161 -1.161 -1.161 -1.161 -1.161 -1.161 -1.161 -1.239 -1.239 -1.239 -1.239 -1.239 -1.239 -1.239 -1.239 -1.239 -1.239 -1.239 -1.239 -1.239 -1.239 -1.239 -1.239 -1.239 -1.239 -1.239 -1.239 -1.239 -1.239 0.734 0.734 0.734 0.734 0.734 0.734 0.734 0.734 0.734 0.734 0.734 0.734 0.734 0.734 0.734 0.734 0.734 0.734 0.734 0.734 0.734 0.734 1.390 1.390 1.390 1.390 1.390 1.390 1.390 1.390 1.390 1.390 1.390 1.390 1.390 1.390 1.390 1.390 1.390 1.390 1.390 1.390 1.390 1.390 0.657 0.657 0.657 0.657 0.657 0.657 0.657 0.657 0.657 0.657 0.657 0.657 0.657 0.657 0.657 0.657 0.657 0.657 0.657 0.657 0.657 0.657 0.449 0.449 0.449 0.449 0.449 0.449 0.449 0.449 0.449 0.449 0.449 0.449 0.449 0.449 0.449 0.449 0.449 0.449 0.449 0.449 0.449 0.449 0.348 0.348 0.348 0.348 0.348 0.348 0.348 0.348 0.348 0.348 0.348 0.348 0.348 0.348 0.348 0.348 0.348 0.348 0.348 0.348 0.348 0.348 1.163 1.163 1.163 1.163 1.163 1.163 1.163 1.163 1.163 1.163 1.163 1.163 1.163 1.163 1.163 1.163 1.163 1.163 1.163 1.163 1.163 1.163
0.0152 0.01508 9.00000 2.1798923016 2.5754695302    2.175  1.629  3.7014  2.904    4  0.000  0.352     0.00     0.00     0.00     0.00     0.00 -1 -3.35e-12      0.00 6.858e-01 2.988e-01 1.682e-03 2.218e-03 6.378e-03 -1.000 1.541e-02       5027          0          0          0          0      8.621      8.621 0.698 0.068 -0.696 -1.167 -1.245 0.728 1.384 0.651 0.442 0.341 1.156 0.068 0.068 0.068 0.068 0.068 0.068 0.068 0.068 0.068 0.068 0.068 0.068 0.068 0.068 0.068 0.068 0.068 0.068 0.068 0.068 0.068 0.068 -0.696 -0.696 -0.696 -0.696 -0.696 -0.696 -0.696 -0.696 -0.696 -0.696 -0.696 -0.696 -0.696 -0.696 -0.696 -0.696 -0.696 -0.696 -0.696 -0.696 -0.696 -0.696 -1.167 -1.167 -1.167 -1.167 -1.167 -1.167 -1.167 -1.167 -1.167 -1.167 -1.167 -1.167 -1.167 -1.167 -1.167 -1.167 -1.167 -1.167 -1.167 -1.167 -1.167 -1.167 -1.245 -1.245 -1.245 -1.245 -1.245 -1.245 -1.245 -1.245 -1.245 -1.245 -1.245 -1.245 -1.245 -1.245 -1.245 -1.245 -1.245 -1.245 -1.245 -1.245 -1.245 -1.245 0.728 0.728 0.728 0.728 0.728 0.728 0.728 0.728 0.728 0.728 0.728 0.728 0.728 0.728 0.728 0.728 0.728 0.728 0.728 0.728 0.728 0.728 1.384 1.384 1.384 1.384 1.384 1.384 1.384 1.384 1.384 1.384 1.384 1.384 1.384 1.384 1.384 1.384 1.384 1.384 1.384 1.384 1.384 1.384 0.651 0.651 0.651 0.651 0.651 0.651 0.651 0.651 0.651 0.651 0.651 0.651 0.651 0.651 0.651 0.651 0.651 0.651 0.651 0.651 0.651 0.651 0.442 0.442 0.442 0.442 0.442 0.442 0.442 0.442 0.442 0.442 0.442 0.442 0.442 0.442 0.442 0.442 0.442 0.442 0.442 0.442 0.442 0.442 0.341 0.341 0.341 0.341 0.341 0.341 0.341 0.341 0.341 0.341 0.341 0.341 0.341 0.341 0.341 0.341 0.341 0.341 0.341 0.341 0.341 0.341 1.156 1.156 1.156 1.156 1.156 1.156 1.156 1.156 1.156 1.156 1.156 1.156 1.156 1.156 1.156 1.156 1.156 1.156 1.156 1.156 1.156 1.156
0.0152 0.01508 9.00000 2.1813371181 2.5755198700    2.177  1.631  3.7014  2.903    4  0.000  0.352     0.00     0.00     0.00     0.00     0.00 -1 -3.15e-12      0.00 6.857e-01 2.989e-01 1.682e-03 2.218e-03 6.377e-03 -1.000 1.541e-02       5028          0          0          0          0      8.638      8.638 0.694 0.063 -0.700 -1.172 -1.250 0.723 1.379 0.646 0.437 0.337 1.151 0.063 0.063 0.063 0.063 0.063 0.063 0.063 0.063 0.063 0.063 0.063 0.063 0.063 0.063 0.063 0.063 0.063 0.063 0.063 0.063 0.063 0.063 -0.700 -0.700 -0.700 -0.700 -0.700 -0.700 -0.700 -0.700 -0.700 -0.700 -0.700 -0.700 -0.700 -0.700 -0.700 -0.700 -0.700 -0.700 -0.700 -0.700 -0.700 -0.700 -1.172 -1.172 -1.172 -1.172 -1.172 -1.172 -1.172 -1.172 -1.172 -1.172 -1.172 -1.172 -1.172 -1.172 -1.172 -1.172 -1.172 -1.172 -1.172 -1.172 -1.172 -1.172 -1.250 -1.250 -1.250 -1.250 -1.250 -1.250 -1.250 -1.250 -1.250 -1.250 -1.250 -1.250 -1.250 -1.250 -1.250 -1.250 -1.250 -1.250 -1.250 -1.250 -1.250 -1.250 0.723 0.723 0.723 0.723 0.723 0.723 0.723 0.723 0.723 0.723 0.723 0.723 0.723 0.723 0.723 0.723 0.723 0.723 0.723 0.723 0.723 0.723 1.379 1.379 1.379 1.379 1.379 1.379 1.379 1.379 1.379 1.379 1.379 1.379 1.379 1.379 1.379 1.379 1.379 1.379 1.379 1.379 1.379 1.379 0.646 0.646 0.646 0.646 0.646 0.646 0.646 0.646 0.646 0.646 0.646 0.646 0.646 0.646 0.646 0.646 0.646 0.646 0.646 0.646 0.646 0.646 0.437 0.437 0.437 0.437 0.437 0.437 0.437 0.437 0.437 0.437 0.437 0.437 0.437 0.437 0.437 0.437 0.437 0.437 0.437 0.437 0.437 0.437 0.337 0.337 0.337 0.337 0.337 0.337 0.337 0.337 0.337 0.337 0.337 0.337 0.337 0.337 0.337 0.337 0.337 0.337 0.337 0.337 0.337 0.337 1.151 1.151 1.151 1.151 1.151 1.151 1.151 1.151 1.151 1.151 1.151 1.151 1.151 1.151 1.151 1.151 1.151 1.151 1.151 1.151 1.151 1.151
0.0152 0.01508 9.00000 2.1830694675 2.5755801268    2.179  1.633  3.7015  2.901    4  0.000  0.352     0.00     0.00     0.00     0.00     0.00 -1 -2.93e-12      0.00 6.857e-01 2.989e-01 1.682e-03 2.219e-03 6.377e-03 -1.000 1.541e-02       5028          0          0          0          0       8.66       8.66 0.688 0.057 -0.706 -1.177 -1.255 0.717 1.373 0.640 0.432 0.331 1.145 0.057 0.057 0.057 0.057 0.057 0.057 0.057 0.057 0.057 0.057 0.057 0.057 0.057 0.057 0.057 0.057 0.057 0.057 0.057 0.057 0.057 0.057 -0.706 -0.706 -0.706 -0.706 -0.706 -0.706 -0.706 -0.706 -0.706 -0.706 -0.706 -0.706 -0.706 -0.706 -0.706 -0.706 -0.706 -0.706 -0.706 -0.706 -0.706 -0.706 -1.177 -1.177 -1.177 -1.177 -1.177 -1.177 -1.177 -1.177 -1.177 -1.177 -1.177 -1.177 -1.177 -1.177 -1.177 -1.177 -1.177 -1.177 -1.177 -1.177 -1.177 -1.177 -1.255 -1.255 -1.255 -1.255 -1.255 -1.255 -1.255 -1.255 -1.255 -1.255 -1.255 -1.255 -1.255 -1.255 -1.255 -1.255 -1.255 -1.255 -1.255 -1.255 -1.255 -1.255 0.717 0.717 0.717 0.717 0.717 0.717 0.717 0.717 0.717 0.717 0.717 0.717 0.717 0.717 0.717 0.717 0.717 0.717 0.717 0.717 0.717 0.717 1.373 1.373 1.373 1.373 1.373 1.373 1.373 1.373 1.373 1.373 1.373 1.373 1.373 1.373 1.373 1.373 1.373 1.373 1.373 1.373 1.373 1.373 0.640 0.640 0.640 0.640 0.640 0.640 0.640 0.640 0.640 0.640 0.640 0.640 0.640 0.640 0.640 0.640 0.640 0.640 0.640 0.640 0.640 0.640 0.432 0.432 0.432 0.432 0.432 0.432 0.432 0.432 0.432 0.432 0.432 0.432 0.432 0.432 0.432 0.432 0.432 0.432 0.432 0.432 0.432 0.432 0.331 0.331 0.331 0.331 0.331 0.331 0.331 0.331 0.331 0.331 0.331 0.331 0.331 0.331 0.331 0.331 0.331 0.331 0.331 0.331 0.331 0.331 1.145 1.145 1.145 1.145 1.145 1.145 1.145 1.145 1.145 1.145 1.145 1.145 1.145 1.145 1.145 1.145 1.145 1.145 1.145 1.145 1.145 1.145
0.0152 0.01508 9.00000 2.1850671768 2.5756494774    2.181  1.636  3.7015  2.899    4  0.000  0.352     0.00     0.00     0.00     0.00     0.00 -1  -2.7e-12      0.00 6.857e-01 2.989e-01 1.682e-03 2.220e-03 6.376e-03 -1.000 1.541e-02       5028          0          0          0          0      8.685      8.685 0.681 0.051 -0.713 -1.184 -1.261 0.710 1.366 0.633 0.425 0.325 1.138 0.051 0.051 0.051 0.051 0.051 0.051 0.051 0.051 0.051 0.051 0.051 0.051 0.051 0.051 0.051 0.051 0.051 0.051 0.051 0.051 0.051 0.051 -0.713 -0.713 -0.713 -0.713 -0.713 -0.713 -0.713 -0.713 -0.713 -0.713 -0.713 -0.713 -0.713 -0.713 -0.713 -0.713 -0.713 -0.713 -0.713 -0.713 -0.713 -0.713 -1.184 -1.184 -1.184 -1.184 -1.184 -1.184 -1.184 -1.184 -1.184 -1.184 -1.184 -1.184 -1.184 -1.184 -1.184 -1.184 -1.184 -1.184 -1.184 -1.184 -1.184 -1.184 -1.261 -1.261 -1.261 -1.261 -1.261 -1.261 -1.261 -1.261 -1.261 -1.261 -1.261 -1.261 -1.261 -1.261 -1.261 -1.261 -1.261 -1.261 -1.261 -1.261 -1.261 -1.261 0.710 0.710 0.710 0.710 0.710 0.710 0.710 0.710 0.710 0.710 0.710 0.710 0.710 0.710 0.710 0.710 0.710 0.710 0.710 0.710 0.710 0.710 1.366 1.366 1.366 1.366 1.366 1.366 1.366 1.366 1.366 1.366 1.366 1.366 1.366 1.366 1.366 1.366 1.366 1.366 1.366 1.366 1.366 1.366 0.633 0.633 0.633 0.633 0.633 0.633 0.633 0.633 0.633 0.633 0.633 0.633 0.633 0.633 0.633 0.633 0.633 0.633 0.633 0.633 0.633 0.633 0.425 0.425 0.425 0.425 0.425 0.425 0.425 0.425 0.425 0.425 0.425 0.425 0.425 0.425 0.425 0.425 0.425 0.425 0.425 0.425 0.425 0.425 0.325 0.325 0.325 0.325 0.325 0.325 0.325 0.325 0.325 0.325 0.325 0.325 0.325 0.325 0.325 0.325 0.325 0.325 0.325 0.325 0.325 0.325 1.138 1.138 1.138 1.138 1.138 1.138 1.138 1.138 1.138 1.138 1.138 1.138 1.138 1.138 1.138 1.138 1.138 1.138 1.138 1.138 1.138 1.138
0.0152 0.01508 9.00000 2.1864347458 2.5756968685    2.182  1.637  3.7015  2.898    4  0.000  0.352     0.00     0.00     0.00     0.00     0.00 -1 -2.55e-12      0.00 6.857e-01 2.989e-01 1.682e-03 2.221e-03 6.375e-03 -1.000 1.541e-02       5029          0          0          0          0      8.703      8.703 0.677 0.046 -0.717 -1.188 -1.266 0.706 1.361 0.629 0.420 0.320 1.133 0.046 0.046 0.046 0.046 0.046 0.046 0.046 0.046 0.046 0.046 0.046 0.046 0.046 0.046 0.046 0.046 0.046 0.046 0.046 0.046 0.046 0.046 -0.717 -0.717 -0.717 -0.717 -0.717 -0.717 -0.717 -0.717 -0.717 -0.717 -0.717 -0.717 -0.717 -0.717 -0.717 -0.717 -0.717 -0.717 -0.717 -0.717 -0.717 -0.717 -1.188 -1.188 -1.188 -1.188 -1.188 -1.188 -1.188 -1.188 -1.188 -1.188 -1.188 -1.188 -1.188 -1.188 -1.188 -1.188 -1.188 -1.188 -1.188 -1.188 -1.188 -1.188 -1.266 -1.266 -1.266 -1.266 -1.266 -1.266 -1.266 -1.266 -1.266 -1.266 -1.266 -1.266 -1.266 -1.266 -1.266 -1.266 -1.266 -1.266 -1.266 -1.266 -1.266 -1.266 0.706 0.706 0.706 0.706 0.706 0.706 0.706 0.706 0.706 0.706 0.706 0.706 0.706 0.706 0.706 0.706 0.706 0.706 0.706 0.706 0.706 0.706 1.361 1.361 1.361 1.361 1.361 1.361 1.361 1.361 1.361 1.361 1.361 1.361 1.361 1.361 1.361 1.361 1.361 1.361 1.361 1.361 1.361 1.361 0.629 0.629 0.629 0.629 0.629 0.629 0.629 0.629 0.629 0.629 0.629 0.629 0.629 0.629 0.629 0.629 0.629 0.629 0.629 0.629 0.629 0.629 0.420 0.420 0.420 0.420 0.420 0.420 0.420 0.420 0.420 0.420 0.420 0.420 0.420 0.420 0.420 0.420 0.420 0.420 0.420 0.420 0.420 0.420 0.320 0.320 0.320 0.320 0.320 0.320 0.320 0.320 0.320 0.320 0.320 0.320 0.320 0.320 0.320 0.320 0.320 0.320 0.320 0.320 0.320 0.320 1.133 1.133 1.133 1.133 1.133 1.133 1.133 1.133 1.133 1.133 1.133 1.133 1.133 1.133 1.133 1.133 1.133 1.133 1.133 1.133 1.133 1.133
0.0152 0.01508 9.00000 2.1876690388 2.5757395827    2.184  1.639  3.7016  2.896    4  0.000  0.352     0.00     0.00     0.00     0.00     0.00 -1 -2.43e-12      0.00 6.857e-01 2.989e-01 1.682e-03 2.221e-03 6.375e-03 -1.000 1.540e-02       5029          0          0          0          0      8.718      8.718 0.673 0.042 -0.721 -1.192 -1.270 0.702 1.357 0.625 0.416 0.316 1.128 0.042 0.042 0.042 0.042 0.042 0.042 0.042 0.042 0.042 0.042 0.042 0.042 0.042 0.042 0.042 0.042 0.042 0.042 0.042 0.042 0.042 0.042 -0.721 -0.721 -0.721 -0.721 -0.721 -0.721 -0.721 -0.721 -0.721 -0.721 -0.721 -0.721 -0.721 -0.721 -0.721 -0.721 -0.721 -0.721 -0.721 -0.721 -0.721 -0.721 -1.192 -1.192 -1.192 -1.192 -1.192 -1.192 -1.192 -1.192 -1.192 -1.192 -1.192 -1.192 -1.192 -1.192 -1.192 -1.192 -1.192 -1.192 -1.192 -1.192 -1.192 -1.192 -1.270 -1.270 -1.270 -1.270 -1.270 -1.270 -1.270 -1.270 -1.270 -1.270 -1.270 -1.270 -1.270 -1.270 -1.270 -1.270 -1.270 -1.270 -1.270 -1.270 -1.270 -1.270 0.702 0.702 0.702 0.702 0.702 0.702 0.702 0.702 0.702 0.702 0.702 0.702 0.702 0.702 0.702 0.702 0.702 0.702 0.702 0.702 0.702 0.702 1.357 1.357 1.357 1.357 1.357 1.357 1.357 1.357 1.357 1.357 1.357 1.357 1.357 1.357 1.357 1.357 1.357 1.357 1.357 1.357 1.357 1.357 0.625 0.625 0.625 0.625 0.625 0.625 0.625 0.625 0.625 0.625 0.625 0.625 0.625 0.625 0.625 0.625 0.625 0.625 0.625 0.625 0.625 0.625 0.416 0.416 0.416 0.416 0.416 0.416 0.416 0.416 0.416 0.416 0.416 0.416 0.416 0.416 0.416 0.416 0.416 0.416 0.416 0.416 0.416 0.416 0.316 0.316 0.316 0.316 0.316 0.316 0.316 0.316 0.316 0.316 0.316 0.316 0.316 0.316 0.316 0.316 0.316 0.316 0.316 0.316 0.316 0.316 1.128 1.128 1.128 1.128 1.128 1.128 1.128 1.128 1.128 1.128 1.128 1.128 1.128 1.128 1.128 1.128 1.128 1.128 1.128 1.128 1.128 1.128
0.0152 0.01508 9.00000 2.1895015240 2.5758028959    2.186  1.641  3.7016  2.895    4  0.000  0.352     0.00     0.00     0.00     0.00     0.00 -1 -2.25e-12      0.00 6.856e-01 2.990e-01 1.682e-03 2.222e-03 6.374e-03 -1.000 1.540e-02       5030          0          0          0          0       8.74       8.74 0.667 0.036 -0.727 -1.198 -1.275 0.695 1.351 0.619 0.410 0.310 1.122 0.036 0.036 0.036 0.036 0.036 0.036 0.036 0.036 0.036 0.036 0.036 0.036 0.036 0.036 0.036 0.036 0.036 0.036 0.036 0.036 0.036 0.036 -0.727 -0.727 -0.727 -0.727 -0.727 -0.727 -0.727 -0.727 -0.727 -0.727 -0.727 -0.727 -0.727 -0.727 -0.727 -0.727 -0.727 -0.727 -0.727 -0.727 -0.727 -0.727 -1.198 -1.198 -1.198 -1.198 -1.198 -1.198 -1.198 -1.198 -1.198 -1.198 -1.198 -1.198 -1.198 -1.198 -1.198 -1.198 -1.198 -1.198 -1.198 -1.198 -1.198 -1.198 -1.275 -1.275 -1.275 -1.275 -1.275 -1.275 -1.275 -1.275 -1.275 -1.275 -1.275 -1.275 -1.275 -1.275 -1.275 -1.275 -1.275 -1.275 -1.275 -1.275 -1.275 -1.275 0.695 0.695 0.695 0.695 0.695 0.695 0.695 0.695 0.695 0.695 0.695 0.695 0.695 0.695 0.695 0.695 0.695 0.695 0.695 0.695 0.695 0.695 1.351 1.351 1.351 1.351 1.351 1.351 1.351 1.351 1.351 1.351 1.351 1.351 1.351 1.351 1.351 1.351 1.351 1.351 1.351 1.351 1.351 1.351 0.619 0.619 0.619 0.619 0.619 0.619 0.619 0.619 0.619 0.619 0.619 0.619 0.619 0.619 0.619 0.619 0.619 0.619 0.619 0.619 0.619 0.619 0.410 0.410 0.410 0.410 0.410 0.410 0.410 0.410 0.410 0.410 0.410 0.410 0.410 0.410 0.410 0.410 0.410 0.410 0.410 0.410 0.410 0.410 0.310 0.310 0.310 0.310 0.310 0.310 0.310 0.310 0.310 0.310 0.310 0.310 0.310 0.310 0.310 0.310 0.310 0.310 0.310 0.310 0.310 0.310 1.122 1.122 1.122 1.122 1.122 1.122 1.122 1.122 1.122 1.122 1.122 1.122 1.122 1.122 1.122 1.122 1.122 1.122 1.122 1.122 1.122 1.122
0.0152 0.01508 9.00000 2.1907098293 2.5758445768    2.187  1.643  3.7016  2.893    4  0.000  0.352     0.00     0.00     0.00     0.00     0.00 -1 -2.15e-12      0.00 6.856e-01 2.990e-01 1.681e-03 2.223e-03 6.373e-03 -1.000 1.540e-02       5030          0          0          0          0      8.756      8.756 0.663 0.032 -0.731 -1.202 -1.279 0.691 1.346 0.614 0.406 0.306 1.118 0.032 0.032 0.032 0.032 0.032 0.032 0.032 0.032 0.032 0.032 0.032 0.032 0.032 0.032 0.032 0.032 0.032 0.032 0.032 0.032 0.032 0.032 -0.731 -0.731 -0.731 -0.731 -0.731 -0.731 -0.731 -0.731 -0.731 -0.731 -0.731 -0.731 -0.731 -0.731 -0.731 -0.731 -0.731 -0.731 -0.731 -0.731 -0.731 -0.731 -1.202 -1.202 -1.202 -1.202 -1.202 -1.202 -1.202 -1.202 -1.202 -1.202 -1.202 -1.202 -1.202 -1.202 -1.202 -1.202 -1.202 -1.202 -1.202 -1.202 -1.202 -1.202 -1.279 -1.279 -1.279 -1.279 -1.279 -1.279 -1.279 -1.279 -1.279 -1.279 -1.279 -1.279 -1.279 -1.279 -1.279 -1.279 -1.279 -1.279 -1.279 -1.279 -1.279 -1.279 0.691 0.691 0.691 0.691 0.691 0.691 0.691 0.691 0.691 0.691 0.691 0.691 0.691 0.691 0.691 0.691 0.691 0.691 0.691 0.691 0.691 0.691 1.346 1.346 1.346 1.346 1.346 1.346 1.346 1.346 1.346 1.346 1.346 1.346 1.346 1.346 1.346 1.346 1.346 1.346 1.346 1.346 1.346 1.346 0.614 0.614 0.614 0.614 0.614 0.614 0.614 0.614 0.614 0.614 0.614 0.614 0.614 0.614 0.614 0.614 0.614 0.614 0.614 0.614 0.614 0.614 0.406 0.406 0.406 0.406 0.406 0.406 0.406 0.406 0.406 0.406 0.406 0.406 0.406 0.406 0.406 0.406 0.406 0.406 0.406 0.406 0.406 0.406 0.306 0.306 0.306 0.306 0.306 0.306 0.306 0.306 0.306 0.306 0.306 0.306 0.306 0.306 0.306 0.306 0.306 0.306 0.306 0.306 0.306 0.306 1.118 1.118 1.118 1.118 1.118 1.118 1.118 1.118 1.118 1.118 1.118 1.118 1.118 1.118 1.118 1.118 1.118 1.118 1.118 1.118 1.118 1.118
0.0152 0.01508 9.00000 2.1924171448 2.5759033811    2.189  1.645  3.7016  2.891    4  0.000  0.352     0.00     0.00     0.00     0.00     0.00 -1    -2e-12      0.00 6.856e-01 2.990e-01 1.681e-03 2.223e-03 6.373e-03 -1.000 1.540e-02       5030          0          0          0          0      8.779      8.779 0.657 0.026 -0.737 -1.207 -1.285 0.685 1.340 0.608 0.400 0.300 1.112 0.026 0.026 0.026 0.026 0.026 0.026 0.026 0.026 0.026 0.026 0.026 0.026 0.026 0.026 0.026 0.026 0.026 0.026 0.026 0.026 0.026 0.026 -0.737 -0.737 -0.737 -0.737 -0.737 -0.737 -0.737 -0.737 -0.737 -0.737 -0.737 -0.737 -0.737 -0.737 -0.737 -0.737 -0.737 -0.737 -0.737 -0.737 -0.737 -0.737 -1.207 -1.207 -1.207 -1.207 -1.207 -1.207 -1.207 -1.207 -1.207 -1.207 -1.207 -1.207 -1.207 -1.207 -1.207 -1.207 -1.207 -1.207 -1.207 -1.207 -1.207 -1.207 -1.285 -1.285 -1.285 -1.285 -1.285 -1.285 -1.285 -1.285 -1.285 -1.285 -1.285 -1.285 -1.285 -1.285 -1.285 -1.285 -1.285 -1.285 -1.285 -1.285 -1.285 -1.285 0.685 0.685 0.685 0.685 0.685 0.685 0.685 0.685 0.685 0.685 0.685 0.685 0.685 0.685 0.685 0.685 0.685 0.685 0.685 0.685 0.685 0.685 1.340 1.340 1.340 1.340 1.340 1.340 1.340 1.340 1.340 1.340 1.340 1.340 1.340 1.340 1.340 1.340 1.340 1.340 1.340 1.340 1.340 1.340 0.608 0.608 0.608 0.608 0.608 0.608 0.608 0.608 0.608 0.608 0.608 0.608 0.608 0.608 0.608 0.608 0.608 0.608 0.608 0.608 0.608 0.608 0.400 0.400 0.400 0.400 0.400 0.400 0.400 0.400 0.400 0.400 0.400 0.400 0.400 0.400 0.400 0.400 0.400 0.400 0.400 0.400 0.400 0.400 0.300 0.300 0.300 0.300 0.300 0.300 0.300 0.300 0.300 0.300 0.300 0.300 0.300 0.300 0.300 0.300 0.300 0.300 0.300 0.300 0.300 0.300 1.112 1.112 1.112 1.112 1.112 1.112 1.112 1.112 1.112 1.112 1.112 1.112 1.112 1.112 1.112 1.112 1.112 1.112 1.112 1.112 1.112 1.112
0.0152 0.01508 9.00000 2.1940386295 2.5759591318    2.190  1.648  3.7017  2.890    4  0.000  0.352     0.00     0.00     0.00     0.00     0.00 -1 -1.88e-12      0.00 6.856e-01 2.990e-01 1.681e-03 2.224e-03 6.372e-03 -1.000 1.540e-02       5030          0          0          0          0        8.8        8.8 0.651 0.021 -0.742 -1.213 -1.291 0.680 1.334 0.603 0.395 0.294 1.106 0.021 0.021 0.021 0.021 0.021 0.021 0.021 0.021 0.021 0.021 0.021 0.021 0.021 0.021 0.021 0.021 0.021 0.021 0.021 0.021 0.021 0.021 -0.742 -0.742 -0.742 -0.742 -0.742 -0.742 -0.742 -0.742 -0.742 -0.742 -0.742 -0.742 -0.742 -0.742 -0.742 -0.742 -0.742 -0.742 -0.742 -0.742 -0.742 -0.742 -1.213 -1.213 -1.213 -1.213 -1.213 -1.213 -1.213 -1.213 -1.213 -1.213 -1.213 -1.213 -1.213 -1.213 -1.213 -1.213 -1.213 -1.213 -1.213 -1.213 -1.213 -1.213 -1.291 -1.291 -1.291 -1.291 -1.291 -1.291 -1.291 -1.291 -1.291 -1.291 -1.291 -1.291 -1.291 -1.291 -1.291 -1.291 -1.291 -1.291 -1.291 -1.291 -1.291 -1.291 0.680 0.680 0.680 0.680 0.680 0.680 0.680 0.680 0.680 0.680 0.680 0.680 0.680 0.680 0.680 0.680 0.680 0.680 0.680 0.680 0.680 0.680 1.334 1.334 1.334 1.334 1.334 1.334 1.334 1.334 1.334 1.334 1.334 1.334 1.334 1.334 1.334 1.334 1.334 1.334 1.334 1.334 1.334 1.334 0.603 0.603 0.603 0.603 0.603 0.603 0.603 0.603 0.603 0.603 0.603 0.603 0.603 0.603 0.603 0.603 0.603 0.603 0.603 0.603 0.603 0.603 0.395 0.395 0.395 0.395 0.395 0.395 0.395 0.395 0.395 0.395 0.395 0.395 0.395 0.395 0.395 0.395 0.395 0.395 0.395 0.395 0.395 0.395 0.294 0.294 0.294 0.294 0.294 0.294 0.294 0.294 0.294 0.294 0.294 0.294 0.294 0.294 0.294 0.294 0.294 0.294 0.294 0.294 0.294 0.294 1.106 1.106 1.106 1.106 1.106 1.106 1.106 1.106 1.106 1.106 1.106 1.106 1.106 1.106 1.106 1.106 1.106 1.106 1.106 1.106 1.106 1.106
0.0152 0.01508 9.00000 2.1957573891 2.5760181236    2.192  1.650  3.7017  2.888    4  0.000  0.352     0.00     0.00     0.00     0.00     0.00 -1 -1.75e-12      0.00 6.855e-01 2.990e-01 1.681e-03 2.225e-03 6.371e-03 -1.000 1.540e-02       5031          0          0          0          0      8.823      8.823 0.645 0.015 -0.748 -1.219 -1.296 0.674 1.328 0.597 0.389 0.289 1.100 0.015 0.015 0.015 0.015 0.015 0.015 0.015 0.015 0.015 0.015 0.015 0.015 0.015 0.015 0.015 0.015 0.015 0.015 0.015 0.015 0.015 0.015 -0.748 -0.748 -0.748 -0.748 -0.748 -0.748 -0.748 -0.748 -0.748 -0.748 -0.748 -0.748 -0.748 -0.748 -0.748 -0.748 -0.748 -0.748 -0.748 -0.748 -0.748 -0.748 -1.219 -1.219 -1.219 -1.219 -1.219 -1.219 -1.219 -1.219 -1.219 -1.219 -1.219 -1.219 -1.219 -1.219 -1.219 -1.219 -1.219 -1.219 -1.219 -1.219 -1.219 -1.219 -1.296 -1.296 -1.296 -1.296 -1.296 -1.296 -1.296 -1.296 -1.296 -1.296 -1.296 -1.296 -1.296 -1.296 -1.296 -1.296 -1.296 -1.296 -1.296 -1.296 -1.296 -1.296 0.674 0.674 0.674 0.674 0.674 0.674 0.674 0.674 0.674 0.674 0.674 0.674 0.674 0.674 0.674 0.674 0.674 0.674 0.674 0.674 0.674 0.674 1.328 1.328 1.328 1.328 1.328 1.328 1.328 1.328 1.328 1.328 1.328 1.328 1.328 1.328 1.328 1.328 1.328 1.328 1.328 1.328 1.328 1.328 0.597 0.597 0.597 0.597 0.597 0.597 0.597 0.597 0.597 0.597 0.597 0.597 0.597 0.597 0.597 0.597 0.597 0.597 0.597 0.597 0.597 0.597 0.389 0.389 0.389 0.389 0.389 0.389 0.389 0.389 0.389 0.389 0.389 0.389 0.389 0.389 0.389 0.389 0.389 0.389 0.389 0.389 0.389 0.389 0.289 0.289 0.289 0.289 0.289 0.289 0.289 0.289 0.289 0.289 0.289 0.289 0.289 0.289 0.289 0.289 0.289 0.289 0.289 0.289 0.289 0.289 1.100 1.100 1.100 1.100 1.100 1.100 1.100 1.100 1.100 1.100 1.100 1.100 1.100 1.100 1.100 1.100 1.100 1.100 1.100 1.100 1.100 1.100
0.0152 0.01508 9.00000 2.1973555088 2.5760728796    2.194  1.652  3.7017  2.886    4  0.000  0.352     0.00     0.00     0.00     0.00     0.00 -1 -1.64e-12      0.00 6.855e-01 2.991e-01 1.681e-03 2.226e-03 6.371e-03 -1.000 1.540e-02       5031          0          0          0          0      8.844      8.844 0.640 0.009 -0.753 -1.224 -1.301 0.668 1.323 0.591 0.383 0.283 1.094 0.009 0.009 0.009 0.009 0.009 0.009 0.009 0.009 0.009 0.009 0.009 0.009 0.009 0.009 0.009 0.009 0.009 0.009 0.009 0.009 0.009 0.009 -0.753 -0.753 -0.753 -0.753 -0.753 -0.753 -0.753 -0.753 -0.753 -0.753 -0.753 -0.753 -0.753 -0.753 -0.753 -0.753 -0.753 -0.753 -0.753 -0.753 -0.753 -0.753 -1.224 -1.224 -1.224 -1.224 -1.224 -1.224 -1.224 -1.224 -1.224 -1.224 -1.224 -1.224 -1.224 -1.224 -1.224 -1.224 -1.224 -1.224 -1.224 -1.224 -1.224 -1.224 -1.301 -1.301 -1.301 -1.301 -1.301 -1.301 -1.301 -1.301 -1.301 -1.301 -1.301 -1.301 -1.301 -1.301 -1.301 -1.301 -1.301 -1.301 -1.301 -1.301 -1.301 -1.301 0.668 0.668 0.668 0.668 0.668 0.668 0.668 0.668 0.668 0.668 0.668 0.668 0.668 0.668 0.668 0.668 0.668 0.668 0.668 0.668 0.668 0.668 1.323 1.323 1.323 1.323 1.323 1.323 1.323 1.323 1.323 1.323 1.323 1.323 1.323 1.323 1.323 1.323 1.323 1.323 1.323 1.323 1.323 1.323 0.591 0.591 0.591 0.591 0.591 0.591 0.591 0.591 0.591 0.591 0.591 0.591 0.591 0.591 0.591 0.591 0.591 0.591 0.591 0.591 0.591 0.591 0.383 0.383 0.383 0.383 0.383 0.383 0.383 0.383 0.383 0.383 0.383 0.383 0.383 0.383 0.383 0.383 0.383 0.383 0.383 0.383 0.383 0.383 0.283 0.283 0.283 0.283 0.283 0.283 0.283 0.283 0.283 0.283 0.283 0.283 0.283 0.283 0.283 0.283 0.283 0.283 0.283 0.283 0.283 0.283 1.094 1.094 1.094 1.094 1.094 1.094 1.094 1.094 1.094 1.094 1.094 1.094 1.094 1.094 1.094 1.094 1.094 1.094 1.094 1.094 1.094 1.094
0.0152 0.01508 9.00000 2.1988809109 2.5761250587    2.195  1.654  3.7018  2.884    4  0.000  0.352     0.00     0.00     0.00     0.00     0.00 -1 -1.54e-12      0.00 6.855e-01 2.991e-01 1.681e-03 2.226e-03 6.370e-03 -1.000 1.540e-02       5031          0          0          0          0      8.862      8.862 0.635 0.004 -0.758 -1.229 -1.306 0.663 1.317 0.586 0.378 0.278 1.088 0.004 0.004 0.004 0.004 0.004 0.004 0.004 0.004 0.004 0.004 0.004 0.004 0.004 0.004 0.004 0.004 0.004 0.004 0.004 0.004 0.004 0.004 -0.758 -0.758 -0.758 -0.758 -0.758 -0.758 -0.758 -0.758 -0.758 -0.758 -0.758 -0.758 -0.758 -0.758 -0.758 -0.758 -0.758 -0.758 -0.758 -0.758 -0.758 -0.758 -1.229 -1.229 -1.229 -1.229 -1.229 -1.229 -1.229 -1.229 -1.229 -1.229 -1.229 -1.229 -1.229 -1.229 -1.229 -1.229 -1.229 -1.229 -1.229 -1.229 -1.229 -1.229 -1.306 -1.306 -1.306 -1.306 -1.306 -1.306 -1.306 -1.306 -1.306 -1.306 -1.306 -1.306 -1.306 -1.306 -1.306 -1.306 -1.306 -1.306 -1.306 -1.306 -1.306 -1.306 0.663 0.663 0.663 0.663 0.663 0.663 0.663 0.663 0.663 0.663 0.663 0.663 0.663 0.663 0.663 0.663 0.663 0.663 0.663 0.663 0.663 0.663 1.317 1.317 1.317 1.317 1.317 1.317 1.317 1.317 1.317 1.317 1.317 1.317 1.317 1.317 1.317 1.317 1.317 1.317 1.317 1.317 1.317 1.317 0.586 0.586 0.586 0.586 0.586 0.586 0.586 0.586 0.586 0.586 0.586 0.586 0.586 0.586 0.586 0.586 0.586 0.586 0.586 0.586 0.586 0.586 0.378 0.378 0.378 0.378 0.378 0.378 0.378 0.378 0.378 0.378 0.378 0.378 0.378 0.378 0.378 0.378 0.378 0.378 0.378 0.378 0.378 0.378 0.278 0.278 0.278 0.278 0.278 0.278 0.278 0.278 0.278 0.278 0.278 0.278 0.278 0.278 0.278 0.278 0.278 0.278 0.278 0.278 0.278 0.278 1.088 1.088 1.088 1.088 1.088 1.088 1.088 1.088 1.088 1.088 1.088 1.088 1.088 1.088 1.088 1.088 1.088 1.088 1.088 1.088 1.088 1.088
0.0152 0.01508 9.00000 2.2000000477 2.5761632879    2.197  1.656  3.7018  2.883    4  0.000  0.352     0.00     0.00     0.00     0.00     0.00 -1 -1.48e-12      0.00 6.855e-01 2.991e-01 1.681e-03 2.227e-03 6.370e-03 -1.000 1.540e-02       5032          0          0          0          0      8.877      8.877 0.631 0.000 -0.762 -1.232 -1.310 0.659 1.313 0.582 0.374 0.275 1.084 0.000 0.000 0.000 0.000 0.000 0.000 0.000 0.000 0.000 0.000 0.000 0.000 0.000 0.000 0.000 0.000 0.000 0.000 0.000 0.000 0.000 0.000 -0.762 -0.762 -0.762 -0.762 -0.762 -0.762 -0.762 -0.762 -0.762 -0.762 -0.762 -0.762 -0.762 -0.762 -0.762 -0.762 -0.762 -0.762 -0.762 -0.762 -0.762 -0.762 -1.232 -1.232 -1.232 -1.232 -1.232 -1.232 -1.232 -1.232 -1.232 -1.232 -1.232 -1.232 -1.232 -1.232 -1.232 -1.232 -1.232 -1.232 -1.232 -1.232 -1.232 -1.232 -1.310 -1.310 -1.310 -1.310 -1.310 -1.310 -1.310 -1.310 -1.310 -1.310 -1.310 -1.310 -1.310 -1.310 -1.310 -1.310 -1.310 -1.310 -1.310 -1.310 -1.310 -1.310 0.659 0.659 0.659 0.659 0.659 0.659 0.659 0.659 0.659 0.659 0.659 0.659 0.659 0.659 0.659 0.659 0.659 0.659 0.659 0.659 0.659 0.659 1.313 1.313 1.313 1.313 1.313 1.313 1.313 1.313 1.313 1.313 1.313 1.313 1.313 1.313 1.313 1.313 1.313 1.313 1.313 1.313 1.313 1.313 0.582 0.582 0.582 0.582 0.582 0.582 0.582 0.582 0.582 0.582 0.582 0.582 0.582 0.582 0.582 0.582 0.582 0.582 0.582 0.582 0.582 0.582 0.374 0.374 0.374 0.374 0.374 0.374 0.374 0.374 0.374 0.374 0.374 0.374 0.374 0.374 0.374 0.374 0.374 0.374 0.374 0.374 0.374 0.374 0.275 0.275 0.275 0.275 0.275 0.275 0.275 0.275 0.275 0.275 0.275 0.275 0.275 0.275 0.275 0.275 0.275 0.275 0.275 0.275 0.275 0.275 1.084 1.084 1.084 1.084 1.084 1.084 1.084 1.084 1.084 1.084 1.084 1.084 1.084 1.084 1.084 1.084 1.084 1.084 1.084 1.084 1.084 1.084
0.0152 0.01508 9.00000 2.2004110813 2.5761773174    2.197  1.656  3.7018  2.883    4  0.000  0.352     0.00     0.00     0.00     0.00     0.00 -1 -1.48e-12      0.00 6.855e-01 2.991e-01 1.681e-03 2.227e-03 6.369e-03 -1.000 1.540e-02       5032          0          0          0          0      8.882      8.882 0.629 -0.001 -0.763 -1.234 -1.311 0.658 1.312 0.581 0.373 0.273 1.083 -0.001 -0.001 -0.001 -0.001 -0.001 -0.001 -0.001 -0.001 -0.001 -0.001 -0.001 -0.001 -0.001 -0.001 -0.001 -0.001 -0.001 -0.001 -0.001 -0.001 -0.001 -0.001 -0.763 -0.763 -0.763 -0.763 -0.763 -0.763 -0.763 -0.763 -0.763 -0.763 -0.763 -0.763 -0.763 -0.763 -0.763 -0.763 -0.763 -0.763 -0.763 -0.763 -0.763 -0.763 -1.234 -1.234 -1.234 -1.234 -1.234 -1.234 -1.234 -1.234 -1.234 -1.234 -1.234 -1.234 -1.234 -1.234 -1.234 -1.234 -1.234 -1.234 -1.234 -1.234 -1.234 -1.234 -1.311 -1.311 -1.311 -1.311 -1.311 -1.311 -1.311 -1.311 -1.311 -1.311 -1.311 -1.311 -1.311 -1.311 -1.311 -1.311 -1.311 -1.311 -1.311 -1.311 -1.311 -1.311 0.658 0.658 0.658 0.658 0.658 0.658 0.658 0.658 0.658 0.658 0.658 0.658 0.658 0.658 0.658 0.658 0.658 0.658 0.658 0.658 0.658 0.658 1.312 1.312 1.312 1.312 1.312 1.312 1.312 1.312 1.312 1.312 1.312 1.312 1.312 1.312 1.312 1.312 1.312 1.312 1.312 1.312 1.312 1.312 0.581 0.581 0.581 0.581 0.581 0.581 0.581 0.581 0.581 0.581 0.581 0.581 0.581 0.581 0.581 0.581 0.581 0.581 0.581 0.581 0.581 0.581 0.373 0.373 0.373 0.373 0.373 0.373 0.373 0.373 0.373 0.373 0.373 0.373 0.373 0.373 0.373 0.373 0.373 0.373 0.373 0.373 0.373 0.373 0.273 0.273 0.273 0.273 0.273 0.273 0.273 0.273 0.273 0.273 0.273 0.273 0.273 0.273 0.273 0.273 0.273 0.273 0.273 0.273 0.273 0.273 1.083 1.083 1.083 1.083 1.083 1.083 1.083 1.083 1.083 1.083 1.083 1.083 1.083 1.083 1.083 1.083 1.083 1.083 1.083 1.083 1.083 1.083
0.0152 0.01508 9.00000 2.2019429207 2.5762295494    2.199  1.658  3.7018  2.881    4  0.000  0.352     0.00     0.00     0.00     0.00     0.00 -1  -1.5e-12      0.00 6.855e-01 2.991e-01 1.681e-03 2.228e-03 6.369e-03 -1.000 1.540e-02       5032          0          0          0          0      8.903      8.903 0.624 -0.006 -0.768 -1.239 -1.316 0.653 1.306 0.576 0.368 0.268 1.077 -0.006 -0.006 -0.006 -0.006 -0.006 -0.006 -0.006 -0.006 -0.006 -0.006 -0.006 -0.006 -0.006 -0.006 -0.006 -0.006 -0.006 -0.006 -0.006 -0.006 -0.006 -0.006 -0.768 -0.768 -0.768 -0.768 -0.768 -0.768 -0.768 -0.768 -0.768 -0.768 -0.768 -0.768 -0.768 -0.768 -0.768 -0.768 -0.768 -0.768 -0.768 -0.768 -0.768 -0.768 -1.239 -1.239 -1.239 -1.239 -1.239 -1.239 -1.239 -1.239 -1.239 -1.239 -1.239 -1.239 -1.239 -1.239 -1.239 -1.239 -1.239 -1.239 -1.239 -1.239 -1.239 -1.239 -1.316 -1.316 -1.316 -1.316 -1.316 -1.316 -1.316 -1.316 -1.316 -1.316 -1.316 -1.316 -1.316 -1.316 -1.316 -1.316 -1.316 -1.316 -1.316 -1.316 -1.316 -1.316 0.653 0.653 0.653 0.653 0.653 0.653 0.653 0.653 0.653 0.653 0.653 0.653 0.653 0.653 0.653 0.653 0.653 0.653 0.653 0.653 0.653 0.653 1.306 1.306 1.306 1.306 1.306 1.306 1.306 1.306 1.306 1.306 1.306 1.306 1.306 1.306 1.306 1.306 1.306 1.306 1.306 1.306 1.306 1.306 0.576 0.576 0.576 0.576 0.576 0.576 0.576 0.576 0.576 0.576 0.576 0.576 0.576 0.576 0.576 0.576 0.576 0.576 0.576 0.576 0.576 0.576 0.368 0.368 0.368 0.368 0.368 0.368 0.368 0.368 0.368 0.368 0.368 0.368 0.368 0.368 0.368 0.368 0.368 0.368 0.368 0.368 0.368 0.368 0.268 0.268 0.268 0.268 0.268 0.268 0.268 0.268 0.268 0.268 0.268 0.268 0.268 0.268 0.268 0.268 0.268 0.268 0.268 0.268 0.268 0.268 1.077 1.077 1.077 1.077 1.077 1.077 1.077 1.077 1.077 1.077 1.077 1.077 1.077 1.077 1.077 1.077 1.077 1.077 1.077 1.077 1.077 1.077
0.0152 0.01508 9.00000 2.2034385204 2.5762804651    2.200  1.660  3.7019  2.880    4  0.000  0.352     0.00     0.00     0.00     0.00     0.00 -1 -1.51e-12      0.00 6.854e-01 2.992e-01 1.681e-03 2.229e-03 6.368e-03 -1.000 1.540e-02       5033          0          0          0          0      8.923      8.923 0.619 -0.011 -0.774 -1.244 -1.321 0.647 1.301 0.570 0.363 0.263 1.072 -0.011 -0.011 -0.011 -0.011 -0.011 -0.011 -0.011 -0.011 -0.011 -0.011 -0.011 -0.011 -0.011 -0.011 -0.011 -0.011 -0.011 -0.011 -0.011 -0.011 -0.011 -0.011 -0.774 -0.774 -0.774 -0.774 -0.774 -0.774 -0.774 -0.774 -0.774 -0.774 -0.774 -0.774 -0.774 -0.774 -0.774 -0.774 -0.774 -0.774 -0.774 -0.774 -0.774 -0.774 -1.244 -1.244 -1.244 -1.244 -1.244 -1.244 -1.244 -1.244 -1.244 -1.244 -1.244 -1.244 -1.244 -1.244 -1.244 -1.244 -1.244 -1.244 -1.244 -1.244 -1.244 -1.244 -1.321 -1.321 -1.321 -1.321 -1.321 -1.321 -1.321 -1.321 -1.321 -1.321 -1.321 -1.321 -1.321 -1.321 -1.321 -1.321 -1.321 -1.321 -1.321 -1.321 -1.321 -1.321 0.647 0.647 0.647 0.647 0.647 0.647 0.647 0.647 0.647 0.647 0.647 0.647 0.647 0.647 0.647 0.647 0.647 0.647 0.647 0.647 0.647 0.647 1.301 1.301 1.301 1.301 1.301 1.301 1.301 1.301 1.301 1.301 1.301 1.301 1.301 1.301 1.301 1.301 1.301 1.301 1.301 1.301 1.301 1.301 0.570 0.570 0.570 0.570 0.570 0.570 0.570 0.570 0.570 0.570 0.570 0.570 0.570 0.570 0.570 0.570 0.570 0.570 0.570 0.570 0.570 0.570 0.363 0.363 0.363 0.363 0.363 0.363 0.363 0.363 0.363 0.363 0.363 0.363 0.363 0.363 0.363 0.363 0.363 0.363 0.363 0.363 0.363 0.363 0.263 0.263 0.263 0.263 0.263 0.263 0.263 0.263 0.263 0.263 0.263 0.263 0.263 0.263 0.263 0.263 0.263 0.263 0.263 0.263 0.263 0.263 1.072 1.072 1.072 1.072 1.072 1.072 1.072 1.072 1.072 1.072 1.072 1.072 1.072 1.072 1.072 1.072 1.072 1.072 1.072 1.072 1.072 1.072
0.0152 0.01508 9.00000 2.2039289474 2.5762971438    2.201  1.661  3.7019  2.879    4  0.000  0.352     0.00     0.00     0.00     0.00     0.00 -1 -1.52e-12      0.00 6.854e-01 2.992e-01 1.680e-03 2.229e-03 6.368e-03 -1.000 1.540e-02       5033          0          0          0          0       8.93       8.93 0.617 -0.013 -0.775 -1.245 -1.323 0.646 1.299 0.569 0.361 0.261 1.070 -0.013 -0.013 -0.013 -0.013 -0.013 -0.013 -0.013 -0.013 -0.013 -0.013 -0.013 -0.013 -0.013 -0.013 -0.013 -0.013 -0.013 -0.013 -0.013 -0.013 -0.013 -0.013 -0.775 -0.775 -0.775 -0.775 -0.775 -0.775 -0.775 -0.775 -0.775 -0.775 -0.775 -0.775 -0.775 -0.775 -0.775 -0.775 -0.775 -0.775 -0.775 -0.775 -0.775 -0.775 -1.245 -1.245 -1.245 -1.245 -1.245 -1.245 -1.245 -1.245 -1.245 -1.245 -1.245 -1.245 -1.245 -1.245 -1.245 -1.245 -1.245 -1.245 -1.245 -1.245 -1.245 -1.245 -1.323 -1.323 -1.323 -1.323 -1.323 -1.323 -1.323 -1.323 -1.323 -1.323 -1.323 -1.323 -1.323 -1.323 -1.323 -1.323 -1.323 -1.323 -1.323 -1.323 -1.323 -1.323 0.646 0.646 0.646 0.646 0.646 0.646 0.646 0.646 0.646 0.646 0.646 0.646 0.646 0.646 0.646 0.646 0.646 0.646 0.646 0.646 0.646 0.646 1.299 1.299 1.299 1.299 1.299 1.299 1.299 1.299 1.299 1.299 1.299 1.299 1.299 1.299 1.299 1.299 1.299 1.299 1.299 1.299 1.299 1.299 0.569 0.569 0.569 0.569 0.569 0.569 0.569 0.569 0.569 0.569 0.569 0.569 0.569 0.569 0.569 0.569 0.569 0.569 0.569 0.569 0.569 0.569 0.361 0.361 0.361 0.361 0.361 0.361 0.361 0.361 0.361 0.361 0.361 0.361 0.361 0.361 0.361 0.361 0.361 0.361 0.361 0.361 0.361 0.361 0.261 0.261 0.261 0.261 0.261 0.261 0.261 0.261 0.261 0.261 0.261 0.261 0.261 0.261 0.261 0.261 0.261 0.261 0.261 0.261 0.261 0.261 1.070 1.070 1.070 1.070 1.070 1.070 1.070 1.070 1.070 1.070 1.070 1.070 1.070 1.070 1.070 1.070 1.070 1.070 1.070 1.070 1.070 1.070
0.0152 0.01508 9.00000 2.2048985958 2.5763300949    2.202  1.662  3.7019  2.878    4  0.000  0.352     0.00     0.00     0.00     0.00     0.00 -1 -1.53e-12      0.00 6.854e-01 2.992e-01 1.680e-03 2.230e-03 6.367e-03 -1.000 1.540e-02       5033          0          0          0          0      8.943      8.943 0.614 -0.016 -0.778 -1.248 -1.326 0.642 1.296 0.565 0.358 0.258 1.066 -0.016 -0.016 -0.016 -0.016 -0.016 -0.016 -0.016 -0.016 -0.016 -0.016 -0.016 -0.016 -0.016 -0.016 -0.016 -0.016 -0.016 -0.016 -0.016 -0.016 -0.016 -0.016 -0.778 -0.778 -0.778 -0.778 -0.778 -0.778 -0.778 -0.778 -0.778 -0.778 -0.778 -0.778 -0.778 -0.778 -0.778 -0.778 -0.778 -0.778 -0.778 -0.778 -0.778 -0.778 -1.248 -1.248 -1.248 -1.248 -1.248 -1.248 -1.248 -1.248 -1.248 -1.248 -1.248 -1.248 -1.248 -1.248 -1.248 -1.248 -1.248 -1.248 -1.248 -1.248 -1.248 -1.248 -1.326 -1.326 -1.326 -1.326 -1.326 -1.326 -1.326 -1.326 -1.326 -1.326 -1.326 -1.326 -1.326 -1.326 -1.326 -1.326 -1.326 -1.326 -1.326 -1.326 -1.326 -1.326 0.642 0.642 0.642 0.642 0.642 0.642 0.642 0.642 0.642 0.642 0.642 0.642 0.642 0.642 0.642 0.642 0.642 0.642 0.642 0.642 0.642 0.642 1.296 1.296 1.296 1.296 1.296 1.296 1.296 1.296 1.296 1.296 1.296 1.296 1.296 1.296 1.296 1.296 1.296 1.296 1.296 1.296 1.296 1.296 0.565 0.565 0.565 0.565 0.565 0.565 0.565 0.565 0.565 0.565 0.565 0.565 0.565 0.565 0.565 0.565 0.565 0.565 0.565 0.565 0.565 0.565 0.358 0.358 0.358 0.358 0.358 0.358 0.358 0.358 0.358 0.358 0.358 0.358 0.358 0.358 0.358 0.358 0.358 0.358 0.358 0.358 0.358 0.358 0.258 0.258 0.258 0.258 0.258 0.258 0.258 0.258 0.258 0.258 0.258 0.258 0.258 0.258 0.258 0.258 0.258 0.258 0.258 0.258 0.258 0.258 1.066 1.066 1.066 1.066 1.066 1.066 1.066 1.066 1.066 1.066 1.066 1.066 1.066 1.066 1.066 1.066 1.066 1.066 1.066 1.066 1.066 1.066
0.0152 0.01508 9.00000 2.2063241005 2.5763784766    2.203  1.664  3.7019  2.876    4  0.000  0.352     0.00     0.00     0.00     0.00     0.00 -1 -1.54e-12      0.00 6.854e-01 2.992e-01 1.680e-03 2.230e-03 6.366e-03 -1.000 1.540e-02       5034          0          0          0          0      8.962      8.962 0.609 -0.021 -0.783 -1.253 -1.330 0.637 1.291 0.560 0.353 0.253 1.061 -0.021 -0.021 -0.021 -0.021 -0.021 -0.021 -0.021 -0.021 -0.021 -0.021 -0.021 -0.021 -0.021 -0.021 -0.021 -0.021 -0.021 -0.021 -0.021 -0.021 -0.021 -0.021 -0.783 -0.783 -0.783 -0.783 -0.783 -0.783 -0.783 -0.783 -0.783 -0.783 -0.783 -0.783 -0.783 -0.783 -0.783 -0.783 -0.783 -0.783 -0.783 -0.783 -0.783 -0.783 -1.253 -1.253 -1.253 -1.253 -1.253 -1.253 -1.253 -1.253 -1.253 -1.253 -1.253 -1.253 -1.253 -1.253 -1.253 -1.253 -1.253 -1.253 -1.253 -1.253 -1.253 -1.253 -1.330 -1.330 -1.330 -1.330 -1.330 -1.330 -1.330 -1.330 -1.330 -1.330 -1.330 -1.330 -1.330 -1.330 -1.330 -1.330 -1.330 -1.330 -1.330 -1.330 -1.330 -1.330 0.637 0.637 0.637 0.637 0.637 0.637 0.637 0.637 0.637 0.637 0.637 0.637 0.637 0.637 0.637 0.637 0.637 0.637 0.637 0.637 0.637 0.637 1.291 1.291 1.291 1.291 1.291 1.291 1.291 1.291 1.291 1.291 1.291 1.291 1.291 1.291 1.291 1.291 1.291 1.291 1.291 1.291 1.291 1.291 0.560 0.560 0.560 0.560 0.560 0.560 0.560 0.560 0.560 0.560 0.560 0.560 0.560 0.560 0.560 0.560 0.560 0.560 0.560 0.560 0.560 0.560 0.353 0.353 0.353 0.353 0.353 0.353 0.353 0.353 0.353 0.353 0.353 0.353 0.353 0.353 0.353 0.353 0.353 0.353 0.353 0.353 0.353 0.353 0.253 0.253 0.253 0.253 0.253 0.253 0.253 0.253 0.253 0.253 0.253 0.253 0.253 0.253 0.253 0.253 0.253 0.253 0.253 0.253 0.253 0.253 1.061 1.061 1.061 1.061 1.061 1.061 1.061 1.061 1.061 1.061 1.061 1.061 1.061 1.061 1.061 1.061 1.061 1.061 1.061 1.061 1.061 1.061
0.0152 0.01508 9.00000 2.2072558403 2.5764100612    2.204  1.666  3.7020  2.876    4  0.000  0.352     0.00     0.00     0.00     0.00     0.00 -1 -1.55e-12      0.00 6.854e-01 2.992e-01 1.680e-03 2.231e-03 6.366e-03 -1.000 1.540e-02       5034          0          0          0          0      8.974      8.974 0.606 -0.024 -0.786 -1.256 -1.333 0.634 1.287 0.557 0.350 0.250 1.058 -0.024 -0.024 -0.024 -0.024 -0.024 -0.024 -0.024 -0.024 -0.024 -0.024 -0.024 -0.024 -0.024 -0.024 -0.024 -0.024 -0.024 -0.024 -0.024 -0.024 -0.024 -0.024 -0.786 -0.786 -0.786 -0.786 -0.786 -0.786 -0.786 -0.786 -0.786 -0.786 -0.786 -0.786 -0.786 -0.786 -0.786 -0.786 -0.786 -0.786 -0.786 -0.786 -0.786 -0.786 -1.256 -1.256 -1.256 -1.256 -1.256 -1.256 -1.256 -1.256 -1.256 -1.256 -1.256 -1.256 -1.256 -1.256 -1.256 -1.256 -1.256 -1.256 -1.256 -1.256 -1.256 -1.256 -1.333 -1.333 -1.333 -1.333 -1.333 -1.333 -1.333 -1.333 -1.333 -1.333 -1.333 -1.333 -1.333 -1.333 -1.333 -1.333 -1.333 -1.333 -1.333 -1.333 -1.333 -1.333 0.634 0.634 0.634 0.634 0.634 0.634 0.634 0.634 0.634 0.634 0.634 0.634 0.634 0.634 0.634 0.634 0.634 0.634 0.634 0.634 0.634 0.634 1.287 1.287 1.287 1.287 1.287 1.287 1.287 1.287 1.287 1.287 1.287 1.287 1.287 1.287 1.287 1.287 1.287 1.287 1.287 1.287 1.287 1.287 0.557 0.557 0.557 0.557 0.557 0.557 0.557 0.557 0.557 0.557 0.557 0.557 0.557 0.557 0.557 0.557 0.557 0.557 0.557 0.557 0.557 0.557 0.350 0.350 0.350 0.350 0.350 0.350 0.350 0.350 0.350 0.350 0.350 0.350 0.350 0.350 0.350 0.350 0.350 0.350 0.350 0.350 0.350 0.350 0.250 0.250 0.250 0.250 0.250 0.250 0.250 0.250 0.250 0.250 0.250 0.250 0.250 0.250 0.250 0.250 0.250 0.250 0.250 0.250 0.250 0.250 1.058 1.058 1.058 1.058 1.058 1.058 1.058 1.058 1.058 1.058 1.058 1.058 1.058 1.058 1.058 1.058 1.058 1.058 1.058 1.058 1.058 1.058
0.0152 0.01508 9.00000 2.2086255550 2.5764564367    2.206  1.667  3.7020  2.874    4  0.000  0.352     0.00     0.00     0.00     0.00     0.00 -1 -1.56e-12      0.00 6.854e-01 2.992e-01 1.680e-03 2.232e-03 6.365e-03 -1.000 1.540e-02       5034          0          0          0          0      8.992      8.992 0.601 -0.029 -0.791 -1.260 -1.338 0.629 1.282 0.552 0.345 0.245 1.053 -0.029 -0.029 -0.029 -0.029 -0.029 -0.029 -0.029 -0.029 -0.029 -0.029 -0.029 -0.029 -0.029 -0.029 -0.029 -0.029 -0.029 -0.029 -0.029 -0.029 -0.029 -0.029 -0.791 -0.791 -0.791 -0.791 -0.791 -0.791 -0.791 -0.791 -0.791 -0.791 -0.791 -0.791 -0.791 -0.791 -0.791 -0.791 -0.791 -0.791 -0.791 -0.791 -0.791 -0.791 -1.260 -1.260 -1.260 -1.260 -1.260 -1.260 -1.260 -1.260 -1.260 -1.260 -1.260 -1.260 -1.260 -1.260 -1.260 -1.260 -1.260 -1.260 -1.260 -1.260 -1.260 -1.260 -1.338 -1.338 -1.338 -1.338 -1.338 -1.338 -1.338 -1.338 -1.338 -1.338 -1.338 -1.338 -1.338 -1.338 -1.338 -1.338 -1.338 -1.338 -1.338 -1.338 -1.338 -1.338 0.629 0.629 0.629 0.629 0.629 0.629 0.629 0.629 0.629 0.629 0.629 0.629 0.629 0.629 0.629 0.629 0.629 0.629 0.629 0.629 0.629 0.629 1.282 1.282 1.282 1.282 1.282 1.282 1.282 1.282 1.282 1.282 1.282 1.282 1.282 1.282 1.282 1.282 1.282 1.282 1.282 1.282 1.282 1.282 0.552 0.552 0.552 0.552 0.552 0.552 0.552 0.552 0.552 0.552 0.552 0.552 0.552 0.552 0.552 0.552 0.552 0.552 0.552 0.552 0.552 0.552 0.345 0.345 0.345 0.345 0.345 0.345 0.345 0.345 0.345 0.345 0.345 0.345 0.345 0.345 0.345 0.345 0.345 0.345 0.345 0.345 0.345 0.345 0.245 0.245 0.245 0.245 0.245 0.245 0.245 0.245 0.245 0.245 0.245 0.245 0.245 0.245 0.245 0.245 0.245 0.245 0.245 0.245 0.245 0.245 1.053 1.053 1.053 1.053 1.053 1.053 1.053 1.053 1.053 1.053 1.053 1.053 1.053 1.053 1.053 1.053 1.053 1.053 1.053 1.053 1.053 1.053
0.0152 0.01508 9.00000 2.2095210552 2.5764867206    2.206  1.669  3.7020  2.873    4  0.000  0.352     0.00     0.00     0.00     0.00     0.00 -1 -1.57e-12      0.00 6.854e-01 2.992e-01 1.680e-03 2.232e-03 6.365e-03 -1.000 1.540e-02       5035          0          0          0          0      9.004      9.004 0.598 -0.032 -0.794 -1.263 -1.341 0.626 1.279 0.549 0.342 0.242 1.049 -0.032 -0.032 -0.032 -0.032 -0.032 -0.032 -0.032 -0.032 -0.032 -0.032 -0.032 -0.032 -0.032 -0.032 -0.032 -0.032 -0.032 -0.032 -0.032 -0.032 -0.032 -0.032 -0.794 -0.794 -0.794 -0.794 -0.794 -0.794 -0.794 -0.794 -0.794 -0.794 -0.794 -0.794 -0.794 -0.794 -0.794 -0.794 -0.794 -0.794 -0.794 -0.794 -0.794 -0.794 -1.263 -1.263 -1.263 -1.263 -1.263 -1.263 -1.263 -1.263 -1.263 -1.263 -1.263 -1.263 -1.263 -1.263 -1.263 -1.263 -1.263 -1.263 -1.263 -1.263 -1.263 -1.263 -1.341 -1.341 -1.341 -1.341 -1.341 -1.341 -1.341 -1.341 -1.341 -1.341 -1.341 -1.341 -1.341 -1.341 -1.341 -1.341 -1.341 -1.341 -1.341 -1.341 -1.341 -1.341 0.626 0.626 0.626 0.626 0.626 0.626 0.626 0.626 0.626 0.626 0.626 0.626 0.626 0.626 0.626 0.626 0.626 0.626 0.626 0.626 0.626 0.626 1.279 1.279 1.279 1.279 1.279 1.279 1.279 1.279 1.279 1.279 1.279 1.279 1.279 1.279 1.279 1.279 1.279 1.279 1.279 1.279 1.279 1.279 0.549 0.549 0.549 0.549 0.549 0.549 0.549 0.549 0.549 0.549 0.549 0.549 0.549 0.549 0.549 0.549 0.549 0.549 0.549 0.549 0.549 0.549 0.342 0.342 0.342 0.342 0.342 0.342 0.342 0.342 0.342 0.342 0.342 0.342 0.342 0.342 0.342 0.342 0.342 0.342 0.342 0.342 0.342 0.342 0.242 0.242 0.242 0.242 0.242 0.242 0.242 0.242 0.242 0.242 0.242 0.242 0.242 0.242 0.242 0.242 0.242 0.242 0.242 0.242 0.242 0.242 1.049 1.049 1.049 1.049 1.049 1.049 1.049 1.049 1.049 1.049 1.049 1.049 1.049 1.049 1.049 1.049 1.049 1.049 1.049 1.049 1.049 1.049
0.0152 0.01508 9.00000 2.2108383179 2.5765312164    2.208  1.671  3.7021  2.872    4  0.000  0.352     0.00     0.00     0.00     0.00     0.00 -1 -1.58e-12      0.00 6.853e-01 2.993e-01 1.680e-03 2.233e-03 6.364e-03 -1.000 1.540e-02       5035          0          0          0          0      9.022      9.022 0.594 -0.037 -0.798 -1.268 -1.345 0.622 1.274 0.545 0.337 0.238 1.045 -0.037 -0.037 -0.037 -0.037 -0.037 -0.037 -0.037 -0.037 -0.037 -0.037 -0.037 -0.037 -0.037 -0.037 -0.037 -0.037 -0.037 -0.037 -0.037 -0.037 -0.037 -0.037 -0.798 -0.798 -0.798 -0.798 -0.798 -0.798 -0.798 -0.798 -0.798 -0.798 -0.798 -0.798 -0.798 -0.798 -0.798 -0.798 -0.798 -0.798 -0.798 -0.798 -0.798 -0.798 -1.268 -1.268 -1.268 -1.268 -1.268 -1.268 -1.268 -1.268 -1.268 -1.268 -1.268 -1.268 -1.268 -1.268 -1.268 -1.268 -1.268 -1.268 -1.268 -1.268 -1.268 -1.268 -1.345 -1.345 -1.345 -1.345 -1.345 -1.345 -1.345 -1.345 -1.345 -1.345 -1.345 -1.345 -1.345 -1.345 -1.345 -1.345 -1.345 -1.345 -1.345 -1.345 -1.345 -1.345 0.622 0.622 0.622 0.622 0.622 0.622 0.622 0.622 0.622 0.622 0.622 0.622 0.622 0.622 0.622 0.622 0.622 0.622 0.622 0.622 0.622 0.622 1.274 1.274 1.274 1.274 1.274 1.274 1.274 1.274 1.274 1.274 1.274 1.274 1.274 1.274 1.274 1.274 1.274 1.274 1.274 1.274 1.274 1.274 0.545 0.545 0.545 0.545 0.545 0.545 0.545 0.545 0.545 0.545 0.545 0.545 0.545 0.545 0.545 0.545 0.545 0.545 0.545 0.545 0.545 0.545 0.337 0.337 0.337 0.337 0.337 0.337 0.337 0.337 0.337 0.337 0.337 0.337 0.337 0.337 0.337 0.337 0.337 0.337 0.337 0.337 0.337 0.337 0.238 0.238 0.238 0.238 0.238 0.238 0.238 0.238 0.238 0.238 0.238 0.238 0.238 0.238 0.238 0.238 0.238 0.238 0.238 0.238 0.238 0.238 1.045 1.045 1.045 1.045 1.045 1.045 1.045 1.045 1.045 1.045 1.045 1.045 1.045 1.045 1.045 1.045 1.045 1.045 1.045 1.045 1.045 1.045
0.0152 0.01508 9.00000 2.2121255398 2.5765746385    2.209  1.672  3.7021  2.870    4  0.000  0.352     0.00     0.00     0.00     0.00     0.00 -1  -1.6e-12      0.00 6.853e-01 2.993e-01 1.680e-03 2.234e-03 6.363e-03 -1.000 1.540e-02       5035          0          0          0          0       9.04       9.04 0.589 -0.041 -0.803 -1.272 -1.349 0.617 1.270 0.540 0.333 0.233 1.040 -0.041 -0.041 -0.041 -0.041 -0.041 -0.041 -0.041 -0.041 -0.041 -0.041 -0.041 -0.041 -0.041 -0.041 -0.041 -0.041 -0.041 -0.041 -0.041 -0.041 -0.041 -0.041 -0.803 -0.803 -0.803 -0.803 -0.803 -0.803 -0.803 -0.803 -0.803 -0.803 -0.803 -0.803 -0.803 -0.803 -0.803 -0.803 -0.803 -0.803 -0.803 -0.803 -0.803 -0.803 -1.272 -1.272 -1.272 -1.272 -1.272 -1.272 -1.272 -1.272 -1.272 -1.272 -1.272 -1.272 -1.272 -1.272 -1.272 -1.272 -1.272 -1.272 -1.272 -1.272 -1.272 -1.272 -1.349 -1.349 -1.349 -1.349 -1.349 -1.349 -1.349 -1.349 -1.349 -1.349 -1.349 -1.349 -1.349 -1.349 -1.349 -1.349 -1.349 -1.349 -1.349 -1.349 -1.349 -1.349 0.617 0.617 0.617 0.617 0.617 0.617 0.617 0.617 0.617 0.617 0.617 0.617 0.617 0.617 0.617 0.617 0.617 0.617 0.617 0.617 0.617 0.617 1.270 1.270 1.270 1.270 1.270 1.270 1.270 1.270 1.270 1.270 1.270 1.270 1.270 1.270 1.270 1.270 1.270 1.270 1.270 1.270 1.270 1.270 0.540 0.540 0.540 0.540 0.540 0.540 0.540 0.540 0.540 0.540 0.540 0.540 0.540 0.540 0.540 0.540 0.540 0.540 0.540 0.540 0.540 0.540 0.333 0.333 0.333 0.333 0.333 0.333 0.333 0.333 0.333 0.333 0.333 0.333 0.333 0.333 0.333 0.333 0.333 0.333 0.333 0.333 0.333 0.333 0.233 0.233 0.233 0.233 0.233 0.233 0.233 0.233 0.233 0.233 0.233 0.233 0.233 0.233 0.233 0.233 0.233 0.233 0.233 0.233 0.233 0.233 1.040 1.040 1.040 1.040 1.040 1.040 1.040 1.040 1.040 1.040 1.040 1.040 1.040 1.040 1.040 1.040 1.040 1.040 1.040 1.040 1.040 1.040
0.0152 0.01508 9.00000 2.2133834362 2.5766170153    2.210  1.674  3.7021  2.869    4  0.000  0.352     0.00     0.00     0.00     0.00     0.00 -1 -1.61e-12      0.00 6.853e-01 2.993e-01 1.680e-03 2.234e-03 6.363e-03 -1.000 1.540e-02       5036          0          0          0          0      9.057      9.057 0.585 -0.046 -0.807 -1.276 -1.354 0.613 1.265 0.536 0.328 0.229 1.035 -0.046 -0.046 -0.046 -0.046 -0.046 -0.046 -0.046 -0.046 -0.046 -0.046 -0.046 -0.046 -0.046 -0.046 -0.046 -0.046 -0.046 -0.046 -0.046 -0.046 -0.046 -0.046 -0.807 -0.807 -0.807 -0.807 -0.807 -0.807 -0.807 -0.807 -0.807 -0.807 -0.807 -0.807 -0.807 -0.807 -0.807 -0.807 -0.807 -0.807 -0.807 -0.807 -0.807 -0.807 -1.276 -1.276 -1.276 -1.276 -1.276 -1.276 -1.276 -1.276 -1.276 -1.276 -1.276 -1.276 -1.276 -1.276 -1.276 -1.276 -1.276 -1.276 -1.276 -1.276 -1.276 -1.276 -1.354 -1.354 -1.354 -1.354 -1.354 -1.354 -1.354 -1.354 -1.354 -1.354 -1.354 -1.354 -1.354 -1.354 -1.354 -1.354 -1.354 -1.354 -1.354 -1.354 -1.354 -1.354 0.613 0.613 0.613 0.613 0.613 0.613 0.613 0.613 0.613 0.613 0.613 0.613 0.613 0.613 0.613 0.613 0.613 0.613 0.613 0.613 0.613 0.613 1.265 1.265 1.265 1.265 1.265 1.265 1.265 1.265 1.265 1.265 1.265 1.265 1.265 1.265 1.265 1.265 1.265 1.265 1.265 1.265 1.265 1.265 0.536 0.536 0.536 0.536 0.536 0.536 0.536 0.536 0.536 0.536 0.536 0.536 0.536 0.536 0.536 0.536 0.536 0.536 0.536 0.536 0.536 0.536 0.328 0.328 0.328 0.328 0.328 0.328 0.328 0.328 0.328 0.328 0.328 0.328 0.328 0.328 0.328 0.328 0.328 0.328 0.328 0.328 0.328 0.328 0.229 0.229 0.229 0.229 0.229 0.229 0.229 0.229 0.229 0.229 0.229 0.229 0.229 0.229 0.229 0.229 0.229 0.229 0.229 0.229 0.229 0.229 1.035 1.035 1.035 1.035 1.035 1.035 1.035 1.035 1.035 1.035 1.035 1.035 1.035 1.035 1.035 1.035 1.035 1.035 1.035 1.035 1.035 1.035
0.0152 0.01508 9.00000 2.2150168419 2.5766719600    2.212  1.676  3.7021  2.867    4  0.000  0.352     0.00     0.00     0.00     0.00     0.00 -1 -1.63e-12      0.00 6.853e-01 2.993e-01 1.679e-03 2.235e-03 6.362e-03 -1.000 1.540e-02       5036          0          0          0          0      9.081      9.081 0.579 -0.051 -0.813 -1.282 -1.359 0.607 1.259 0.530 0.323 0.223 1.029 -0.051 -0.051 -0.051 -0.051 -0.051 -0.051 -0.051 -0.051 -0.051 -0.051 -0.051 -0.051 -0.051 -0.051 -0.051 -0.051 -0.051 -0.051 -0.051 -0.051 -0.051 -0.051 -0.813 -0.813 -0.813 -0.813 -0.813 -0.813 -0.813 -0.813 -0.813 -0.813 -0.813 -0.813 -0.813 -0.813 -0.813 -0.813 -0.813 -0.813 -0.813 -0.813 -0.813 -0.813 -1.282 -1.282 -1.282 -1.282 -1.282 -1.282 -1.282 -1.282 -1.282 -1.282 -1.282 -1.282 -1.282 -1.282 -1.282 -1.282 -1.282 -1.282 -1.282 -1.282 -1.282 -1.282 -1.359 -1.359 -1.359 -1.359 -1.359 -1.359 -1.359 -1.359 -1.359 -1.359 -1.359 -1.359 -1.359 -1.359 -1.359 -1.359 -1.359 -1.359 -1.359 -1.359 -1.359 -1.359 0.607 0.607 0.607 0.607 0.607 0.607 0.607 0.607 0.607 0.607 0.607 0.607 0.607 0.607 0.607 0.607 0.607 0.607 0.607 0.607 0.607 0.607 1.259 1.259 1.259 1.259 1.259 1.259 1.259 1.259 1.259 1.259 1.259 1.259 1.259 1.259 1.259 1.259 1.259 1.259 1.259 1.259 1.259 1.259 0.530 0.530 0.530 0.530 0.530 0.530 0.530 0.530 0.530 0.530 0.530 0.530 0.530 0.530 0.530 0.530 0.530 0.530 0.530 0.530 0.530 0.530 0.323 0.323 0.323 0.323 0.323 0.323 0.323 0.323 0.323 0.323 0.323 0.323 0.323 0.323 0.323 0.323 0.323 0.323 0.323 0.323 0.323 0.323 0.223 0.223 0.223 0.223 0.223 0.223 0.223 0.223 0.223 0.223 0.223 0.223 0.223 0.223 0.223 0.223 0.223 0.223 0.223 0.223 0.223 0.223 1.029 1.029 1.029 1.029 1.029 1.029 1.029 1.029 1.029 1.029 1.029 1.029 1.029 1.029 1.029 1.029 1.029 1.029 1.029 1.029 1.029 1.029
0.0152 0.01508 9.00000 2.2166020870 2.5767251955    2.213  1.679  3.7022  2.865    4  0.000  0.352     0.00     0.00     0.00     0.00     0.00 -1 -1.65e-12      0.00 6.852e-01 2.993e-01 1.679e-03 2.236e-03 6.361e-03 -1.000 1.540e-02       5036          0          0          0          0      9.104      9.104 0.573 -0.057 -0.818 -1.287 -1.365 0.601 1.253 0.524 0.317 0.217 1.023 -0.057 -0.057 -0.057 -0.057 -0.057 -0.057 -0.057 -0.057 -0.057 -0.057 -0.057 -0.057 -0.057 -0.057 -0.057 -0.057 -0.057 -0.057 -0.057 -0.057 -0.057 -0.057 -0.818 -0.818 -0.818 -0.818 -0.818 -0.818 -0.818 -0.818 -0.818 -0.818 -0.818 -0.818 -0.818 -0.818 -0.818 -0.818 -0.818 -0.818 -0.818 -0.818 -0.818 -0.818 -1.287 -1.287 -1.287 -1.287 -1.287 -1.287 -1.287 -1.287 -1.287 -1.287 -1.287 -1.287 -1.287 -1.287 -1.287 -1.287 -1.287 -1.287 -1.287 -1.287 -1.287 -1.287 -1.365 -1.365 -1.365 -1.365 -1.365 -1.365 -1.365 -1.365 -1.365 -1.365 -1.365 -1.365 -1.365 -1.365 -1.365 -1.365 -1.365 -1.365 -1.365 -1.365 -1.365 -1.365 0.601 0.601 0.601 0.601 0.601 0.601 0.601 0.601 0.601 0.601 0.601 0.601 0.601 0.601 0.601 0.601 0.601 0.601 0.601 0.601 0.601 0.601 1.253 1.253 1.253 1.253 1.253 1.253 1.253 1.253 1.253 1.253 1.253 1.253 1.253 1.253 1.253 1.253 1.253 1.253 1.253 1.253 1.253 1.253 0.524 0.524 0.524 0.524 0.524 0.524 0.524 0.524 0.524 0.524 0.524 0.524 0.524 0.524 0.524 0.524 0.524 0.524 0.524 0.524 0.524 0.524 0.317 0.317 0.317 0.317 0.317 0.317 0.317 0.317 0.317 0.317 0.317 0.317 0.317 0.317 0.317 0.317 0.317 0.317 0.317 0.317 0.317 0.317 0.217 0.217 0.217 0.217 0.217 0.217 0.217 0.217 0.217 0.217 0.217 0.217 0.217 0.217 0.217 0.217 0.217 0.217 0.217 0.217 0.217 0.217 1.023 1.023 1.023 1.023 1.023 1.023 1.023 1.023 1.023 1.023 1.023 1.023 1.023 1.023 1.023 1.023 1.023 1.023 1.023 1.023 1.023 1.023
0.0152 0.01508 9.00000 2.2181410789 2.5767767941    2.215  1.681  3.7022  2.863    4  0.000  0.352     0.00     0.00     0.00     0.00     0.00 -1 -1.66e-12      0.00 6.852e-01 2.994e-01 1.679e-03 2.237e-03 6.360e-03 -1.000 1.540e-02       5036          0          0          0          0      9.127      9.127 0.568 -0.063 -0.824 -1.293 -1.370 0.595 1.247 0.518 0.311 0.212 1.017 -0.063 -0.063 -0.063 -0.063 -0.063 -0.063 -0.063 -0.063 -0.063 -0.063 -0.063 -0.063 -0.063 -0.063 -0.063 -0.063 -0.063 -0.063 -0.063 -0.063 -0.063 -0.063 -0.824 -0.824 -0.824 -0.824 -0.824 -0.824 -0.824 -0.824 -0.824 -0.824 -0.824 -0.824 -0.824 -0.824 -0.824 -0.824 -0.824 -0.824 -0.824 -0.824 -0.824 -0.824 -1.293 -1.293 -1.293 -1.293 -1.293 -1.293 -1.293 -1.293 -1.293 -1.293 -1.293 -1.293 -1.293 -1.293 -1.293 -1.293 -1.293 -1.293 -1.293 -1.293 -1.293 -1.293 -1.370 -1.370 -1.370 -1.370 -1.370 -1.370 -1.370 -1.370 -1.370 -1.370 -1.370 -1.370 -1.370 -1.370 -1.370 -1.370 -1.370 -1.370 -1.370 -1.370 -1.370 -1.370 0.595 0.595 0.595 0.595 0.595 0.595 0.595 0.595 0.595 0.595 0.595 0.595 0.595 0.595 0.595 0.595 0.595 0.595 0.595 0.595 0.595 0.595 1.247 1.247 1.247 1.247 1.247 1.247 1.247 1.247 1.247 1.247 1.247 1.247 1.247 1.247 1.247 1.247 1.247 1.247 1.247 1.247 1.247 1.247 0.518 0.518 0.518 0.518 0.518 0.518 0.518 0.518 0.518 0.518 0.518 0.518 0.518 0.518 0.518 0.518 0.518 0.518 0.518 0.518 0.518 0.518 0.311 0.311 0.311 0.311 0.311 0.311 0.311 0.311 0.311 0.311 0.311 0.311 0.311 0.311 0.311 0.311 0.311 0.311 0.311 0.311 0.311 0.311 0.212 0.212 0.212 0.212 0.212 0.212 0.212 0.212 0.212 0.212 0.212 0.212 0.212 0.212 0.212 0.212 0.212 0.212 0.212 0.212 0.212 0.212 1.017 1.017 1.017 1.017 1.017 1.017 1.017 1.017 1.017 1.017 1.017 1.017 1.017 1.017 1.017 1.017 1.017 1.017 1.017 1.017 1.017 1.017
0.0152 0.01508 9.00000 2.2203664780 2.5768512607    2.217  1.684  3.7022  2.860    4  0.000  0.352     0.00     0.00     0.00     0.00     0.00 -1 -1.69e-12      0.00 6.852e-01 2.994e-01 1.679e-03 2.238e-03 6.359e-03 -1.000 1.540e-02       5037          0          0          0          0      9.161      9.161 0.560 -0.071 -0.832 -1.301 -1.378 0.587 1.239 0.510 0.303 0.204 1.009 -0.071 -0.071 -0.071 -0.071 -0.071 -0.071 -0.071 -0.071 -0.071 -0.071 -0.071 -0.071 -0.071 -0.071 -0.071 -0.071 -0.071 -0.071 -0.071 -0.071 -0.071 -0.071 -0.832 -0.832 -0.832 -0.832 -0.832 -0.832 -0.832 -0.832 -0.832 -0.832 -0.832 -0.832 -0.832 -0.832 -0.832 -0.832 -0.832 -0.832 -0.832 -0.832 -0.832 -0.832 -1.301 -1.301 -1.301 -1.301 -1.301 -1.301 -1.301 -1.301 -1.301 -1.301 -1.301 -1.301 -1.301 -1.301 -1.301 -1.301 -1.301 -1.301 -1.301 -1.301 -1.301 -1.301 -1.378 -1.378 -1.378 -1.378 -1.378 -1.378 -1.378 -1.378 -1.378 -1.378 -1.378 -1.378 -1.378 -1.378 -1.378 -1.378 -1.378 -1.378 -1.378 -1.378 -1.378 -1.378 0.587 0.587 0.587 0.587 0.587 0.587 0.587 0.587 0.587 0.587 0.587 0.587 0.587 0.587 0.587 0.587 0.587 0.587 0.587 0.587 0.587 0.587 1.239 1.239 1.239 1.239 1.239 1.239 1.239 1.239 1.239 1.239 1.239 1.239 1.239 1.239 1.239 1.239 1.239 1.239 1.239 1.239 1.239 1.239 0.510 0.510 0.510 0.510 0.510 0.510 0.510 0.510 0.510 0.510 0.510 0.510 0.510 0.510 0.510 0.510 0.510 0.510 0.510 0.510 0.510 0.510 0.303 0.303 0.303 0.303 0.303 0.303 0.303 0.303 0.303 0.303 0.303 0.303 0.303 0.303 0.303 0.303 0.303 0.303 0.303 0.303 0.303 0.303 0.204 0.204 0.204 0.204 0.204 0.204 0.204 0.204 0.204 0.204 0.204 0.204 0.204 0.204 0.204 0.204 0.204 0.204 0.204 0.204 0.204 0.204 1.009 1.009 1.009 1.009 1.009 1.009 1.009 1.009 1.009 1.009 1.009 1.009 1.009 1.009 1.009 1.009 1.009 1.009 1.009 1.009 1.009 1.009
0.0152 0.01508 9.00000 2.2221484184 2.5769107646    2.219  1.687  3.7022  2.858    4  0.000  0.352     0.00     0.00     0.00     0.00     0.00 -1 -1.71e-12      0.00 6.852e-01 2.994e-01 1.679e-03 2.239e-03 6.358e-03 -1.000 1.540e-02       5037          0          0          0          0       9.19       9.19 0.553 -0.078 -0.839 -1.307 -1.385 0.580 1.232 0.503 0.296 0.197 1.002 -0.078 -0.078 -0.078 -0.078 -0.078 -0.078 -0.078 -0.078 -0.078 -0.078 -0.078 -0.078 -0.078 -0.078 -0.078 -0.078 -0.078 -0.078 -0.078 -0.078 -0.078 -0.078 -0.839 -0.839 -0.839 -0.839 -0.839 -0.839 -0.839 -0.839 -0.839 -0.839 -0.839 -0.839 -0.839 -0.839 -0.839 -0.839 -0.839 -0.839 -0.839 -0.839 -0.839 -0.839 -1.307 -1.307 -1.307 -1.307 -1.307 -1.307 -1.307 -1.307 -1.307 -1.307 -1.307 -1.307 -1.307 -1.307 -1.307 -1.307 -1.307 -1.307 -1.307 -1.307 -1.307 -1.307 -1.385 -1.385 -1.385 -1.385 -1.385 -1.385 -1.385 -1.385 -1.385 -1.385 -1.385 -1.385 -1.385 -1.385 -1.385 -1.385 -1.385 -1.385 -1.385 -1.385 -1.385 -1.385 0.580 0.580 0.580 0.580 0.580 0.580 0.580 0.580 0.580 0.580 0.580 0.580 0.580 0.580 0.580 0.580 0.580 0.580 0.580 0.580 0.580 0.580 1.232 1.232 1.232 1.232 1.232 1.232 1.232 1.232 1.232 1.232 1.232 1.232 1.232 1.232 1.232 1.232 1.232 1.232 1.232 1.232 1.232 1.232 0.503 0.503 0.503 0.503 0.503 0.503 0.503 0.503 0.503 0.503 0.503 0.503 0.503 0.503 0.503 0.503 0.503 0.503 0.503 0.503 0.503 0.503 0.296 0.296 0.296 0.296 0.296 0.296 0.296 0.296 0.296 0.296 0.296 0.296 0.296 0.296 0.296 0.296 0.296 0.296 0.296 0.296 0.296 0.296 0.197 0.197 0.197 0.197 0.197 0.197 0.197 0.197 0.197 0.197 0.197 0.197 0.197 0.197 0.197 0.197 0.197 0.197 0.197 0.197 0.197 0.197 1.002 1.002 1.002 1.002 1.002 1.002 1.002 1.002 1.002 1.002 1.002 1.002 1.002 1.002 1.002 1.002 1.002 1.002 1.002 1.002 1.002 1.002
0.0152 0.01508 9.00000 2.2238667011 2.5769680390    2.221  1.689  3.7022  2.856    4  0.000  0.352     0.00     0.00     0.00     0.00     0.00 -1 -1.73e-12      0.00 6.851e-01 2.995e-01 1.679e-03 2.240e-03 6.357e-03 -1.000 1.540e-02       5037          0          0          0          0      9.219      9.219 0.546 -0.084 -0.845 -1.314 -1.391 0.574 1.226 0.497 0.290 0.190 0.995 -0.084 -0.084 -0.084 -0.084 -0.084 -0.084 -0.084 -0.084 -0.084 -0.084 -0.084 -0.084 -0.084 -0.084 -0.084 -0.084 -0.084 -0.084 -0.084 -0.084 -0.084 -0.084 -0.845 -0.845 -0.845 -0.845 -0.845 -0.845 -0.845 -0.845 -0.845 -0.845 -0.845 -0.845 -0.845 -0.845 -0.845 -0.845 -0.845 -0.845 -0.845 -0.845 -0.845 -0.845 -1.314 -1.314 -1.314 -1.314 -1.314 -1.314 -1.314 -1.314 -1.314 -1.314 -1.314 -1.314 -1.314 -1.314 -1.314 -1.314 -1.314 -1.314 -1.314 -1.314 -1.314 -1.314 -1.391 -1.391 -1.391 -1.391 -1.391 -1.391 -1.391 -1.391 -1.391 -1.391 -1.391 -1.391 -1.391 -1.391 -1.391 -1.391 -1.391 -1.391 -1.391 -1.391 -1.391 -1.391 0.574 0.574 0.574 0.574 0.574 0.574 0.574 0.574 0.574 0.574 0.574 0.574 0.574 0.574 0.574 0.574 0.574 0.574 0.574 0.574 0.574 0.574 1.226 1.226 1.226 1.226 1.226 1.226 1.226 1.226 1.226 1.226 1.226 1.226 1.226 1.226 1.226 1.226 1.226 1.226 1.226 1.226 1.226 1.226 0.497 0.497 0.497 0.497 0.497 0.497 0.497 0.497 0.497 0.497 0.497 0.497 0.497 0.497 0.497 0.497 0.497 0.497 0.497 0.497 0.497 0.497 0.290 0.290 0.290 0.290 0.290 0.290 0.290 0.290 0.290 0.290 0.290 0.290 0.290 0.290 0.290 0.290 0.290 0.290 0.290 0.290 0.290 0.290 0.190 0.190 0.190 0.190 0.190 0.190 0.190 0.190 0.190 0.190 0.190 0.190 0.190 0.190 0.190 0.190 0.190 0.190 0.190 0.190 0.190 0.190 0.995 0.995 0.995 0.995 0.995 0.995 0.995 0.995 0.995 0.995 0.995 0.995 0.995 0.995 0.995 0.995 0.995 0.995 0.995 0.995 0.995 0.995
0.0152 0.01508 9.00000 2.2255244255 2.5770231984    2.222  1.692  3.7022  2.853    4  0.000  0.352     0.00     0.00     0.00     0.00     0.00 -1 -1.75e-12      0.00 6.851e-01 2.995e-01 1.678e-03 2.241e-03 6.357e-03 -1.000 1.540e-02       5036          0          0          0          0      9.248      9.248 0.540 -0.091 -0.852 -1.321 -1.398 0.567 1.219 0.490 0.283 0.184 0.989 -0.091 -0.091 -0.091 -0.091 -0.091 -0.091 -0.091 -0.091 -0.091 -0.091 -0.091 -0.091 -0.091 -0.091 -0.091 -0.091 -0.091 -0.091 -0.091 -0.091 -0.091 -0.091 -0.852 -0.852 -0.852 -0.852 -0.852 -0.852 -0.852 -0.852 -0.852 -0.852 -0.852 -0.852 -0.852 -0.852 -0.852 -0.852 -0.852 -0.852 -0.852 -0.852 -0.852 -0.852 -1.321 -1.321 -1.321 -1.321 -1.321 -1.321 -1.321 -1.321 -1.321 -1.321 -1.321 -1.321 -1.321 -1.321 -1.321 -1.321 -1.321 -1.321 -1.321 -1.321 -1.321 -1.321 -1.398 -1.398 -1.398 -1.398 -1.398 -1.398 -1.398 -1.398 -1.398 -1.398 -1.398 -1.398 -1.398 -1.398 -1.398 -1.398 -1.398 -1.398 -1.398 -1.398 -1.398 -1.398 0.567 0.567 0.567 0.567 0.567 0.567 0.567 0.567 0.567 0.567 0.567 0.567 0.567 0.567 0.567 0.567 0.567 0.567 0.567 0.567 0.567 0.567 1.219 1.219 1.219 1.219 1.219 1.219 1.219 1.219 1.219 1.219 1.219 1.219 1.219 1.219 1.219 1.219 1.219 1.219 1.219 1.219 1.219 1.219 0.490 0.490 0.490 0.490 0.490 0.490 0.490 0.490 0.490 0.490 0.490 0.490 0.490 0.490 0.490 0.490 0.490 0.490 0.490 0.490 0.490 0.490 0.283 0.283 0.283 0.283 0.283 0.283 0.283 0.283 0.283 0.283 0.283 0.283 0.283 0.283 0.283 0.283 0.283 0.283 0.283 0.283 0.283 0.283 0.184 0.184 0.184 0.184 0.184 0.184 0.184 0.184 0.184 0.184 0.184 0.184 0.184 0.184 0.184 0.184 0.184 0.184 0.184 0.184 0.184 0.184 0.989 0.989 0.989 0.989 0.989 0.989 0.989 0.989 0.989 0.989 0.989 0.989 0.989 0.989 0.989 0.989 0.989 0.989 0.989 0.989 0.989 0.989
0.0152 0.01508 9.00000 2.2264904976 2.5770553001    2.223  1.694  3.7022  2.852    4  0.000  0.352     0.00     0.00     0.00     0.00     0.00 -1 -1.77e-12      0.00 6.851e-01 2.995e-01 1.678e-03 2.242e-03 6.356e-03 -1.000 1.540e-02       5036          0          0          0          0      9.265      9.265 0.536 -0.095 -0.856 -1.325 -1.402 0.563 1.216 0.487 0.279 0.180 0.985 -0.095 -0.095 -0.095 -0.095 -0.095 -0.095 -0.095 -0.095 -0.095 -0.095 -0.095 -0.095 -0.095 -0.095 -0.095 -0.095 -0.095 -0.095 -0.095 -0.095 -0.095 -0.095 -0.856 -0.856 -0.856 -0.856 -0.856 -0.856 -0.856 -0.856 -0.856 -0.856 -0.856 -0.856 -0.856 -0.856 -0.856 -0.856 -0.856 -0.856 -0.856 -0.856 -0.856 -0.856 -1.325 -1.325 -1.325 -1.325 -1.325 -1.325 -1.325 -1.325 -1.325 -1.325 -1.325 -1.325 -1.325 -1.325 -1.325 -1.325 -1.325 -1.325 -1.325 -1.325 -1.325 -1.325 -1.402 -1.402 -1.402 -1.402 -1.402 -1.402 -1.402 -1.402 -1.402 -1.402 -1.402 -1.402 -1.402 -1.402 -1.402 -1.402 -1.402 -1.402 -1.402 -1.402 -1.402 -1.402 0.563 0.563 0.563 0.563 0.563 0.563 0.563 0.563 0.563 0.563 0.563 0.563 0.563 0.563 0.563 0.563 0.563 0.563 0.563 0.563 0.563 0.563 1.216 1.216 1.216 1.216 1.216 1.216 1.216 1.216 1.216 1.216 1.216 1.216 1.216 1.216 1.216 1.216 1.216 1.216 1.216 1.216 1.216 1.216 0.487 0.487 0.487 0.487 0.487 0.487 0.487 0.487 0.487 0.487 0.487 0.487 0.487 0.487 0.487 0.487 0.487 0.487 0.487 0.487 0.487 0.487 0.279 0.279 0.279 0.279 0.279 0.279 0.279 0.279 0.279 0.279 0.279 0.279 0.279 0.279 0.279 0.279 0.279 0.279 0.279 0.279 0.279 0.279 0.180 0.180 0.180 0.180 0.180 0.180 0.180 0.180 0.180 0.180 0.180 0.180 0.180 0.180 0.180 0.180 0.180 0.180 0.180 0.180 0.180 0.180 0.985 0.985 0.985 0.985 0.985 0.985 0.985 0.985 0.985 0.985 0.985 0.985 0.985 0.985 0.985 0.985 0.985 0.985 0.985 0.985 0.985 0.985
0.0152 0.01508 9.00000 2.2277467251 2.5770969955    2.225  1.696  3.7021  2.850    4  0.000  0.352     0.00     0.00     0.00     0.00     0.00 -1 -1.78e-12      0.00 6.851e-01 2.995e-01 1.678e-03 2.242e-03 6.355e-03 -1.000 1.540e-02       5036          0          0          0          0      9.288      9.288 0.531 -0.100 -0.861 -1.330 -1.407 0.558 1.211 0.482 0.274 0.175 0.980 -0.100 -0.100 -0.100 -0.100 -0.100 -0.100 -0.100 -0.100 -0.100 -0.100 -0.100 -0.100 -0.100 -0.100 -0.100 -0.100 -0.100 -0.100 -0.100 -0.100 -0.100 -0.100 -0.861 -0.861 -0.861 -0.861 -0.861 -0.861 -0.861 -0.861 -0.861 -0.861 -0.861 -0.861 -0.861 -0.861 -0.861 -0.861 -0.861 -0.861 -0.861 -0.861 -0.861 -0.861 -1.330 -1.330 -1.330 -1.330 -1.330 -1.330 -1.330 -1.330 -1.330 -1.330 -1.330 -1.330 -1.330 -1.330 -1.330 -1.330 -1.330 -1.330 -1.330 -1.330 -1.330 -1.330 -1.407 -1.407 -1.407 -1.407 -1.407 -1.407 -1.407 -1.407 -1.407 -1.407 -1.407 -1.407 -1.407 -1.407 -1.407 -1.407 -1.407 -1.407 -1.407 -1.407 -1.407 -1.407 0.558 0.558 0.558 0.558 0.558 0.558 0.558 0.558 0.558 0.558 0.558 0.558 0.558 0.558 0.558 0.558 0.558 0.558 0.558 0.558 0.558 0.558 1.211 1.211 1.211 1.211 1.211 1.211 1.211 1.211 1.211 1.211 1.211 1.211 1.211 1.211 1.211 1.211 1.211 1.211 1.211 1.211 1.211 1.211 0.482 0.482 0.482 0.482 0.482 0.482 0.482 0.482 0.482 0.482 0.482 0.482 0.482 0.482 0.482 0.482 0.482 0.482 0.482 0.482 0.482 0.482 0.274 0.274 0.274 0.274 0.274 0.274 0.274 0.274 0.274 0.274 0.274 0.274 0.274 0.274 0.274 0.274 0.274 0.274 0.274 0.274 0.274 0.274 0.175 0.175 0.175 0.175 0.175 0.175 0.175 0.175 0.175 0.175 0.175 0.175 0.175 0.175 0.175 0.175 0.175 0.175 0.175 0.175 0.175 0.175 0.980 0.980 0.980 0.980 0.980 0.980 0.980 0.980 0.980 0.980 0.980 0.980 0.980 0.980 0.980 0.980 0.980 0.980 0.980 0.980 0.980 0.980
0.0152 0.01508 9.00000 2.2286653519 2.5771274515    2.226  1.697  3.7021  2.849    4  0.000  0.352     0.00     0.00     0.00     0.00     0.00 -1  -1.8e-12      0.00 6.851e-01 2.995e-01 1.678e-03 2.243e-03 6.355e-03 -1.000 1.540e-02       5036          0          0          0          0      9.305      9.305 0.527 -0.103 -0.865 -1.334 -1.411 0.555 1.207 0.478 0.271 0.171 0.976 -0.103 -0.103 -0.103 -0.103 -0.103 -0.103 -0.103 -0.103 -0.103 -0.103 -0.103 -0.103 -0.103 -0.103 -0.103 -0.103 -0.103 -0.103 -0.103 -0.103 -0.103 -0.103 -0.865 -0.865 -0.865 -0.865 -0.865 -0.865 -0.865 -0.865 -0.865 -0.865 -0.865 -0.865 -0.865 -0.865 -0.865 -0.865 -0.865 -0.865 -0.865 -0.865 -0.865 -0.865 -1.334 -1.334 -1.334 -1.334 -1.334 -1.334 -1.334 -1.334 -1.334 -1.334 -1.334 -1.334 -1.334 -1.334 -1.334 -1.334 -1.334 -1.334 -1.334 -1.334 -1.334 -1.334 -1.411 -1.411 -1.411 -1.411 -1.411 -1.411 -1.411 -1.411 -1.411 -1.411 -1.411 -1.411 -1.411 -1.411 -1.411 -1.411 -1.411 -1.411 -1.411 -1.411 -1.411 -1.411 0.555 0.555 0.555 0.555 0.555 0.555 0.555 0.555 0.555 0.555 0.555 0.555 0.555 0.555 0.555 0.555 0.555 0.555 0.555 0.555 0.555 0.555 1.207 1.207 1.207 1.207 1.207 1.207 1.207 1.207 1.207 1.207 1.207 1.207 1.207 1.207 1.207 1.207 1.207 1.207 1.207 1.207 1.207 1.207 0.478 0.478 0.478 0.478 0.478 0.478 0.478 0.478 0.478 0.478 0.478 0.478 0.478 0.478 0.478 0.478 0.478 0.478 0.478 0.478 0.478 0.478 0.271 0.271 0.271 0.271 0.271 0.271 0.271 0.271 0.271 0.271 0.271 0.271 0.271 0.271 0.271 0.271 0.271 0.271 0.271 0.271 0.271 0.271 0.171 0.171 0.171 0.171 0.171 0.171 0.171 0.171 0.171 0.171 0.171 0.171 0.171 0.171 0.171 0.171 0.171 0.171 0.171 0.171 0.171 0.171 0.976 0.976 0.976 0.976 0.976 0.976 0.976 0.976 0.976 0.976 0.976 0.976 0.976 0.976 0.976 0.976 0.976 0.976 0.976 0.976 0.976 0.976
0.0152 0.01508 9.00000 2.2292668819 2.5771473788    2.226  1.698  3.7021  2.848    4  0.000  0.352     0.00     0.00     0.00     0.00     0.00 -1  -1.8e-12      0.00 6.851e-01 2.995e-01 1.678e-03 2.243e-03 6.355e-03 -1.000 1.540e-02       5035          0          0          0          0      9.317      9.317 0.525 -0.106 -0.867 -1.336 -1.414 0.552 1.205 0.475 0.268 0.168 0.974 -0.106 -0.106 -0.106 -0.106 -0.106 -0.106 -0.106 -0.106 -0.106 -0.106 -0.106 -0.106 -0.106 -0.106 -0.106 -0.106 -0.106 -0.106 -0.106 -0.106 -0.106 -0.106 -0.867 -0.867 -0.867 -0.867 -0.867 -0.867 -0.867 -0.867 -0.867 -0.867 -0.867 -0.867 -0.867 -0.867 -0.867 -0.867 -0.867 -0.867 -0.867 -0.867 -0.867 -0.867 -1.336 -1.336 -1.336 -1.336 -1.336 -1.336 -1.336 -1.336 -1.336 -1.336 -1.336 -1.336 -1.336 -1.336 -1.336 -1.336 -1.336 -1.336 -1.336 -1.336 -1.336 -1.336 -1.414 -1.414 -1.414 -1.414 -1.414 -1.414 -1.414 -1.414 -1.414 -1.414 -1.414 -1.414 -1.414 -1.414 -1.414 -1.414 -1.414 -1.414 -1.414 -1.414 -1.414 -1.414 0.552 0.552 0.552 0.552 0.552 0.552 0.552 0.552 0.552 0.552 0.552 0.552 0.552 0.552 0.552 0.552 0.552 0.552 0.552 0.552 0.552 0.552 1.205 1.205 1.205 1.205 1.205 1.205 1.205 1.205 1.205 1.205 1.205 1.205 1.205 1.205 1.205 1.205 1.205 1.205 1.205 1.205 1.205 1.205 0.475 0.475 0.475 0.475 0.475 0.475 0.475 0.475 0.475 0.475 0.475 0.475 0.475 0.475 0.475 0.475 0.475 0.475 0.475 0.475 0.475 0.475 0.268 0.268 0.268 0.268 0.268 0.268 0.268 0.268 0.268 0.268 0.268 0.268 0.268 0.268 0.268 0.268 0.268 0.268 0.268 0.268 0.268 0.268 0.168 0.168 0.168 0.168 0.168 0.168 0.168 0.168 0.168 0.168 0.168 0.168 0.168 0.168 0.168 0.168 0.168 0.168 0.168 0.168 0.168 0.168 0.974 0.974 0.974 0.974 0.974 0.974 0.974 0.974 0.974 0.974 0.974 0.974 0.974 0.974 0.974 0.974 0.974 0.974 0.974 0.974 0.974 0.974
0.0152 0.01508 9.00000 2.2301528454 2.5771767062    2.227  1.700  3.7021  2.846    4  0.000  0.352     0.00     0.00     0.00     0.00     0.00 -1 -1.82e-12      0.00 6.850e-01 2.995e-01 1.678e-03 2.244e-03 6.354e-03 -1.000 1.540e-02       5035          0          0          0          0      9.334      9.334 0.521 -0.110 -0.871 -1.340 -1.418 0.549 1.201 0.472 0.264 0.165 0.970 -0.110 -0.110 -0.110 -0.110 -0.110 -0.110 -0.110 -0.110 -0.110 -0.110 -0.110 -0.110 -0.110 -0.110 -0.110 -0.110 -0.110 -0.110 -0.110 -0.110 -0.110 -0.110 -0.871 -0.871 -0.871 -0.871 -0.871 -0.871 -0.871 -0.871 -0.871 -0.871 -0.871 -0.871 -0.871 -0.871 -0.871 -0.871 -0.871 -0.871 -0.871 -0.871 -0.871 -0.871 -1.340 -1.340 -1.340 -1.340 -1.340 -1.340 -1.340 -1.340 -1.340 -1.340 -1.340 -1.340 -1.340 -1.340 -1.340 -1.340 -1.340 -1.340 -1.340 -1.340 -1.340 -1.340 -1.418 -1.418 -1.418 -1.418 -1.418 -1.418 -1.418 -1.418 -1.418 -1.418 -1.418 -1.418 -1.418 -1.418 -1.418 -1.418 -1.418 -1.418 -1.418 -1.418 -1.418 -1.418 0.549 0.549 0.549 0.549 0.549 0.549 0.549 0.549 0.549 0.549 0.549 0.549 0.549 0.549 0.549 0.549 0.549 0.549 0.549 0.549 0.549 0.549 1.201 1.201 1.201 1.201 1.201 1.201 1.201 1.201 1.201 1.201 1.201 1.201 1.201 1.201 1.201 1.201 1.201 1.201 1.201 1.201 1.201 1.201 0.472 0.472 0.472 0.472 0.472 0.472 0.472 0.472 0.472 0.472 0.472 0.472 0.472 0.472 0.472 0.472 0.472 0.472 0.472 0.472 0.472 0.472 0.264 0.264 0.264 0.264 0.264 0.264 0.264 0.264 0.264 0.264 0.264 0.264 0.264 0.264 0.264 0.264 0.264 0.264 0.264 0.264 0.264 0.264 0.165 0.165 0.165 0.165 0.165 0.165 0.165 0.165 0.165 0.165 0.165 0.165 0.165 0.165 0.165 0.165 0.165 0.165 0.165 0.165 0.165 0.165 0.970 0.970 0.970 0.970 0.970 0.970 0.970 0.970 0.970 0.970 0.970 0.970 0.970 0.970 0.970 0.970 0.970 0.970 0.970 0.970 0.970 0.970
0.0152 0.01508 9.00000 2.2307329178 2.5771958935    2.228  1.701  3.7020  2.845    4  0.000  0.352     0.00     0.00     0.00     0.00     0.00 -1 -1.83e-12      0.00 6.850e-01 2.996e-01 1.678e-03 2.244e-03 6.354e-03 -1.000 1.540e-02       5035          0          0          0          0      9.346      9.346 0.518 -0.112 -0.874 -1.343 -1.420 0.546 1.199 0.469 0.262 0.162 0.968 -0.112 -0.112 -0.112 -0.112 -0.112 -0.112 -0.112 -0.112 -0.112 -0.112 -0.112 -0.112 -0.112 -0.112 -0.112 -0.112 -0.112 -0.112 -0.112 -0.112 -0.112 -0.112 -0.874 -0.874 -0.874 -0.874 -0.874 -0.874 -0.874 -0.874 -0.874 -0.874 -0.874 -0.874 -0.874 -0.874 -0.874 -0.874 -0.874 -0.874 -0.874 -0.874 -0.874 -0.874 -1.343 -1.343 -1.343 -1.343 -1.343 -1.343 -1.343 -1.343 -1.343 -1.343 -1.343 -1.343 -1.343 -1.343 -1.343 -1.343 -1.343 -1.343 -1.343 -1.343 -1.343 -1.343 -1.420 -1.420 -1.420 -1.420 -1.420 -1.420 -1.420 -1.420 -1.420 -1.420 -1.420 -1.420 -1.420 -1.420 -1.420 -1.420 -1.420 -1.420 -1.420 -1.420 -1.420 -1.420 0.546 0.546 0.546 0.546 0.546 0.546 0.546 0.546 0.546 0.546 0.546 0.546 0.546 0.546 0.546 0.546 0.546 0.546 0.546 0.546 0.546 0.546 1.199 1.199 1.199 1.199 1.199 1.199 1.199 1.199 1.199 1.199 1.199 1.199 1.199 1.199 1.199 1.199 1.199 1.199 1.199 1.199 1.199 1.199 0.469 0.469 0.469 0.469 0.469 0.469 0.469 0.469 0.469 0.469 0.469 0.469 0.469 0.469 0.469 0.469 0.469 0.469 0.469 0.469 0.469 0.469 0.262 0.262 0.262 0.262 0.262 0.262 0.262 0.262 0.262 0.262 0.262 0.262 0.262 0.262 0.262 0.262 0.262 0.262 0.262 0.262 0.262 0.262 0.162 0.162 0.162 0.162 0.162 0.162 0.162 0.162 0.162 0.162 0.162 0.162 0.162 0.162 0.162 0.162 0.162 0.162 0.162 0.162 0.162 0.162 0.968 0.968 0.968 0.968 0.968 0.968 0.968 0.968 0.968 0.968 0.968 0.968 0.968 0.968 0.968 0.968 0.968 0.968 0.968 0.968 0.968 0.968
0.0152 0.01508 9.00000 2.2313046455 2.5772147935    2.228  1.702  3.7020  2.844    4  0.000  0.352     0.00     0.00     0.00     0.00     0.00 -1 -1.83e-12      0.00 6.850e-01 2.996e-01 1.678e-03 2.244e-03 6.354e-03 -1.000 1.540e-02       5034          0          0          0          0      9.357      9.357 0.516 -0.114 -0.876 -1.345 -1.423 0.544 1.197 0.467 0.260 0.160 0.966 -0.114 -0.114 -0.114 -0.114 -0.114 -0.114 -0.114 -0.114 -0.114 -0.114 -0.114 -0.114 -0.114 -0.114 -0.114 -0.114 -0.114 -0.114 -0.114 -0.114 -0.114 -0.114 -0.876 -0.876 -0.876 -0.876 -0.876 -0.876 -0.876 -0.876 -0.876 -0.876 -0.876 -0.876 -0.876 -0.876 -0.876 -0.876 -0.876 -0.876 -0.876 -0.876 -0.876 -0.876 -1.345 -1.345 -1.345 -1.345 -1.345 -1.345 -1.345 -1.345 -1.345 -1.345 -1.345 -1.345 -1.345 -1.345 -1.345 -1.345 -1.345 -1.345 -1.345 -1.345 -1.345 -1.345 -1.423 -1.423 -1.423 -1.423 -1.423 -1.423 -1.423 -1.423 -1.423 -1.423 -1.423 -1.423 -1.423 -1.423 -1.423 -1.423 -1.423 -1.423 -1.423 -1.423 -1.423 -1.423 0.544 0.544 0.544 0.544 0.544 0.544 0.544 0.544 0.544 0.544 0.544 0.544 0.544 0.544 0.544 0.544 0.544 0.544 0.544 0.544 0.544 0.544 1.197 1.197 1.197 1.197 1.197 1.197 1.197 1.197 1.197 1.197 1.197 1.197 1.197 1.197 1.197 1.197 1.197 1.197 1.197 1.197 1.197 1.197 0.467 0.467 0.467 0.467 0.467 0.467 0.467 0.467 0.467 0.467 0.467 0.467 0.467 0.467 0.467 0.467 0.467 0.467 0.467 0.467 0.467 0.467 0.260 0.260 0.260 0.260 0.260 0.260 0.260 0.260 0.260 0.260 0.260 0.260 0.260 0.260 0.260 0.260 0.260 0.260 0.260 0.260 0.260 0.260 0.160 0.160 0.160 0.160 0.160 0.160 0.160 0.160 0.160 0.160 0.160 0.160 0.160 0.160 0.160 0.160 0.160 0.160 0.160 0.160 0.160 0.160 0.966 0.966 0.966 0.966 0.966 0.966 0.966 0.966 0.966 0.966 0.966 0.966 0.966 0.966 0.966 0.966 0.966 0.966 0.966 0.966 0.966 0.966
0.0152 0.01508 9.00000 2.2318680286 2.5772334067    2.229  1.703  3.7020  2.843    4  0.000  0.352     0.00     0.00     0.00     0.00     0.00 -1 -1.84e-12      0.00 6.850e-01 2.996e-01 1.678e-03 2.245e-03 6.353e-03 -1.000 1.540e-02       5034          0          0          0          0      9.369      9.369 0.514 -0.117 -0.879 -1.348 -1.426 0.541 1.194 0.465 0.257 0.157 0.963 -0.117 -0.117 -0.117 -0.117 -0.117 -0.117 -0.117 -0.117 -0.117 -0.117 -0.117 -0.117 -0.117 -0.117 -0.117 -0.117 -0.117 -0.117 -0.117 -0.117 -0.117 -0.117 -0.879 -0.879 -0.879 -0.879 -0.879 -0.879 -0.879 -0.879 -0.879 -0.879 -0.879 -0.879 -0.879 -0.879 -0.879 -0.879 -0.879 -0.879 -0.879 -0.879 -0.879 -0.879 -1.348 -1.348 -1.348 -1.348 -1.348 -1.348 -1.348 -1.348 -1.348 -1.348 -1.348 -1.348 -1.348 -1.348 -1.348 -1.348 -1.348 -1.348 -1.348 -1.348 -1.348 -1.348 -1.426 -1.426 -1.426 -1.426 -1.426 -1.426 -1.426 -1.426 -1.426 -1.426 -1.426 -1.426 -1.426 -1.426 -1.426 -1.426 -1.426 -1.426 -1.426 -1.426 -1.426 -1.426 0.541 0.541 0.541 0.541 0.541 0.541 0.541 0.541 0.541 0.541 0.541 0.541 0.541 0.541 0.541 0.541 0.541 0.541 0.541 0.541 0.541 0.541 1.194 1.194 1.194 1.194 1.194 1.194 1.194 1.194 1.194 1.194 1.194 1.194 1.194 1.194 1.194 1.194 1.194 1.194 1.194 1.194 1.194 1.194 0.465 0.465 0.465 0.465 0.465 0.465 0.465 0.465 0.465 0.465 0.465 0.465 0.465 0.465 0.465 0.465 0.465 0.465 0.465 0.465 0.465 0.465 0.257 0.257 0.257 0.257 0.257 0.257 0.257 0.257 0.257 0.257 0.257 0.257 0.257 0.257 0.257 0.257 0.257 0.257 0.257 0.257 0.257 0.257 0.157 0.157 0.157 0.157 0.157 0.157 0.157 0.157 0.157 0.157 0.157 0.157 0.157 0.157 0.157 0.157 0.157 0.157 0.157 0.157 0.157 0.157 0.963 0.963 0.963 0.963 0.963 0.963 0.963 0.963 0.963 0.963 0.963 0.963 0.963 0.963 0.963 0.963 0.963 0.963 0.963 0.963 0.963 0.963
0.0152 0.01508 9.00000 2.2324230671 2.5772517337    2.229  1.704  3.7020  2.842    4  0.000  0.352     0.00     0.00     0.00     0.00     0.00 -1 -1.85e-12      0.00 6.850e-01 2.996e-01 1.678e-03 2.245e-03 6.353e-03 -1.000 1.540e-02       5034          0          0          0          0      9.381      9.381 0.511 -0.119 -0.881 -1.351 -1.428 0.539 1.192 0.462 0.255 0.155 0.961 -0.119 -0.119 -0.119 -0.119 -0.119 -0.119 -0.119 -0.119 -0.119 -0.119 -0.119 -0.119 -0.119 -0.119 -0.119 -0.119 -0.119 -0.119 -0.119 -0.119 -0.119 -0.119 -0.881 -0.881 -0.881 -0.881 -0.881 -0.881 -0.881 -0.881 -0.881 -0.881 -0.881 -0.881 -0.881 -0.881 -0.881 -0.881 -0.881 -0.881 -0.881 -0.881 -0.881 -0.881 -1.351 -1.351 -1.351 -1.351 -1.351 -1.351 -1.351 -1.351 -1.351 -1.351 -1.351 -1.351 -1.351 -1.351 -1.351 -1.351 -1.351 -1.351 -1.351 -1.351 -1.351 -1.351 -1.428 -1.428 -1.428 -1.428 -1.428 -1.428 -1.428 -1.428 -1.428 -1.428 -1.428 -1.428 -1.428 -1.428 -1.428 -1.428 -1.428 -1.428 -1.428 -1.428 -1.428 -1.428 0.539 0.539 0.539 0.539 0.539 0.539 0.539 0.539 0.539 0.539 0.539 0.539 0.539 0.539 0.539 0.539 0.539 0.539 0.539 0.539 0.539 0.539 1.192 1.192 1.192 1.192 1.192 1.192 1.192 1.192 1.192 1.192 1.192 1.192 1.192 1.192 1.192 1.192 1.192 1.192 1.192 1.192 1.192 1.192 0.462 0.462 0.462 0.462 0.462 0.462 0.462 0.462 0.462 0.462 0.462 0.462 0.462 0.462 0.462 0.462 0.462 0.462 0.462 0.462 0.462 0.462 0.255 0.255 0.255 0.255 0.255 0.255 0.255 0.255 0.255 0.255 0.255 0.255 0.255 0.255 0.255 0.255 0.255 0.255 0.255 0.255 0.255 0.255 0.155 0.155 0.155 0.155 0.155 0.155 0.155 0.155 0.155 0.155 0.155 0.155 0.155 0.155 0.155 0.155 0.155 0.155 0.155 0.155 0.155 0.155 0.961 0.961 0.961 0.961 0.961 0.961 0.961 0.961 0.961 0.961 0.961 0.961 0.961 0.961 0.961 0.961 0.961 0.961 0.961 0.961 0.961 0.961
0.0152 0.01508 9.00000 2.2329697609 2.5772697749    2.230  1.705  3.7019  2.841    4  0.000  0.352     0.00     0.00     0.00     0.00     0.00 -1 -1.86e-12      0.00 6.850e-01 2.996e-01 1.678e-03 2.245e-03 6.353e-03 -1.000 1.540e-02       5033          0          0          0          0      9.393      9.393 0.509 -0.122 -0.884 -1.353 -1.431 0.537 1.190 0.460 0.252 0.152 0.959 -0.122 -0.122 -0.122 -0.122 -0.122 -0.122 -0.122 -0.122 -0.122 -0.122 -0.122 -0.122 -0.122 -0.122 -0.122 -0.122 -0.122 -0.122 -0.122 -0.122 -0.122 -0.122 -0.884 -0.884 -0.884 -0.884 -0.884 -0.884 -0.884 -0.884 -0.884 -0.884 -0.884 -0.884 -0.884 -0.884 -0.884 -0.884 -0.884 -0.884 -0.884 -0.884 -0.884 -0.884 -1.353 -1.353 -1.353 -1.353 -1.353 -1.353 -1.353 -1.353 -1.353 -1.353 -1.353 -1.353 -1.353 -1.353 -1.353 -1.353 -1.353 -1.353 -1.353 -1.353 -1.353 -1.353 -1.431 -1.431 -1.431 -1.431 -1.431 -1.431 -1.431 -1.431 -1.431 -1.431 -1.431 -1.431 -1.431 -1.431 -1.431 -1.431 -1.431 -1.431 -1.431 -1.431 -1.431 -1.431 0.537 0.537 0.537 0.537 0.537 0.537 0.537 0.537 0.537 0.537 0.537 0.537 0.537 0.537 0.537 0.537 0.537 0.537 0.537 0.537 0.537 0.537 1.190 1.190 1.190 1.190 1.190 1.190 1.190 1.190 1.190 1.190 1.190 1.190 1.190 1.190 1.190 1.190 1.190 1.190 1.190 1.190 1.190 1.190 0.460 0.460 0.460 0.460 0.460 0.460 0.460 0.460 0.460 0.460 0.460 0.460 0.460 0.460 0.460 0.460 0.460 0.460 0.460 0.460 0.460 0.460 0.252 0.252 0.252 0.252 0.252 0.252 0.252 0.252 0.252 0.252 0.252 0.252 0.252 0.252 0.252 0.252 0.252 0.252 0.252 0.252 0.252 0.252 0.152 0.152 0.152 0.152 0.152 0.152 0.152 0.152 0.152 0.152 0.152 0.152 0.152 0.152 0.152 0.152 0.152 0.152 0.152 0.152 0.152 0.152 0.959 0.959 0.959 0.959 0.959 0.959 0.959 0.959 0.959 0.959 0.959 0.959 0.959 0.959 0.959 0.959 0.959 0.959 0.959 0.959 0.959 0.959
0.0152 0.01508 9.00000 2.2335085869 2.5772875465    2.230  1.706  3.7019  2.840    4  0.000  0.352     0.00     0.00     0.00     0.00     0.00 -1 -1.87e-12      0.00 6.850e-01 2.996e-01 1.678e-03 2.246e-03 6.353e-03 -1.000 1.540e-02       5033          0          0          0          0      9.405      9.405 0.506 -0.124 -0.886 -1.356 -1.434 0.534 1.188 0.458 0.250 0.150 0.957 -0.124 -0.124 -0.124 -0.124 -0.124 -0.124 -0.124 -0.124 -0.124 -0.124 -0.124 -0.124 -0.124 -0.124 -0.124 -0.124 -0.124 -0.124 -0.124 -0.124 -0.124 -0.124 -0.886 -0.886 -0.886 -0.886 -0.886 -0.886 -0.886 -0.886 -0.886 -0.886 -0.886 -0.886 -0.886 -0.886 -0.886 -0.886 -0.886 -0.886 -0.886 -0.886 -0.886 -0.886 -1.356 -1.356 -1.356 -1.356 -1.356 -1.356 -1.356 -1.356 -1.356 -1.356 -1.356 -1.356 -1.356 -1.356 -1.356 -1.356 -1.356 -1.356 -1.356 -1.356 -1.356 -1.356 -1.434 -1.434 -1.434 -1.434 -1.434 -1.434 -1.434 -1.434 -1.434 -1.434 -1.434 -1.434 -1.434 -1.434 -1.434 -1.434 -1.434 -1.434 -1.434 -1.434 -1.434 -1.434 0.534 0.534 0.534 0.534 0.534 0.534 0.534 0.534 0.534 0.534 0.534 0.534 0.534 0.534 0.534 0.534 0.534 0.534 0.534 0.534 0.534 0.534 1.188 1.188 1.188 1.188 1.188 1.188 1.188 1.188 1.188 1.188 1.188 1.188 1.188 1.188 1.188 1.188 1.188 1.188 1.188 1.188 1.188 1.188 0.458 0.458 0.458 0.458 0.458 0.458 0.458 0.458 0.458 0.458 0.458 0.458 0.458 0.458 0.458 0.458 0.458 0.458 0.458 0.458 0.458 0.458 0.250 0.250 0.250 0.250 0.250 0.250 0.250 0.250 0.250 0.250 0.250 0.250 0.250 0.250 0.250 0.250 0.250 0.250 0.250 0.250 0.250 0.250 0.150 0.150 0.150 0.150 0.150 0.150 0.150 0.150 0.150 0.150 0.150 0.150 0.150 0.150 0.150 0.150 0.150 0.150 0.150 0.150 0.150 0.150 0.957 0.957 0.957 0.957 0.957 0.957 0.957 0.957 0.957 0.957 0.957 0.957 0.957 0.957 0.957 0.957 0.957 0.957 0.957 0.957 0.957 0.957
0.0152 0.01508 9.00000 2.2340395451 2.5773050490    2.231  1.706  3.7019  2.839    4  0.000  0.352     0.00     0.00     0.00     0.00     0.00 -1 -1.88e-12      0.00 6.850e-01 2.996e-01 1.678e-03 2.246e-03 6.352e-03 -1.000 1.540e-02       5033          0          0          0          0      9.417      9.417 0.504 -0.127 -0.889 -1.359 -1.436 0.532 1.185 0.455 0.247 0.147 0.954 -0.127 -0.127 -0.127 -0.127 -0.127 -0.127 -0.127 -0.127 -0.127 -0.127 -0.127 -0.127 -0.127 -0.127 -0.127 -0.127 -0.127 -0.127 -0.127 -0.127 -0.127 -0.127 -0.889 -0.889 -0.889 -0.889 -0.889 -0.889 -0.889 -0.889 -0.889 -0.889 -0.889 -0.889 -0.889 -0.889 -0.889 -0.889 -0.889 -0.889 -0.889 -0.889 -0.889 -0.889 -1.359 -1.359 -1.359 -1.359 -1.359 -1.359 -1.359 -1.359 -1.359 -1.359 -1.359 -1.359 -1.359 -1.359 -1.359 -1.359 -1.359 -1.359 -1.359 -1.359 -1.359 -1.359 -1.436 -1.436 -1.436 -1.436 -1.436 -1.436 -1.436 -1.436 -1.436 -1.436 -1.436 -1.436 -1.436 -1.436 -1.436 -1.436 -1.436 -1.436 -1.436 -1.436 -1.436 -1.436 0.532 0.532 0.532 0.532 0.532 0.532 0.532 0.532 0.532 0.532 0.532 0.532 0.532 0.532 0.532 0.532 0.532 0.532 0.532 0.532 0.532 0.532 1.185 1.185 1.185 1.185 1.185 1.185 1.185 1.185 1.185 1.185 1.185 1.185 1.185 1.185 1.185 1.185 1.185 1.185 1.185 1.185 1.185 1.185 0.455 0.455 0.455 0.455 0.455 0.455 0.455 0.455 0.455 0.455 0.455 0.455 0.455 0.455 0.455 0.455 0.455 0.455 0.455 0.455 0.455 0.455 0.247 0.247 0.247 0.247 0.247 0.247 0.247 0.247 0.247 0.247 0.247 0.247 0.247 0.247 0.247 0.247 0.247 0.247 0.247 0.247 0.247 0.247 0.147 0.147 0.147 0.147 0.147 0.147 0.147 0.147 0.147 0.147 0.147 0.147 0.147 0.147 0.147 0.147 0.147 0.147 0.147 0.147 0.147 0.147 0.954 0.954 0.954 0.954 0.954 0.954 0.954 0.954 0.954 0.954 0.954 0.954 0.954 0.954 0.954 0.954 0.954 0.954 0.954 0.954 0.954 0.954
0.0152 0.01508 9.00000 2.2345623970 2.5773222750    2.231  1.707  3.7018  2.838    4  0.000  0.352     0.00     0.00     0.00     0.00     0.00 -1 -1.89e-12      0.00 6.850e-01 2.996e-01 1.678e-03 2.246e-03 6.352e-03 -1.000 1.540e-02       5032          0          0          0          0       9.43       9.43 0.501 -0.129 -0.892 -1.361 -1.439 0.530 1.183 0.453 0.245 0.145 0.952 -0.129 -0.129 -0.129 -0.129 -0.129 -0.129 -0.129 -0.129 -0.129 -0.129 -0.129 -0.129 -0.129 -0.129 -0.129 -0.129 -0.129 -0.129 -0.129 -0.129 -0.129 -0.129 -0.892 -0.892 -0.892 -0.892 -0.892 -0.892 -0.892 -0.892 -0.892 -0.892 -0.892 -0.892 -0.892 -0.892 -0.892 -0.892 -0.892 -0.892 -0.892 -0.892 -0.892 -0.892 -1.361 -1.361 -1.361 -1.361 -1.361 -1.361 -1.361 -1.361 -1.361 -1.361 -1.361 -1.361 -1.361 -1.361 -1.361 -1.361 -1.361 -1.361 -1.361 -1.361 -1.361 -1.361 -1.439 -1.439 -1.439 -1.439 -1.439 -1.439 -1.439 -1.439 -1.439 -1.439 -1.439 -1.439 -1.439 -1.439 -1.439 -1.439 -1.439 -1.439 -1.439 -1.439 -1.439 -1.439 0.530 0.530 0.530 0.530 0.530 0.530 0.530 0.530 0.530 0.530 0.530 0.530 0.530 0.530 0.530 0.530 0.530 0.530 0.530 0.530 0.530 0.530 1.183 1.183 1.183 1.183 1.183 1.183 1.183 1.183 1.183 1.183 1.183 1.183 1.183 1.183 1.183 1.183 1.183 1.183 1.183 1.183 1.183 1.183 0.453 0.453 0.453 0.453 0.453 0.453 0.453 0.453 0.453 0.453 0.453 0.453 0.453 0.453 0.453 0.453 0.453 0.453 0.453 0.453 0.453 0.453 0.245 0.245 0.245 0.245 0.245 0.245 0.245 0.245 0.245 0.245 0.245 0.245 0.245 0.245 0.245 0.245 0.245 0.245 0.245 0.245 0.245 0.245 0.145 0.145 0.145 0.145 0.145 0.145 0.145 0.145 0.145 0.145 0.145 0.145 0.145 0.145 0.145 0.145 0.145 0.145 0.145 0.145 0.145 0.145 0.952 0.952 0.952 0.952 0.952 0.952 0.952 0.952 0.952 0.952 0.952 0.952 0.952 0.952 0.952 0.952 0.952 0.952 0.952 0.952 0.952 0.952
0.0152 0.01508 9.00000 2.2348208427 2.5773307863    2.232  1.708  3.7018  2.838    4  0.000  0.352     0.00     0.00     0.00     0.00     0.00 -1 -1.89e-12      0.00 6.850e-01 2.996e-01 1.678e-03 2.246e-03 6.352e-03 -1.000 1.540e-02       5032          0          0          0          0      9.436      9.436 0.500 -0.130 -0.893 -1.363 -1.440 0.528 1.182 0.452 0.244 0.144 0.951 -0.130 -0.130 -0.130 -0.130 -0.130 -0.130 -0.130 -0.130 -0.130 -0.130 -0.130 -0.130 -0.130 -0.130 -0.130 -0.130 -0.130 -0.130 -0.130 -0.130 -0.130 -0.130 -0.893 -0.893 -0.893 -0.893 -0.893 -0.893 -0.893 -0.893 -0.893 -0.893 -0.893 -0.893 -0.893 -0.893 -0.893 -0.893 -0.893 -0.893 -0.893 -0.893 -0.893 -0.893 -1.363 -1.363 -1.363 -1.363 -1.363 -1.363 -1.363 -1.363 -1.363 -1.363 -1.363 -1.363 -1.363 -1.363 -1.363 -1.363 -1.363 -1.363 -1.363 -1.363 -1.363 -1.363 -1.440 -1.440 -1.440 -1.440 -1.440 -1.440 -1.440 -1.440 -1.440 -1.440 -1.440 -1.440 -1.440 -1.440 -1.440 -1.440 -1.440 -1.440 -1.440 -1.440 -1.440 -1.440 0.528 0.528 0.528 0.528 0.528 0.528 0.528 0.528 0.528 0.528 0.528 0.528 0.528 0.528 0.528 0.528 0.528 0.528 0.528 0.528 0.528 0.528 1.182 1.182 1.182 1.182 1.182 1.182 1.182 1.182 1.182 1.182 1.182 1.182 1.182 1.182 1.182 1.182 1.182 1.182 1.182 1.182 1.182 1.182 0.452 0.452 0.452 0.452 0.452 0.452 0.452 0.452 0.452 0.452 0.452 0.452 0.452 0.452 0.452 0.452 0.452 0.452 0.452 0.452 0.452 0.452 0.244 0.244 0.244 0.244 0.244 0.244 0.244 0.244 0.244 0.244 0.244 0.244 0.244 0.244 0.244 0.244 0.244 0.244 0.244 0.244 0.244 0.244 0.144 0.144 0.144 0.144 0.144 0.144 0.144 0.144 0.144 0.144 0.144 0.144 0.144 0.144 0.144 0.144 0.144 0.144 0.144 0.144 0.144 0.144 0.951 0.951 0.951 0.951 0.951 0.951 0.951 0.951 0.951 0.951 0.951 0.951 0.951 0.951 0.951 0.951 0.951 0.951 0.951 0.951 0.951 0.951
0.0152 0.01508 9.00000 2.2353322506 2.5773476218    2.232  1.709  3.7017  2.837    4  0.000  0.352     0.00     0.00     0.00     0.00     0.00 -1  -1.9e-12      0.00 6.850e-01 2.996e-01 1.677e-03 2.247e-03 6.352e-03 -1.000 1.540e-02       5031          0          0          0          0      9.448      9.448 0.498 -0.133 -0.895 -1.365 -1.443 0.526 1.180 0.449 0.241 0.141 0.949 -0.133 -0.133 -0.133 -0.133 -0.133 -0.133 -0.133 -0.133 -0.133 -0.133 -0.133 -0.133 -0.133 -0.133 -0.133 -0.133 -0.133 -0.133 -0.133 -0.133 -0.133 -0.133 -0.895 -0.895 -0.895 -0.895 -0.895 -0.895 -0.895 -0.895 -0.895 -0.895 -0.895 -0.895 -0.895 -0.895 -0.895 -0.895 -0.895 -0.895 -0.895 -0.895 -0.895 -0.895 -1.365 -1.365 -1.365 -1.365 -1.365 -1.365 -1.365 -1.365 -1.365 -1.365 -1.365 -1.365 -1.365 -1.365 -1.365 -1.365 -1.365 -1.365 -1.365 -1.365 -1.365 -1.365 -1.443 -1.443 -1.443 -1.443 -1.443 -1.443 -1.443 -1.443 -1.443 -1.443 -1.443 -1.443 -1.443 -1.443 -1.443 -1.443 -1.443 -1.443 -1.443 -1.443 -1.443 -1.443 0.526 0.526 0.526 0.526 0.526 0.526 0.526 0.526 0.526 0.526 0.526 0.526 0.526 0.526 0.526 0.526 0.526 0.526 0.526 0.526 0.526 0.526 1.180 1.180 1.180 1.180 1.180 1.180 1.180 1.180 1.180 1.180 1.180 1.180 1.180 1.180 1.180 1.180 1.180 1.180 1.180 1.180 1.180 1.180 0.449 0.449 0.449 0.449 0.449 0.449 0.449 0.449 0.449 0.449 0.449 0.449 0.449 0.449 0.449 0.449 0.449 0.449 0.449 0.449 0.449 0.449 0.241 0.241 0.241 0.241 0.241 0.241 0.241 0.241 0.241 0.241 0.241 0.241 0.241 0.241 0.241 0.241 0.241 0.241 0.241 0.241 0.241 0.241 0.141 0.141 0.141 0.141 0.141 0.141 0.141 0.141 0.141 0.141 0.141 0.141 0.141 0.141 0.141 0.141 0.141 0.141 0.141 0.141 0.141 0.141 0.949 0.949 0.949 0.949 0.949 0.949 0.949 0.949 0.949 0.949 0.949 0.949 0.949 0.949 0.949 0.949 0.949 0.949 0.949 0.949 0.949 0.949
0.0152 0.01508 9.00000 2.2355849743 2.5773559381    2.232  1.709  3.7017  2.836    4  0.000  0.352     0.00     0.00     0.00     0.00     0.00 -1  -1.9e-12      0.00 6.850e-01 2.996e-01 1.677e-03 2.247e-03 6.352e-03 -1.000 1.540e-02       5031          0          0          0          0      9.455      9.455 0.496 -0.134 -0.897 -1.367 -1.445 0.525 1.179 0.448 0.240 0.140 0.948 -0.134 -0.134 -0.134 -0.134 -0.134 -0.134 -0.134 -0.134 -0.134 -0.134 -0.134 -0.134 -0.134 -0.134 -0.134 -0.134 -0.134 -0.134 -0.134 -0.134 -0.134 -0.134 -0.897 -0.897 -0.897 -0.897 -0.897 -0.897 -0.897 -0.897 -0.897 -0.897 -0.897 -0.897 -0.897 -0.897 -0.897 -0.897 -0.897 -0.897 -0.897 -0.897 -0.897 -0.897 -1.367 -1.367 -1.367 -1.367 -1.367 -1.367 -1.367 -1.367 -1.367 -1.367 -1.367 -1.367 -1.367 -1.367 -1.367 -1.367 -1.367 -1.367 -1.367 -1.367 -1.367 -1.367 -1.445 -1.445 -1.445 -1.445 -1.445 -1.445 -1.445 -1.445 -1.445 -1.445 -1.445 -1.445 -1.445 -1.445 -1.445 -1.445 -1.445 -1.445 -1.445 -1.445 -1.445 -1.445 0.525 0.525 0.525 0.525 0.525 0.525 0.525 0.525 0.525 0.525 0.525 0.525 0.525 0.525 0.525 0.525 0.525 0.525 0.525 0.525 0.525 0.525 1.179 1.179 1.179 1.179 1.179 1.179 1.179 1.179 1.179 1.179 1.179 1.179 1.179 1.179 1.179 1.179 1.179 1.179 1.179 1.179 1.179 1.179 0.448 0.448 0.448 0.448 0.448 0.448 0.448 0.448 0.448 0.448 0.448 0.448 0.448 0.448 0.448 0.448 0.448 0.448 0.448 0.448 0.448 0.448 0.240 0.240 0.240 0.240 0.240 0.240 0.240 0.240 0.240 0.240 0.240 0.240 0.240 0.240 0.240 0.240 0.240 0.240 0.240 0.240 0.240 0.240 0.140 0.140 0.140 0.140 0.140 0.140 0.140 0.140 0.140 0.140 0.140 0.140 0.140 0.140 0.140 0.140 0.140 0.140 0.140 0.140 0.140 0.140 0.948 0.948 0.948 0.948 0.948 0.948 0.948 0.948 0.948 0.948 0.948 0.948 0.948 0.948 0.948 0.948 0.948 0.948 0.948 0.948 0.948 0.948
0.0152 0.01508 9.00000 2.2360849380 2.5773723840    2.233  1.710  3.7017  2.835    4  0.000  0.352     0.00     0.00     0.00     0.00     0.00 -1 -1.91e-12      0.00 6.850e-01 2.996e-01 1.677e-03 2.247e-03 6.351e-03 -1.000 1.540e-02       5030          0          0          0          0      9.468      9.468 0.494 -0.136 -0.899 -1.370 -1.447 0.523 1.177 0.446 0.238 0.137 0.946 -0.136 -0.136 -0.136 -0.136 -0.136 -0.136 -0.136 -0.136 -0.136 -0.136 -0.136 -0.136 -0.136 -0.136 -0.136 -0.136 -0.136 -0.136 -0.136 -0.136 -0.136 -0.136 -0.899 -0.899 -0.899 -0.899 -0.899 -0.899 -0.899 -0.899 -0.899 -0.899 -0.899 -0.899 -0.899 -0.899 -0.899 -0.899 -0.899 -0.899 -0.899 -0.899 -0.899 -0.899 -1.370 -1.370 -1.370 -1.370 -1.370 -1.370 -1.370 -1.370 -1.370 -1.370 -1.370 -1.370 -1.370 -1.370 -1.370 -1.370 -1.370 -1.370 -1.370 -1.370 -1.370 -1.370 -1.447 -1.447 -1.447 -1.447 -1.447 -1.447 -1.447 -1.447 -1.447 -1.447 -1.447 -1.447 -1.447 -1.447 -1.447 -1.447 -1.447 -1.447 -1.447 -1.447 -1.447 -1.447 0.523 0.523 0.523 0.523 0.523 0.523 0.523 0.523 0.523 0.523 0.523 0.523 0.523 0.523 0.523 0.523 0.523 0.523 0.523 0.523 0.523 0.523 1.177 1.177 1.177 1.177 1.177 1.177 1.177 1.177 1.177 1.177 1.177 1.177 1.177 1.177 1.177 1.177 1.177 1.177 1.177 1.177 1.177 1.177 0.446 0.446 0.446 0.446 0.446 0.446 0.446 0.446 0.446 0.446 0.446 0.446 0.446 0.446 0.446 0.446 0.446 0.446 0.446 0.446 0.446 0.446 0.238 0.238 0.238 0.238 0.238 0.238 0.238 0.238 0.238 0.238 0.238 0.238 0.238 0.238 0.238 0.238 0.238 0.238 0.238 0.238 0.238 0.238 0.137 0.137 0.137 0.137 0.137 0.137 0.137 0.137 0.137 0.137 0.137 0.137 0.137 0.137 0.137 0.137 0.137 0.137 0.137 0.137 0.137 0.137 0.946 0.946 0.946 0.946 0.946 0.946 0.946 0.946 0.946 0.946 0.946 0.946 0.946 0.946 0.946 0.946 0.946 0.946 0.946 0.946 0.946 0.946
0.0152 0.01508 9.00000 2.2363319397 2.5773805057    2.233  1.711  3.7016  2.835    4  0.000  0.352     0.00     0.00     0.00     0.00     0.00 -1 -1.92e-12      0.00 6.850e-01 2.996e-01 1.677e-03 2.247e-03 6.351e-03 -1.000 1.540e-02       5030          0          0          0          0      9.474      9.474 0.493 -0.138 -0.901 -1.371 -1.449 0.521 1.176 0.445 0.236 0.136 0.944 -0.138 -0.138 -0.138 -0.138 -0.138 -0.138 -0.138 -0.138 -0.138 -0.138 -0.138 -0.138 -0.138 -0.138 -0.138 -0.138 -0.138 -0.138 -0.138 -0.138 -0.138 -0.138 -0.901 -0.901 -0.901 -0.901 -0.901 -0.901 -0.901 -0.901 -0.901 -0.901 -0.901 -0.901 -0.901 -0.901 -0.901 -0.901 -0.901 -0.901 -0.901 -0.901 -0.901 -0.901 -1.371 -1.371 -1.371 -1.371 -1.371 -1.371 -1.371 -1.371 -1.371 -1.371 -1.371 -1.371 -1.371 -1.371 -1.371 -1.371 -1.371 -1.371 -1.371 -1.371 -1.371 -1.371 -1.449 -1.449 -1.449 -1.449 -1.449 -1.449 -1.449 -1.449 -1.449 -1.449 -1.449 -1.449 -1.449 -1.449 -1.449 -1.449 -1.449 -1.449 -1.449 -1.449 -1.449 -1.449 0.521 0.521 0.521 0.521 0.521 0.521 0.521 0.521 0.521 0.521 0.521 0.521 0.521 0.521 0.521 0.521 0.521 0.521 0.521 0.521 0.521 0.521 1.176 1.176 1.176 1.176 1.176 1.176 1.176 1.176 1.176 1.176 1.176 1.176 1.176 1.176 1.176 1.176 1.176 1.176 1.176 1.176 1.176 1.176 0.445 0.445 0.445 0.445 0.445 0.445 0.445 0.445 0.445 0.445 0.445 0.445 0.445 0.445 0.445 0.445 0.445 0.445 0.445 0.445 0.445 0.445 0.236 0.236 0.236 0.236 0.236 0.236 0.236 0.236 0.236 0.236 0.236 0.236 0.236 0.236 0.236 0.236 0.236 0.236 0.236 0.236 0.236 0.236 0.136 0.136 0.136 0.136 0.136 0.136 0.136 0.136 0.136 0.136 0.136 0.136 0.136 0.136 0.136 0.136 0.136 0.136 0.136 0.136 0.136 0.136 0.944 0.944 0.944 0.944 0.944 0.944 0.944 0.944 0.944 0.944 0.944 0.944 0.944 0.944 0.944 0.944 0.944 0.944 0.944 0.944 0.944 0.944
0.0152 0.01508 9.00000 2.2368209362 2.5773965786    2.234  1.712  3.7016  2.833    4  0.000  0.352     0.00     0.00     0.00     0.00     0.00 -1 -1.93e-12      0.00 6.850e-01 2.996e-01 1.677e-03 2.247e-03 6.351e-03 -1.000 1.540e-02       5030          0          0          0          0      9.487      9.487 0.490 -0.140 -0.903 -1.374 -1.452 0.519 1.174 0.442 0.234 0.134 0.942 -0.140 -0.140 -0.140 -0.140 -0.140 -0.140 -0.140 -0.140 -0.140 -0.140 -0.140 -0.140 -0.140 -0.140 -0.140 -0.140 -0.140 -0.140 -0.140 -0.140 -0.140 -0.140 -0.903 -0.903 -0.903 -0.903 -0.903 -0.903 -0.903 -0.903 -0.903 -0.903 -0.903 -0.903 -0.903 -0.903 -0.903 -0.903 -0.903 -0.903 -0.903 -0.903 -0.903 -0.903 -1.374 -1.374 -1.374 -1.374 -1.374 -1.374 -1.374 -1.374 -1.374 -1.374 -1.374 -1.374 -1.374 -1.374 -1.374 -1.374 -1.374 -1.374 -1.374 -1.374 -1.374 -1.374 -1.452 -1.452 -1.452 -1.452 -1.452 -1.452 -1.452 -1.452 -1.452 -1.452 -1.452 -1.452 -1.452 -1.452 -1.452 -1.452 -1.452 -1.452 -1.452 -1.452 -1.452 -1.452 0.519 0.519 0.519 0.519 0.519 0.519 0.519 0.519 0.519 0.519 0.519 0.519 0.519 0.519 0.519 0.519 0.519 0.519 0.519 0.519 0.519 0.519 1.174 1.174 1.174 1.174 1.174 1.174 1.174 1.174 1.174 1.174 1.174 1.174 1.174 1.174 1.174 1.174 1.174 1.174 1.174 1.174 1.174 1.174 0.442 0.442 0.442 0.442 0.442 0.442 0.442 0.442 0.442 0.442 0.442 0.442 0.442 0.442 0.442 0.442 0.442 0.442 0.442 0.442 0.442 0.442 0.234 0.234 0.234 0.234 0.234 0.234 0.234 0.234 0.234 0.234 0.234 0.234 0.234 0.234 0.234 0.234 0.234 0.234 0.234 0.234 0.234 0.234 0.134 0.134 0.134 0.134 0.134 0.134 0.134 0.134 0.134 0.134 0.134 0.134 0.134 0.134 0.134 0.134 0.134 0.134 0.134 0.134 0.134 0.134 0.942 0.942 0.942 0.942 0.942 0.942 0.942 0.942 0.942 0.942 0.942 0.942 0.942 0.942 0.942 0.942 0.942 0.942 0.942 0.942 0.942 0.942
0.0152 0.01508 9.00000 2.2375404835 2.5774202147    2.234  1.713  3.7015  2.832    4  0.000  0.352     0.00     0.00     0.00     0.00     0.00 -1 -1.94e-12      0.00 6.849e-01 2.997e-01 1.677e-03 2.248e-03 6.351e-03 -1.000 1.540e-02       5029          0          0          0          0      9.506      9.506 0.487 -0.144 -0.907 -1.378 -1.456 0.516 1.171 0.439 0.230 0.130 0.939 -0.144 -0.144 -0.144 -0.144 -0.144 -0.144 -0.144 -0.144 -0.144 -0.144 -0.144 -0.144 -0.144 -0.144 -0.144 -0.144 -0.144 -0.144 -0.144 -0.144 -0.144 -0.144 -0.907 -0.907 -0.907 -0.907 -0.907 -0.907 -0.907 -0.907 -0.907 -0.907 -0.907 -0.907 -0.907 -0.907 -0.907 -0.907 -0.907 -0.907 -0.907 -0.907 -0.907 -0.907 -1.378 -1.378 -1.378 -1.378 -1.378 -1.378 -1.378 -1.378 -1.378 -1.378 -1.378 -1.378 -1.378 -1.378 -1.378 -1.378 -1.378 -1.378 -1.378 -1.378 -1.378 -1.378 -1.456 -1.456 -1.456 -1.456 -1.456 -1.456 -1.456 -1.456 -1.456 -1.456 -1.456 -1.456 -1.456 -1.456 -1.456 -1.456 -1.456 -1.456 -1.456 -1.456 -1.456 -1.456 0.516 0.516 0.516 0.516 0.516 0.516 0.516 0.516 0.516 0.516 0.516 0.516 0.516 0.516 0.516 0.516 0.516 0.516 0.516 0.516 0.516 0.516 1.171 1.171 1.171 1.171 1.171 1.171 1.171 1.171 1.171 1.171 1.171 1.171 1.171 1.171 1.171 1.171 1.171 1.171 1.171 1.171 1.171 1.171 0.439 0.439 0.439 0.439 0.439 0.439 0.439 0.439 0.439 0.439 0.439 0.439 0.439 0.439 0.439 0.439 0.439 0.439 0.439 0.439 0.439 0.439 0.230 0.230 0.230 0.230 0.230 0.230 0.230 0.230 0.230 0.230 0.230 0.230 0.230 0.230 0.230 0.230 0.230 0.230 0.230 0.230 0.230 0.230 0.130 0.130 0.130 0.130 0.130 0.130 0.130 0.130 0.130 0.130 0.130 0.130 0.130 0.130 0.130 0.130 0.130 0.130 0.130 0.130 0.130 0.130 0.939 0.939 0.939 0.939 0.939 0.939 0.939 0.939 0.939 0.939 0.939 0.939 0.939 0.939 0.939 0.939 0.939 0.939 0.939 0.939 0.939 0.939
0.0152 0.01508 9.00000 2.2454800606 2.5776798628    2.242  1.736  3.6995  2.803    4  0.000  0.352     0.00     0.00     0.00     0.00     0.00 -1 -2.15e-12      0.00 6.848e-01 2.998e-01 1.677e-03 2.252e-03 6.347e-03 -1.000 1.540e-02       5006          0          0          0          0       9.85       9.85 0.430 -0.200 -0.971 -1.447 -1.526 0.464 1.128 0.387 0.175 0.072 0.896 -0.200 -0.200 -0.200 -0.200 -0.200 -0.200 -0.200 -0.200 -0.200 -0.200 -0.200 -0.200 -0.200 -0.200 -0.200 -0.200 -0.200 -0.200 -0.200 -0.200 -0.200 -0.200 -0.971 -0.971 -0.971 -0.971 -0.971 -0.971 -0.971 -0.971 -0.971 -0.971 -0.971 -0.971 -0.971 -0.971 -0.971 -0.971 -0.971 -0.971 -0.971 -0.971 -0.971 -0.971 -1.447 -1.447 -1.447 -1.447 -1.447 -1.447 -1.447 -1.447 -1.447 -1.447 -1.447 -1.447 -1.447 -1.447 -1.447 -1.447 -1.447 -1.447 -1.447 -1.447 -1.447 -1.447 -1.526 -1.526 -1.526 -1.526 -1.526 -1.526 -1.526 -1.526 -1.526 -1.526 -1.526 -1.526 -1.526 -1.526 -1.526 -1.526 -1.526 -1.526 -1.526 -1.526 -1.526 -1.526 0.464 0.464 0.464 0.464 0.464 0.464 0.464 0.464 0.464 0.464 0.464 0.464 0.464 0.464 0.464 0.464 0.464 0.464 0.464 0.464 0.464 0.464 1.128 1.128 1.128 1.128 1.128 1.128 1.128 1.128 1.128 1.128 1.128 1.128 1.128 1.128 1.128 1.128 1.128 1.128 1.128 1.128 1.128 1.128 0.387 0.387 0.387 0.387 0.387 0.387 0.387 0.387 0.387 0.387 0.387 0.387 0.387 0.387 0.387 0.387 0.387 0.387 0.387 0.387 0.387 0.387 0.175 0.175 0.175 0.175 0.175 0.175 0.175 0.175 0.175 0.175 0.175 0.175 0.175 0.175 0.175 0.175 0.175 0.175 0.175 0.175 0.175 0.175 0.072 0.072 0.072 0.072 0.072 0.072 0.072 0.072 0.072 0.072 0.072 0.072 0.072 0.072 0.072 0.072 0.072 0.072 0.072 0.072 0.072 0.072 0.896 0.896 0.896 0.896 0.896 0.896 0.896 0.896 0.896 0.896 0.896 0.896 0.896 0.896 0.896 0.896 0.896 0.896 0.896 0.896 0.896 0.896
0.0152 0.01508 9.00000 2.2531449795 2.5779285334    2.250  1.783  3.6946  2.738    4  0.000  0.352     0.00     0.00     0.00     0.00     0.00 -1 -2.67e-12      0.00 6.847e-01 2.999e-01 1.676e-03 2.256e-03 6.343e-03 -1.000 1.540e-02       4949          0          0          0          0      10.64      10.64 0.313 -0.315 -1.105 -1.595 -1.678 0.360 1.048 0.283 0.062 -0.049 0.817 -0.315 -0.315 -0.315 -0.315 -0.315 -0.315 -0.315 -0.315 -0.315 -0.315 -0.315 -0.315 -0.315 -0.315 -0.315 -0.315 -0.315 -0.315 -0.315 -0.315 -0.315 -0.315 -1.105 -1.105 -1.105 -1.105 -1.105 -1.105 -1.105 -1.105 -1.105 -1.105 -1.105 -1.105 -1.105 -1.105 -1.105 -1.105 -1.105 -1.105 -1.105 -1.105 -1.105 -1.105 -1.595 -1.595 -1.595 -1.595 -1.595 -1.595 -1.595 -1.595 -1.595 -1.595 -1.595 -1.595 -1.595 -1.595 -1.595 -1.595 -1.595 -1.595 -1.595 -1.595 -1.595 -1.595 -1.678 -1.678 -1.678 -1.678 -1.678 -1.678 -1.678 -1.678 -1.678 -1.678 -1.678 -1.678 -1.678 -1.678 -1.678 -1.678 -1.678 -1.678 -1.678 -1.678 -1.678 -1.678 0.360 0.360 0.360 0.360 0.360 0.360 0.360 0.360 0.360 0.360 0.360 0.360 0.360 0.360 0.360 0.360 0.360 0.360 0.360 0.360 0.360 0.360 1.048 1.048 1.048 1.048 1.048 1.048 1.048 1.048 1.048 1.048 1.048 1.048 1.048 1.048 1.048 1.048 1.048 1.048 1.048 1.048 1.048 1.048 0.283 0.283 0.283 0.283 0.283 0.283 0.283 0.283 0.283 0.283 0.283 0.283 0.283 0.283 0.283 0.283 0.283 0.283 0.283 0.283 0.283 0.283 0.062 0.062 0.062 0.062 0.062 0.062 0.062 0.062 0.062 0.062 0.062 0.062 0.062 0.062 0.062 0.062 0.062 0.062 0.062 0.062 0.062 0.062 -0.049 -0.049 -0.049 -0.049 -0.049 -0.049 -0.049 -0.049 -0.049 -0.049 -0.049 -0.049 -0.049 -0.049 -0.049 -0.049 -0.049 -0.049 -0.049 -0.049 -0.049 -0.049 0.817 0.817 0.817 0.817 0.817 0.817 0.817 0.817 0.817 0.817 0.817 0.817 0.817 0.817 0.817 0.817 0.817 0.817 0.817 0.817 0.817 0.817
0.0152 0.01508 9.00000 2.2556376457 2.5780089835    2.252  1.829  3.6901  2.674    4  0.000  0.352     0.00     0.00     0.00     0.00     0.00 -1 -3.31e-12      0.00 6.847e-01 2.999e-01 1.676e-03 2.258e-03 6.342e-03 -1.000 1.540e-02       4898          0          0          0          0      11.44      11.44 0.198 -0.427 -1.235 -1.738 -1.823 0.258 0.967 0.181 -0.048 -0.167 0.735 -0.427 -0.427 -0.427 -0.427 -0.427 -0.427 -0.427 -0.427 -0.427 -0.427 -0.427 -0.427 -0.427 -0.427 -0.427 -0.427 -0.427 -0.427 -0.427 -0.427 -0.427 -0.427 -1.235 -1.235 -1.235 -1.235 -1.235 -1.235 -1.235 -1.235 -1.235 -1.235 -1.235 -1.235 -1.235 -1.235 -1.235 -1.235 -1.235 -1.235 -1.235 -1.235 -1.235 -1.235 -1.738 -1.738 -1.738 -1.738 -1.738 -1.738 -1.738 -1.738 -1.738 -1.738 -1.738 -1.738 -1.738 -1.738 -1.738 -1.738 -1.738 -1.738 -1.738 -1.738 -1.738 -1.738 -1.823 -1.823 -1.823 -1.823 -1.823 -1.823 -1.823 -1.823 -1.823 -1.823 -1.823 -1.823 -1.823 -1.823 -1.823 -1.823 -1.823 -1.823 -1.823 -1.823 -1.823 -1.823 0.258 0.258 0.258 0.258 0.258 0.258 0.258 0.258 0.258 0.258 0.258 0.258 0.258 0.258 0.258 0.258 0.258 0.258 0.258 0.258 0.258 0.258 0.967 0.967 0.967 0.967 0.967 0.967 0.967 0.967 0.967 0.967 0.967 0.967 0.967 0.967 0.967 0.967 0.967 0.967 0.967 0.967 0.967 0.967 0.181 0.181 0.181 0.181 0.181 0.181 0.181 0.181 0.181 0.181 0.181 0.181 0.181 0.181 0.181 0.181 0.181 0.181 0.181 0.181 0.181 0.181 -0.048 -0.048 -0.048 -0.048 -0.048 -0.048 -0.048 -0.048 -0.048 -0.048 -0.048 -0.048 -0.048 -0.048 -0.048 -0.048 -0.048 -0.048 -0.048 -0.048 -0.048 -0.048 -0.167 -0.167 -0.167 -0.167 -0.167 -0.167 -0.167 -0.167 -0.167 -0.167 -0.167 -0.167 -0.167 -0.167 -0.167 -0.167 -0.167 -0.167 -0.167 -0.167 -0.167 -0.167 0.735 0.735 0.735 0.735 0.735 0.735 0.735 0.735 0.735 0.735 0.735 0.735 0.735 0.735 0.735 0.735 0.735 0.735 0.735 0.735 0.735 0.735
0.0152 0.01508 9.00000 2.2565681934 2.5780389643    2.253  1.872  3.6863  2.616    4  0.000  0.352     0.00     0.00     0.00     0.00     0.00 -1 -4.03e-12      0.00 6.847e-01 2.999e-01 1.675e-03 2.258e-03 6.341e-03 -1.000 1.540e-02       4855          0          0          0          0      12.24      12.24 0.091 -0.532 -1.355 -1.870 -1.957 0.162 0.890 0.085 -0.151 -0.276 0.660 -0.532 -0.532 -0.532 -0.532 -0.532 -0.532 -0.532 -0.532 -0.532 -0.532 -0.532 -0.532 -0.532 -0.532 -0.532 -0.532 -0.532 -0.532 -0.532 -0.532 -0.532 -0.532 -1.355 -1.355 -1.355 -1.355 -1.355 -1.355 -1.355 -1.355 -1.355 -1.355 -1.355 -1.355 -1.355 -1.355 -1.355 -1.355 -1.355 -1.355 -1.355 -1.355 -1.355 -1.355 -1.870 -1.870 -1.870 -1.870 -1.870 -1.870 -1.870 -1.870 -1.870 -1.870 -1.870 -1.870 -1.870 -1.870 -1.870 -1.870 -1.870 -1.870 -1.870 -1.870 -1.870 -1.870 -1.957 -1.957 -1.957 -1.957 -1.957 -1.957 -1.957 -1.957 -1.957 -1.957 -1.957 -1.957 -1.957 -1.957 -1.957 -1.957 -1.957 -1.957 -1.957 -1.957 -1.957 -1.957 0.162 0.162 0.162 0.162 0.162 0.162 0.162 0.162 0.162 0.162 0.162 0.162 0.162 0.162 0.162 0.162 0.162 0.162 0.162 0.162 0.162 0.162 0.890 0.890 0.890 0.890 0.890 0.890 0.890 0.890 0.890 0.890 0.890 0.890 0.890 0.890 0.890 0.890 0.890 0.890 0.890 0.890 0.890 0.890 0.085 0.085 0.085 0.085 0.085 0.085 0.085 0.085 0.085 0.085 0.085 0.085 0.085 0.085 0.085 0.085 0.085 0.085 0.085 0.085 0.085 0.085 -0.151 -0.151 -0.151 -0.151 -0.151 -0.151 -0.151 -0.151 -0.151 -0.151 -0.151 -0.151 -0.151 -0.151 -0.151 -0.151 -0.151 -0.151 -0.151 -0.151 -0.151 -0.151 -0.276 -0.276 -0.276 -0.276 -0.276 -0.276 -0.276 -0.276 -0.276 -0.276 -0.276 -0.276 -0.276 -0.276 -0.276 -0.276 -0.276 -0.276 -0.276 -0.276 -0.276 -0.276 0.660 0.660 0.660 0.660 0.660 0.660 0.660 0.660 0.660 0.660 0.660 0.660 0.660 0.660 0.660 0.660 0.660 0.660 0.660 0.660 0.660 0.660
0.0152 0.01508 9.00000 2.2570393085 2.5780541320    2.254  1.920  3.6822  2.552    4  0.000  0.352     0.00     0.00     0.00     0.00     0.00 -1 -5.09e-12      0.00 6.847e-01 2.999e-01 1.675e-03 2.259e-03 6.341e-03 -1.000 1.540e-02       4810          0          0          0          0      13.18      13.18 -0.030 -0.648 -1.488 -2.015 -2.105 0.054 0.802 -0.023 -0.267 -0.398 0.573 -0.648 -0.648 -0.648 -0.648 -0.648 -0.648 -0.648 -0.648 -0.648 -0.648 -0.648 -0.648 -0.648 -0.648 -0.648 -0.648 -0.648 -0.648 -0.648 -0.648 -0.648 -0.648 -1.488 -1.488 -1.488 -1.488 -1.488 -1.488 -1.488 -1.488 -1.488 -1.488 -1.488 -1.488 -1.488 -1.488 -1.488 -1.488 -1.488 -1.488 -1.488 -1.488 -1.488 -1.488 -2.015 -2.015 -2.015 -2.015 -2.015 -2.015 -2.015 -2.015 -2.015 -2.015 -2.015 -2.015 -2.015 -2.015 -2.015 -2.015 -2.015 -2.015 -2.015 -2.015 -2.015 -2.015 -2.105 -2.105 -2.105 -2.105 -2.105 -2.105 -2.105 -2.105 -2.105 -2.105 -2.105 -2.105 -2.105 -2.105 -2.105 -2.105 -2.105 -2.105 -2.105 -2.105 -2.105 -2.105 0.054 0.054 0.054 0.054 0.054 0.054 0.054 0.054 0.054 0.054 0.054 0.054 0.054 0.054 0.054 0.054 0.054 0.054 0.054 0.054 0.054 0.054 0.802 0.802 0.802 0.802 0.802 0.802 0.802 0.802 0.802 0.802 0.802 0.802 0.802 0.802 0.802 0.802 0.802 0.802 0.802 0.802 0.802 0.802 -0.023 -0.023 -0.023 -0.023 -0.023 -0.023 -0.023 -0.023 -0.023 -0.023 -0.023 -0.023 -0.023 -0.023 -0.023 -0.023 -0.023 -0.023 -0.023 -0.023 -0.023 -0.023 -0.267 -0.267 -0.267 -0.267 -0.267 -0.267 -0.267 -0.267 -0.267 -0.267 -0.267 -0.267 -0.267 -0.267 -0.267 -0.267 -0.267 -0.267 -0.267 -0.267 -0.267 -0.267 -0.398 -0.398 -0.398 -0.398 -0.398 -0.398 -0.398 -0.398 -0.398 -0.398 -0.398 -0.398 -0.398 -0.398 -0.398 -0.398 -0.398 -0.398 -0.398 -0.398 -0.398 -0.398 0.573 0.573 0.573 0.573 0.573 0.573 0.573 0.573 0.573 0.573 0.573 0.573 0.573 0.573 0.573 0.573 0.573 0.573 0.573 0.573 0.573 0.573
0.0152 0.01508 9.00000 2.2572429180 2.5780606851    2.254  1.963  3.6788  2.496    4  0.000  0.352     0.00     0.00     0.00     0.00     0.00 -1 -6.19e-12      0.00 6.847e-01 2.999e-01 1.675e-03 2.259e-03 6.341e-03 -1.000 1.540e-02       4772          0          0          0          0      14.06      14.06 -0.136 -0.752 -1.606 -2.143 -2.236 -0.042 0.725 -0.118 -0.369 -0.506 0.496 -0.752 -0.752 -0.752 -0.752 -0.752 -0.752 -0.752 -0.752 -0.752 -0.752 -0.752 -0.752 -0.752 -0.752 -0.752 -0.752 -0.752 -0.752 -0.752 -0.752 -0.752 -0.752 -1.606 -1.606 -1.606 -1.606 -1.606 -1.606 -1.606 -1.606 -1.606 -1.606 -1.606 -1.606 -1.606 -1.606 -1.606 -1.606 -1.606 -1.606 -1.606 -1.606 -1.606 -1.606 -2.143 -2.143 -2.143 -2.143 -2.143 -2.143 -2.143 -2.143 -2.143 -2.143 -2.143 -2.143 -2.143 -2.143 -2.143 -2.143 -2.143 -2.143 -2.143 -2.143 -2.143 -2.143 -2.236 -2.236 -2.236 -2.236 -2.236 -2.236 -2.236 -2.236 -2.236 -2.236 -2.236 -2.236 -2.236 -2.236 -2.236 -2.236 -2.236 -2.236 -2.236 -2.236 -2.236 -2.236 -0.042 -0.042 -0.042 -0.042 -0.042 -0.042 -0.042 -0.042 -0.042 -0.042 -0.042 -0.042 -0.042 -0.042 -0.042 -0.042 -0.042 -0.042 -0.042 -0.042 -0.042 -0.042 0.725 0.725 0.725 0.725 0.725 0.725 0.725 0.725 0.725 0.725 0.725 0.725 0.725 0.725 0.725 0.725 0.725 0.725 0.725 0.725 0.725 0.725 -0.118 -0.118 -0.118 -0.118 -0.118 -0.118 -0.118 -0.118 -0.118 -0.118 -0.118 -0.118 -0.118 -0.118 -0.118 -0.118 -0.118 -0.118 -0.118 -0.118 -0.118 -0.118 -0.369 -0.369 -0.369 -0.369 -0.369 -0.369 -0.369 -0.369 -0.369 -0.369 -0.369 -0.369 -0.369 -0.369 -0.369 -0.369 -0.369 -0.369 -0.369 -0.369 -0.369 -0.369 -0.506 -0.506 -0.506 -0.506 -0.506 -0.506 -0.506 -0.506 -0.506 -0.506 -0.506 -0.506 -0.506 -0.506 -0.506 -0.506 -0.506 -0.506 -0.506 -0.506 -0.506 -0.506 0.496 0.496 0.496 0.496 0.496 0.496 0.496 0.496 0.496 0.496 0.496 0.496 0.496 0.496 0.496 0.496 0.496 0.496 0.496 0.496 0.496 0.496
0.0152 0.01508 9.00000 2.2573647499 2.5780646055    2.254  2.004  3.6755  2.441    4  0.000  0.352     0.00     0.00     0.00     0.00     0.00 -1 -7.63e-12      0.00 6.847e-01 2.999e-01 1.675e-03 2.259e-03 6.341e-03 -1.000 1.540e-02       4736          0          0          0          0      14.97      14.97 -0.240 -0.854 -1.720 -2.267 -2.362 -0.135 0.652 -0.211 -0.469 -0.612 0.426 -0.854 -0.854 -0.854 -0.854 -0.854 -0.854 -0.854 -0.854 -0.854 -0.854 -0.854 -0.854 -0.854 -0.854 -0.854 -0.854 -0.854 -0.854 -0.854 -0.854 -0.854 -0.854 -1.720 -1.720 -1.720 -1.720 -1.720 -1.720 -1.720 -1.720 -1.720 -1.720 -1.720 -1.720 -1.720 -1.720 -1.720 -1.720 -1.720 -1.720 -1.720 -1.720 -1.720 -1.720 -2.267 -2.267 -2.267 -2.267 -2.267 -2.267 -2.267 -2.267 -2.267 -2.267 -2.267 -2.267 -2.267 -2.267 -2.267 -2.267 -2.267 -2.267 -2.267 -2.267 -2.267 -2.267 -2.362 -2.362 -2.362 -2.362 -2.362 -2.362 -2.362 -2.362 -2.362 -2.362 -2.362 -2.362 -2.362 -2.362 -2.362 -2.362 -2.362 -2.362 -2.362 -2.362 -2.362 -2.362 -0.135 -0.135 -0.135 -0.135 -0.135 -0.135 -0.135 -0.135 -0.135 -0.135 -0.135 -0.135 -0.135 -0.135 -0.135 -0.135 -0.135 -0.135 -0.135 -0.135 -0.135 -0.135 0.652 0.652 0.652 0.652 0.652 0.652 0.652 0.652 0.652 0.652 0.652 0.652 0.652 0.652 0.652 0.652 0.652 0.652 0.652 0.652 0.652 0.652 -0.211 -0.211 -0.211 -0.211 -0.211 -0.211 -0.211 -0.211 -0.211 -0.211 -0.211 -0.211 -0.211 -0.211 -0.211 -0.211 -0.211 -0.211 -0.211 -0.211 -0.211 -0.211 -0.469 -0.469 -0.469 -0.469 -0.469 -0.469 -0.469 -0.469 -0.469 -0.469 -0.469 -0.469 -0.469 -0.469 -0.469 -0.469 -0.469 -0.469 -0.469 -0.469 -0.469 -0.469 -0.612 -0.612 -0.612 -0.612 -0.612 -0.612 -0.612 -0.612 -0.612 -0.612 -0.612 -0.612 -0.612 -0.612 -0.612 -0.612 -0.612 -0.612 -0.612 -0.612 -0.612 -0.612 0.426 0.426 0.426 0.426 0.426 0.426 0.426 0.426 0.426 0.426 0.426 0.426 0.426 0.426 0.426 0.426 0.426 0.426 0.426 0.426 0.426 0.426
0.0152 0.01508 9.00000 2.2574489117 2.5780673135    2.254  2.045  3.6723  2.387    4  0.000  0.352     0.00     0.00     0.00     0.00     0.00 -1  -9.6e-12      0.00 6.847e-01 2.999e-01 1.675e-03 2.259e-03 6.341e-03 -1.000 1.540e-02       4701          0          0          0          0      15.93      15.93 -0.343 -0.953 -1.833 -2.389 -2.487 -0.226 0.581 -0.303 -0.567 -0.716 0.356 -0.953 -0.953 -0.953 -0.953 -0.953 -0.953 -0.953 -0.953 -0.953 -0.953 -0.953 -0.953 -0.953 -0.953 -0.953 -0.953 -0.953 -0.953 -0.953 -0.953 -0.953 -0.953 -1.833 -1.833 -1.833 -1.833 -1.833 -1.833 -1.833 -1.833 -1.833 -1.833 -1.833 -1.833 -1.833 -1.833 -1.833 -1.833 -1.833 -1.833 -1.833 -1.833 -1.833 -1.833 -2.389 -2.389 -2.389 -2.389 -2.389 -2.389 -2.389 -2.389 -2.389 -2.389 -2.389 -2.389 -2.389 -2.389 -2.389 -2.389 -2.389 -2.389 -2.389 -2.389 -2.389 -2.389 -2.487 -2.487 -2.487 -2.487 -2.487 -2.487 -2.487 -2.487 -2.487 -2.487 -2.487 -2.487 -2.487 -2.487 -2.487 -2.487 -2.487 -2.487 -2.487 -2.487 -2.487 -2.487 -0.226 -0.226 -0.226 -0.226 -0.226 -0.226 -0.226 -0.226 -0.226 -0.226 -0.226 -0.226 -0.226 -0.226 -0.226 -0.226 -0.226 -0.226 -0.226 -0.226 -0.226 -0.226 0.581 0.581 0.581 0.581 0.581 0.581 0.581 0.581 0.581 0.581 0.581 0.581 0.581 0.581 0.581 0.581 0.581 0.581 0.581 0.581 0.581 0.581 -0.303 -0.303 -0.303 -0.303 -0.303 -0.303 -0.303 -0.303 -0.303 -0.303 -0.303 -0.303 -0.303 -0.303 -0.303 -0.303 -0.303 -0.303 -0.303 -0.303 -0.303 -0.303 -0.567 -0.567 -0.567 -0.567 -0.567 -0.567 -0.567 -0.567 -0.567 -0.567 -0.567 -0.567 -0.567 -0.567 -0.567 -0.567 -0.567 -0.567 -0.567 -0.567 -0.567 -0.567 -0.716 -0.716 -0.716 -0.716 -0.716 -0.716 -0.716 -0.716 -0.716 -0.716 -0.716 -0.716 -0.716 -0.716 -0.716 -0.716 -0.716 -0.716 -0.716 -0.716 -0.716 -0.716 0.356 0.356 0.356 0.356 0.356 0.356 0.356 0.356 0.356 0.356 0.356 0.356 0.356 0.356 0.356 0.356 0.356 0.356 0.356 0.356 0.356 0.356
0.0152 0.01508 9.00000 2.2574608326 2.5780676970    2.254  2.052  3.6717  2.378    4  0.000  0.352     0.00     0.00     0.00     0.00     0.00 -1 -9.95e-12      0.00 6.846e-01 2.999e-01 1.675e-03 2.259e-03 6.341e-03 -1.000 1.540e-02       4696          0          0          0          0      16.09      16.09 -0.359 -0.970 -1.852 -2.409 -2.507 -0.241 0.570 -0.318 -0.583 -0.733 0.344 -0.970 -0.970 -0.970 -0.970 -0.970 -0.970 -0.970 -0.970 -0.970 -0.970 -0.970 -0.970 -0.970 -0.970 -0.970 -0.970 -0.970 -0.970 -0.970 -0.970 -0.970 -0.970 -1.852 -1.852 -1.852 -1.852 -1.852 -1.852 -1.852 -1.852 -1.852 -1.852 -1.852 -1.852 -1.852 -1.852 -1.852 -1.852 -1.852 -1.852 -1.852 -1.852 -1.852 -1.852 -2.409 -2.409 -2.409 -2.409 -2.409 -2.409 -2.409 -2.409 -2.409 -2.409 -2.409 -2.409 -2.409 -2.409 -2.409 -2.409 -2.409 -2.409 -2.409 -2.409 -2.409 -2.409 -2.507 -2.507 -2.507 -2.507 -2.507 -2.507 -2.507 -2.507 -2.507 -2.507 -2.507 -2.507 -2.507 -2.507 -2.507 -2.507 -2.507 -2.507 -2.507 -2.507 -2.507 -2.507 -0.241 -0.241 -0.241 -0.241 -0.241 -0.241 -0.241 -0.241 -0.241 -0.241 -0.241 -0.241 -0.241 -0.241 -0.241 -0.241 -0.241 -0.241 -0.241 -0.241 -0.241 -0.241 0.570 0.570 0.570 0.570 0.570 0.570 0.570 0.570 0.570 0.570 0.570 0.570 0.570 0.570 0.570 0.570 0.570 0.570 0.570 0.570 0.570 0.570 -0.318 -0.318 -0.318 -0.318 -0.318 -0.318 -0.318 -0.318 -0.318 -0.318 -0.318 -0.318 -0.318 -0.318 -0.318 -0.318 -0.318 -0.318 -0.318 -0.318 -0.318 -0.318 -0.583 -0.583 -0.583 -0.583 -0.583 -0.583 -0.583 -0.583 -0.583 -0.583 -0.583 -0.583 -0.583 -0.583 -0.583 -0.583 -0.583 -0.583 -0.583 -0.583 -0.583 -0.583 -0.733 -0.733 -0.733 -0.733 -0.733 -0.733 -0.733 -0.733 -0.733 -0.733 -0.733 -0.733 -0.733 -0.733 -0.733 -0.733 -0.733 -0.733 -0.733 -0.733 -0.733 -0.733 0.344 0.344 0.344 0.344 0.344 0.344 0.344 0.344 0.344 0.344 0.344 0.344 0.344 0.344 0.344 0.344 0.344 0.344 0.344 0.344 0.344 0.344
0.0152 0.01508 9.00000 2.2574639320 2.5780677967    2.254  2.054  3.6716  2.376    4  0.000  0.352     0.00     0.00     0.00     0.00     0.00 -1    -1e-11      0.00 6.846e-01 2.999e-01 1.675e-03 2.259e-03 6.341e-03 -1.000 1.540e-02       4694          0          0          0          0      16.14      16.14 -0.364 -0.974 -1.857 -2.415 -2.513 -0.246 0.566 -0.322 -0.588 -0.738 0.341 -0.974 -0.974 -0.974 -0.974 -0.974 -0.974 -0.974 -0.974 -0.974 -0.974 -0.974 -0.974 -0.974 -0.974 -0.974 -0.974 -0.974 -0.974 -0.974 -0.974 -0.974 -0.974 -1.857 -1.857 -1.857 -1.857 -1.857 -1.857 -1.857 -1.857 -1.857 -1.857 -1.857 -1.857 -1.857 -1.857 -1.857 -1.857 -1.857 -1.857 -1.857 -1.857 -1.857 -1.857 -2.415 -2.415 -2.415 -2.415 -2.415 -2.415 -2.415 -2.415 -2.415 -2.415 -2.415 -2.415 -2.415 -2.415 -2.415 -2.415 -2.415 -2.415 -2.415 -2.415 -2.415 -2.415 -2.513 -2.513 -2.513 -2.513 -2.513 -2.513 -2.513 -2.513 -2.513 -2.513 -2.513 -2.513 -2.513 -2.513 -2.513 -2.513 -2.513 -2.513 -2.513 -2.513 -2.513 -2.513 -0.246 -0.246 -0.246 -0.246 -0.246 -0.246 -0.246 -0.246 -0.246 -0.246 -0.246 -0.246 -0.246 -0.246 -0.246 -0.246 -0.246 -0.246 -0.246 -0.246 -0.246 -0.246 0.566 0.566 0.566 0.566 0.566 0.566 0.566 0.566 0.566 0.566 0.566 0.566 0.566 0.566 0.566 0.566 0.566 0.566 0.566 0.566 0.566 0.566 -0.322 -0.322 -0.322 -0.322 -0.322 -0.322 -0.322 -0.322 -0.322 -0.322 -0.322 -0.322 -0.322 -0.322 -0.322 -0.322 -0.322 -0.322 -0.322 -0.322 -0.322 -0.322 -0.588 -0.588 -0.588 -0.588 -0.588 -0.588 -0.588 -0.588 -0.588 -0.588 -0.588 -0.588 -0.588 -0.588 -0.588 -0.588 -0.588 -0.588 -0.588 -0.588 -0.588 -0.588 -0.738 -0.738 -0.738 -0.738 -0.738 -0.738 -0.738 -0.738 -0.738 -0.738 -0.738 -0.738 -0.738 -0.738 -0.738 -0.738 -0.738 -0.738 -0.738 -0.738 -0.738 -0.738 0.341 0.341 0.341 0.341 0.341 0.341 0.341 0.341 0.341 0.341 0.341 0.341 0.341 0.341 0.341 0.341 0.341 0.341 0.341 0.341 0.341 0.341
0.0152 0.01508 9.00000 2.2574672699 2.5780679041    2.254  2.056  3.6714  2.373    4  0.000  0.352     0.00     0.00     0.00     0.00     0.00 -1 -1.01e-11      0.00 6.846e-01 2.999e-01 1.675e-03 2.259e-03 6.341e-03 -1.000 1.540e-02       4692          0          0          0          0      16.19      16.19 -0.370 -0.980 -1.863 -2.421 -2.520 -0.251 0.562 -0.327 -0.593 -0.743 0.337 -0.980 -0.980 -0.980 -0.980 -0.980 -0.980 -0.980 -0.980 -0.980 -0.980 -0.980 -0.980 -0.980 -0.980 -0.980 -0.980 -0.980 -0.980 -0.980 -0.980 -0.980 -0.980 -1.863 -1.863 -1.863 -1.863 -1.863 -1.863 -1.863 -1.863 -1.863 -1.863 -1.863 -1.863 -1.863 -1.863 -1.863 -1.863 -1.863 -1.863 -1.863 -1.863 -1.863 -1.863 -2.421 -2.421 -2.421 -2.421 -2.421 -2.421 -2.421 -2.421 -2.421 -2.421 -2.421 -2.421 -2.421 -2.421 -2.421 -2.421 -2.421 -2.421 -2.421 -2.421 -2.421 -2.421 -2.520 -2.520 -2.520 -2.520 -2.520 -2.520 -2.520 -2.520 -2.520 -2.520 -2.520 -2.520 -2.520 -2.520 -2.520 -2.520 -2.520 -2.520 -2.520 -2.520 -2.520 -2.520 -0.251 -0.251 -0.251 -0.251 -0.251 -0.251 -0.251 -0.251 -0.251 -0.251 -0.251 -0.251 -0.251 -0.251 -0.251 -0.251 -0.251 -0.251 -0.251 -0.251 -0.251 -0.251 0.562 0.562 0.562 0.562 0.562 0.562 0.562 0.562 0.562 0.562 0.562 0.562 0.562 0.562 0.562 0.562 0.562 0.562 0.562 0.562 0.562 0.562 -0.327 -0.327 -0.327 -0.327 -0.327 -0.327 -0.327 -0.327 -0.327 -0.327 -0.327 -0.327 -0.327 -0.327 -0.327 -0.327 -0.327 -0.327 -0.327 -0.327 -0.327 -0.327 -0.593 -0.593 -0.593 -0.593 -0.593 -0.593 -0.593 -0.593 -0.593 -0.593 -0.593 -0.593 -0.593 -0.593 -0.593 -0.593 -0.593 -0.593 -0.593 -0.593 -0.593 -0.593 -0.743 -0.743 -0.743 -0.743 -0.743 -0.743 -0.743 -0.743 -0.743 -0.743 -0.743 -0.743 -0.743 -0.743 -0.743 -0.743 -0.743 -0.743 -0.743 -0.743 -0.743 -0.743 0.337 0.337 0.337 0.337 0.337 0.337 0.337 0.337 0.337 0.337 0.337 0.337 0.337 0.337 0.337 0.337 0.337 0.337 0.337 0.337 0.337 0.337
0.0152 0.01508 9.00000 2.2574703693 2.5780680038    2.254  2.058  3.6713  2.370    4  0.000  0.352     0.00     0.00     0.00     0.00     0.00 -1 -1.02e-11      0.00 6.846e-01 2.999e-01 1.675e-03 2.259e-03 6.341e-03 -1.000 1.540e-02       4690          0          0          0          0      16.24      16.24 -0.374 -0.984 -1.868 -2.427 -2.526 -0.255 0.559 -0.331 -0.598 -0.748 0.334 -0.984 -0.984 -0.984 -0.984 -0.984 -0.984 -0.984 -0.984 -0.984 -0.984 -0.984 -0.984 -0.984 -0.984 -0.984 -0.984 -0.984 -0.984 -0.984 -0.984 -0.984 -0.984 -1.868 -1.868 -1.868 -1.868 -1.868 -1.868 -1.868 -1.868 -1.868 -1.868 -1.868 -1.868 -1.868 -1.868 -1.868 -1.868 -1.868 -1.868 -1.868 -1.868 -1.868 -1.868 -2.427 -2.427 -2.427 -2.427 -2.427 -2.427 -2.427 -2.427 -2.427 -2.427 -2.427 -2.427 -2.427 -2.427 -2.427 -2.427 -2.427 -2.427 -2.427 -2.427 -2.427 -2.427 -2.526 -2.526 -2.526 -2.526 -2.526 -2.526 -2.526 -2.526 -2.526 -2.526 -2.526 -2.526 -2.526 -2.526 -2.526 -2.526 -2.526 -2.526 -2.526 -2.526 -2.526 -2.526 -0.255 -0.255 -0.255 -0.255 -0.255 -0.255 -0.255 -0.255 -0.255 -0.255 -0.255 -0.255 -0.255 -0.255 -0.255 -0.255 -0.255 -0.255 -0.255 -0.255 -0.255 -0.255 0.559 0.559 0.559 0.559 0.559 0.559 0.559 0.559 0.559 0.559 0.559 0.559 0.559 0.559 0.559 0.559 0.559 0.559 0.559 0.559 0.559 0.559 -0.331 -0.331 -0.331 -0.331 -0.331 -0.331 -0.331 -0.331 -0.331 -0.331 -0.331 -0.331 -0.331 -0.331 -0.331 -0.331 -0.331 -0.331 -0.331 -0.331 -0.331 -0.331 -0.598 -0.598 -0.598 -0.598 -0.598 -0.598 -0.598 -0.598 -0.598 -0.598 -0.598 -0.598 -0.598 -0.598 -0.598 -0.598 -0.598 -0.598 -0.598 -0.598 -0.598 -0.598 -0.748 -0.748 -0.748 -0.748 -0.748 -0.748 -0.748 -0.748 -0.748 -0.748 -0.748 -0.748 -0.748 -0.748 -0.748 -0.748 -0.748 -0.748 -0.748 -0.748 -0.748 -0.748 0.334 0.334 0.334 0.334 0.334 0.334 0.334 0.334 0.334 0.334 0.334 0.334 0.334 0.334 0.334 0.334 0.334 0.334 0.334 0.334 0.334 0.334
0.0152 0.01508 9.00000 2.2574744225 2.5780681342    2.254  2.060  3.6711  2.367    4  0.000  0.352     0.00     0.00     0.00     0.00     0.00 -1 -1.03e-11      0.00 6.846e-01 2.999e-01 1.675e-03 2.259e-03 6.341e-03 -1.000 1.540e-02       4688          0          0          0          0      16.31      16.31 -0.381 -0.991 -1.876 -2.435 -2.534 -0.261 0.554 -0.337 -0.604 -0.755 0.329 -0.991 -0.991 -0.991 -0.991 -0.991 -0.991 -0.991 -0.991 -0.991 -0.991 -0.991 -0.991 -0.991 -0.991 -0.991 -0.991 -0.991 -0.991 -0.991 -0.991 -0.991 -0.991 -1.876 -1.876 -1.876 -1.876 -1.876 -1.876 -1.876 -1.876 -1.876 -1.876 -1.876 -1.876 -1.876 -1.876 -1.876 -1.876 -1.876 -1.876 -1.876 -1.876 -1.876 -1.876 -2.435 -2.435 -2.435 -2.435 -2.435 -2.435 -2.435 -2.435 -2.435 -2.435 -2.435 -2.435 -2.435 -2.435 -2.435 -2.435 -2.435 -2.435 -2.435 -2.435 -2.435 -2.435 -2.534 -2.534 -2.534 -2.534 -2.534 -2.534 -2.534 -2.534 -2.534 -2.534 -2.534 -2.534 -2.534 -2.534 -2.534 -2.534 -2.534 -2.534 -2.534 -2.534 -2.534 -2.534 -0.261 -0.261 -0.261 -0.261 -0.261 -0.261 -0.261 -0.261 -0.261 -0.261 -0.261 -0.261 -0.261 -0.261 -0.261 -0.261 -0.261 -0.261 -0.261 -0.261 -0.261 -0.261 0.554 0.554 0.554 0.554 0.554 0.554 0.554 0.554 0.554 0.554 0.554 0.554 0.554 0.554 0.554 0.554 0.554 0.554 0.554 0.554 0.554 0.554 -0.337 -0.337 -0.337 -0.337 -0.337 -0.337 -0.337 -0.337 -0.337 -0.337 -0.337 -0.337 -0.337 -0.337 -0.337 -0.337 -0.337 -0.337 -0.337 -0.337 -0.337 -0.337 -0.604 -0.604 -0.604 -0.604 -0.604 -0.604 -0.604 -0.604 -0.604 -0.604 -0.604 -0.604 -0.604 -0.604 -0.604 -0.604 -0.604 -0.604 -0.604 -0.604 -0.604 -0.604 -0.755 -0.755 -0.755 -0.755 -0.755 -0.755 -0.755 -0.755 -0.755 -0.755 -0.755 -0.755 -0.755 -0.755 -0.755 -0.755 -0.755 -0.755 -0.755 -0.755 -0.755 -0.755 0.329 0.329 0.329 0.329 0.329 0.329 0.329 0.329 0.329 0.329 0.329 0.329 0.329 0.329 0.329 0.329 0.329 0.329 0.329 0.329 0.329 0.329
0.0152 0.01508 9.00000 2.2574782372 2.5780682570    2.254  2.063  3.6709  2.364    4  0.000  0.352     0.00     0.00     0.00     0.00     0.00 -1 -1.05e-11      0.00 6.846e-01 2.999e-01 1.675e-03 2.259e-03 6.341e-03 -1.000 1.540e-02       4686          0          0          0          0      16.37      16.37 -0.387 -0.997 -1.882 -2.442 -2.541 -0.266 0.550 -0.343 -0.610 -0.761 0.325 -0.997 -0.997 -0.997 -0.997 -0.997 -0.997 -0.997 -0.997 -0.997 -0.997 -0.997 -0.997 -0.997 -0.997 -0.997 -0.997 -0.997 -0.997 -0.997 -0.997 -0.997 -0.997 -1.882 -1.882 -1.882 -1.882 -1.882 -1.882 -1.882 -1.882 -1.882 -1.882 -1.882 -1.882 -1.882 -1.882 -1.882 -1.882 -1.882 -1.882 -1.882 -1.882 -1.882 -1.882 -2.442 -2.442 -2.442 -2.442 -2.442 -2.442 -2.442 -2.442 -2.442 -2.442 -2.442 -2.442 -2.442 -2.442 -2.442 -2.442 -2.442 -2.442 -2.442 -2.442 -2.442 -2.442 -2.541 -2.541 -2.541 -2.541 -2.541 -2.541 -2.541 -2.541 -2.541 -2.541 -2.541 -2.541 -2.541 -2.541 -2.541 -2.541 -2.541 -2.541 -2.541 -2.541 -2.541 -2.541 -0.266 -0.266 -0.266 -0.266 -0.266 -0.266 -0.266 -0.266 -0.266 -0.266 -0.266 -0.266 -0.266 -0.266 -0.266 -0.266 -0.266 -0.266 -0.266 -0.266 -0.266 -0.266 0.550 0.550 0.550 0.550 0.550 0.550 0.550 0.550 0.550 0.550 0.550 0.550 0.550 0.550 0.550 0.550 0.550 0.550 0.550 0.550 0.550 0.550 -0.343 -0.343 -0.343 -0.343 -0.343 -0.343 -0.343 -0.343 -0.343 -0.343 -0.343 -0.343 -0.343 -0.343 -0.343 -0.343 -0.343 -0.343 -0.343 -0.343 -0.343 -0.343 -0.610 -0.610 -0.610 -0.610 -0.610 -0.610 -0.610 -0.610 -0.610 -0.610 -0.610 -0.610 -0.610 -0.610 -0.610 -0.610 -0.610 -0.610 -0.610 -0.610 -0.610 -0.610 -0.761 -0.761 -0.761 -0.761 -0.761 -0.761 -0.761 -0.761 -0.761 -0.761 -0.761 -0.761 -0.761 -0.761 -0.761 -0.761 -0.761 -0.761 -0.761 -0.761 -0.761 -0.761 0.325 0.325 0.325 0.325 0.325 0.325 0.325 0.325 0.325 0.325 0.325 0.325 0.325 0.325 0.325 0.325 0.325 0.325 0.325 0.325 0.325 0.325
0.0152 0.01508 9.00000 2.2574803829 2.5780683260    2.254  2.064  3.6708  2.362    4  0.000  0.352     0.00     0.00     0.00     0.00     0.00 -1 -1.05e-11      0.00 6.846e-01 2.999e-01 1.675e-03 2.259e-03 6.341e-03 -1.000 1.540e-02       4685          0          0          0          0       16.4       16.4 -0.390 -1.000 -1.886 -2.446 -2.545 -0.269 0.548 -0.346 -0.613 -0.765 0.323 -1.000 -1.000 -1.000 -1.000 -1.000 -1.000 -1.000 -1.000 -1.000 -1.000 -1.000 -1.000 -1.000 -1.000 -1.000 -1.000 -1.000 -1.000 -1.000 -1.000 -1.000 -1.000 -1.886 -1.886 -1.886 -1.886 -1.886 -1.886 -1.886 -1.886 -1.886 -1.886 -1.886 -1.886 -1.886 -1.886 -1.886 -1.886 -1.886 -1.886 -1.886 -1.886 -1.886 -1.886 -2.446 -2.446 -2.446 -2.446 -2.446 -2.446 -2.446 -2.446 -2.446 -2.446 -2.446 -2.446 -2.446 -2.446 -2.446 -2.446 -2.446 -2.446 -2.446 -2.446 -2.446 -2.446 -2.545 -2.545 -2.545 -2.545 -2.545 -2.545 -2.545 -2.545 -2.545 -2.545 -2.545 -2.545 -2.545 -2.545 -2.545 -2.545 -2.545 -2.545 -2.545 -2.545 -2.545 -2.545 -0.269 -0.269 -0.269 -0.269 -0.269 -0.269 -0.269 -0.269 -0.269 -0.269 -0.269 -0.269 -0.269 -0.269 -0.269 -0.269 -0.269 -0.269 -0.269 -0.269 -0.269 -0.269 0.548 0.548 0.548 0.548 0.548 0.548 0.548 0.548 0.548 0.548 0.548 0.548 0.548 0.548 0.548 0.548 0.548 0.548 0.548 0.548 0.548 0.548 -0.346 -0.346 -0.346 -0.346 -0.346 -0.346 -0.346 -0.346 -0.346 -0.346 -0.346 -0.346 -0.346 -0.346 -0.346 -0.346 -0.346 -0.346 -0.346 -0.346 -0.346 -0.346 -0.613 -0.613 -0.613 -0.613 -0.613 -0.613 -0.613 -0.613 -0.613 -0.613 -0.613 -0.613 -0.613 -0.613 -0.613 -0.613 -0.613 -0.613 -0.613 -0.613 -0.613 -0.613 -0.765 -0.765 -0.765 -0.765 -0.765 -0.765 -0.765 -0.765 -0.765 -0.765 -0.765 -0.765 -0.765 -0.765 -0.765 -0.765 -0.765 -0.765 -0.765 -0.765 -0.765 -0.765 0.323 0.323 0.323 0.323 0.323 0.323 0.323 0.323 0.323 0.323 0.323 0.323 0.323 0.323 0.323 0.323 0.323 0.323 0.323 0.323 0.323 0.323
0.0152 0.01508 9.00000 2.2574827671 2.5780684027    2.254  2.066  3.6707  2.360    4  0.000  0.352     0.00     0.00     0.00     0.00     0.00 -1 -1.06e-11      0.00 6.846e-01 2.999e-01 1.675e-03 2.259e-03 6.341e-03 -1.000 1.540e-02       4684          0          0          0          0      16.44      16.44 -0.394 -1.004 -1.891 -2.451 -2.550 -0.273 0.545 -0.349 -0.617 -0.769 0.320 -1.004 -1.004 -1.004 -1.004 -1.004 -1.004 -1.004 -1.004 -1.004 -1.004 -1.004 -1.004 -1.004 -1.004 -1.004 -1.004 -1.004 -1.004 -1.004 -1.004 -1.004 -1.004 -1.891 -1.891 -1.891 -1.891 -1.891 -1.891 -1.891 -1.891 -1.891 -1.891 -1.891 -1.891 -1.891 -1.891 -1.891 -1.891 -1.891 -1.891 -1.891 -1.891 -1.891 -1.891 -2.451 -2.451 -2.451 -2.451 -2.451 -2.451 -2.451 -2.451 -2.451 -2.451 -2.451 -2.451 -2.451 -2.451 -2.451 -2.451 -2.451 -2.451 -2.451 -2.451 -2.451 -2.451 -2.550 -2.550 -2.550 -2.550 -2.550 -2.550 -2.550 -2.550 -2.550 -2.550 -2.550 -2.550 -2.550 -2.550 -2.550 -2.550 -2.550 -2.550 -2.550 -2.550 -2.550 -2.550 -0.273 -0.273 -0.273 -0.273 -0.273 -0.273 -0.273 -0.273 -0.273 -0.273 -0.273 -0.273 -0.273 -0.273 -0.273 -0.273 -0.273 -0.273 -0.273 -0.273 -0.273 -0.273 0.545 0.545 0.545 0.545 0.545 0.545 0.545 0.545 0.545 0.545 0.545 0.545 0.545 0.545 0.545 0.545 0.545 0.545 0.545 0.545 0.545 0.545 -0.349 -0.349 -0.349 -0.349 -0.349 -0.349 -0.349 -0.349 -0.349 -0.349 -0.349 -0.349 -0.349 -0.349 -0.349 -0.349 -0.349 -0.349 -0.349 -0.349 -0.349 -0.349 -0.617 -0.617 -0.617 -0.617 -0.617 -0.617 -0.617 -0.617 -0.617 -0.617 -0.617 -0.617 -0.617 -0.617 -0.617 -0.617 -0.617 -0.617 -0.617 -0.617 -0.617 -0.617 -0.769 -0.769 -0.769 -0.769 -0.769 -0.769 -0.769 -0.769 -0.769 -0.769 -0.769 -0.769 -0.769 -0.769 -0.769 -0.769 -0.769 -0.769 -0.769 -0.769 -0.769 -0.769 0.320 0.320 0.320 0.320 0.320 0.320 0.320 0.320 0.320 0.320 0.320 0.320 0.320 0.320 0.320 0.320 0.320 0.320 0.320 0.320 0.320 0.320
0.0152 0.01508 9.00000 2.2574853897 2.5780684871    2.254  2.068  3.6705  2.358    4  0.000  0.352     0.00     0.00     0.00     0.00     0.00 -1 -1.07e-11      0.00 6.846e-01 2.999e-01 1.675e-03 2.259e-03 6.341e-03 -1.000 1.540e-02       4682          0          0          0          0      16.48      16.48 -0.399 -1.008 -1.895 -2.456 -2.555 -0.277 0.542 -0.353 -0.621 -0.773 0.317 -1.008 -1.008 -1.008 -1.008 -1.008 -1.008 -1.008 -1.008 -1.008 -1.008 -1.008 -1.008 -1.008 -1.008 -1.008 -1.008 -1.008 -1.008 -1.008 -1.008 -1.008 -1.008 -1.895 -1.895 -1.895 -1.895 -1.895 -1.895 -1.895 -1.895 -1.895 -1.895 -1.895 -1.895 -1.895 -1.895 -1.895 -1.895 -1.895 -1.895 -1.895 -1.895 -1.895 -1.895 -2.456 -2.456 -2.456 -2.456 -2.456 -2.456 -2.456 -2.456 -2.456 -2.456 -2.456 -2.456 -2.456 -2.456 -2.456 -2.456 -2.456 -2.456 -2.456 -2.456 -2.456 -2.456 -2.555 -2.555 -2.555 -2.555 -2.555 -2.555 -2.555 -2.555 -2.555 -2.555 -2.555 -2.555 -2.555 -2.555 -2.555 -2.555 -2.555 -2.555 -2.555 -2.555 -2.555 -2.555 -0.277 -0.277 -0.277 -0.277 -0.277 -0.277 -0.277 -0.277 -0.277 -0.277 -0.277 -0.277 -0.277 -0.277 -0.277 -0.277 -0.277 -0.277 -0.277 -0.277 -0.277 -0.277 0.542 0.542 0.542 0.542 0.542 0.542 0.542 0.542 0.542 0.542 0.542 0.542 0.542 0.542 0.542 0.542 0.542 0.542 0.542 0.542 0.542 0.542 -0.353 -0.353 -0.353 -0.353 -0.353 -0.353 -0.353 -0.353 -0.353 -0.353 -0.353 -0.353 -0.353 -0.353 -0.353 -0.353 -0.353 -0.353 -0.353 -0.353 -0.353 -0.353 -0.621 -0.621 -0.621 -0.621 -0.621 -0.621 -0.621 -0.621 -0.621 -0.621 -0.621 -0.621 -0.621 -0.621 -0.621 -0.621 -0.621 -0.621 -0.621 -0.621 -0.621 -0.621 -0.773 -0.773 -0.773 -0.773 -0.773 -0.773 -0.773 -0.773 -0.773 -0.773 -0.773 -0.773 -0.773 -0.773 -0.773 -0.773 -0.773 -0.773 -0.773 -0.773 -0.773 -0.773 0.317 0.317 0.317 0.317 0.317 0.317 0.317 0.317 0.317 0.317 0.317 0.317 0.317 0.317 0.317 0.317 0.317 0.317 0.317 0.317 0.317 0.317
0.0152 0.01508 9.00000 2.2574884892 2.5780685868    2.254  2.069  3.6704  2.355    4  0.000  0.352     0.00     0.00     0.00     0.00     0.00 -1 -1.08e-11      0.00 6.846e-01 2.999e-01 1.675e-03 2.259e-03 6.341e-03 -1.000 1.540e-02       4681          0          0          0          0      16.53      16.53 -0.404 -1.013 -1.901 -2.462 -2.561 -0.281 0.538 -0.358 -0.626 -0.778 0.313 -1.013 -1.013 -1.013 -1.013 -1.013 -1.013 -1.013 -1.013 -1.013 -1.013 -1.013 -1.013 -1.013 -1.013 -1.013 -1.013 -1.013 -1.013 -1.013 -1.013 -1.013 -1.013 -1.901 -1.901 -1.901 -1.901 -1.901 -1.901 -1.901 -1.901 -1.901 -1.901 -1.901 -1.901 -1.901 -1.901 -1.901 -1.901 -1.901 -1.901 -1.901 -1.901 -1.901 -1.901 -2.462 -2.462 -2.462 -2.462 -2.462 -2.462 -2.462 -2.462 -2.462 -2.462 -2.462 -2.462 -2.462 -2.462 -2.462 -2.462 -2.462 -2.462 -2.462 -2.462 -2.462 -2.462 -2.561 -2.561 -2.561 -2.561 -2.561 -2.561 -2.561 -2.561 -2.561 -2.561 -2.561 -2.561 -2.561 -2.561 -2.561 -2.561 -2.561 -2.561 -2.561 -2.561 -2.561 -2.561 -0.281 -0.281 -0.281 -0.281 -0.281 -0.281 -0.281 -0.281 -0.281 -0.281 -0.281 -0.281 -0.281 -0.281 -0.281 -0.281 -0.281 -0.281 -0.281 -0.281 -0.281 -0.281 0.538 0.538 0.538 0.538 0.538 0.538 0.538 0.538 0.538 0.538 0.538 0.538 0.538 0.538 0.538 0.538 0.538 0.538 0.538 0.538 0.538 0.538 -0.358 -0.358 -0.358 -0.358 -0.358 -0.358 -0.358 -0.358 -0.358 -0.358 -0.358 -0.358 -0.358 -0.358 -0.358 -0.358 -0.358 -0.358 -0.358 -0.358 -0.358 -0.358 -0.626 -0.626 -0.626 -0.626 -0.626 -0.626 -0.626 -0.626 -0.626 -0.626 -0.626 -0.626 -0.626 -0.626 -0.626 -0.626 -0.626 -0.626 -0.626 -0.626 -0.626 -0.626 -0.778 -0.778 -0.778 -0.778 -0.778 -0.778 -0.778 -0.778 -0.778 -0.778 -0.778 -0.778 -0.778 -0.778 -0.778 -0.778 -0.778 -0.778 -0.778 -0.778 -0.778 -0.778 0.313 0.313 0.313 0.313 0.313 0.313 0.313 0.313 0.313 0.313 0.313 0.313 0.313 0.313 0.313 0.313 0.313 0.313 0.313 0.313 0.313 0.313
0.0152 0.01508 9.00000 2.2574918270 2.5780686942    2.254  2.072  3.6702  2.352    4  0.000  0.352     0.00     0.00     0.00     0.00     0.00 -1 -1.09e-11      0.00 6.846e-01 2.999e-01 1.675e-03 2.259e-03 6.341e-03 -1.000 1.540e-02       4679          0          0          0          0      16.59      16.59 -0.409 -1.018 -1.907 -2.468 -2.568 -0.286 0.535 -0.363 -0.631 -0.784 0.310 -1.018 -1.018 -1.018 -1.018 -1.018 -1.018 -1.018 -1.018 -1.018 -1.018 -1.018 -1.018 -1.018 -1.018 -1.018 -1.018 -1.018 -1.018 -1.018 -1.018 -1.018 -1.018 -1.907 -1.907 -1.907 -1.907 -1.907 -1.907 -1.907 -1.907 -1.907 -1.907 -1.907 -1.907 -1.907 -1.907 -1.907 -1.907 -1.907 -1.907 -1.907 -1.907 -1.907 -1.907 -2.468 -2.468 -2.468 -2.468 -2.468 -2.468 -2.468 -2.468 -2.468 -2.468 -2.468 -2.468 -2.468 -2.468 -2.468 -2.468 -2.468 -2.468 -2.468 -2.468 -2.468 -2.468 -2.568 -2.568 -2.568 -2.568 -2.568 -2.568 -2.568 -2.568 -2.568 -2.568 -2.568 -2.568 -2.568 -2.568 -2.568 -2.568 -2.568 -2.568 -2.568 -2.568 -2.568 -2.568 -0.286 -0.286 -0.286 -0.286 -0.286 -0.286 -0.286 -0.286 -0.286 -0.286 -0.286 -0.286 -0.286 -0.286 -0.286 -0.286 -0.286 -0.286 -0.286 -0.286 -0.286 -0.286 0.535 0.535 0.535 0.535 0.535 0.535 0.535 0.535 0.535 0.535 0.535 0.535 0.535 0.535 0.535 0.535 0.535 0.535 0.535 0.535 0.535 0.535 -0.363 -0.363 -0.363 -0.363 -0.363 -0.363 -0.363 -0.363 -0.363 -0.363 -0.363 -0.363 -0.363 -0.363 -0.363 -0.363 -0.363 -0.363 -0.363 -0.363 -0.363 -0.363 -0.631 -0.631 -0.631 -0.631 -0.631 -0.631 -0.631 -0.631 -0.631 -0.631 -0.631 -0.631 -0.631 -0.631 -0.631 -0.631 -0.631 -0.631 -0.631 -0.631 -0.631 -0.631 -0.784 -0.784 -0.784 -0.784 -0.784 -0.784 -0.784 -0.784 -0.784 -0.784 -0.784 -0.784 -0.784 -0.784 -0.784 -0.784 -0.784 -0.784 -0.784 -0.784 -0.784 -0.784 0.310 0.310 0.310 0.310 0.310 0.310 0.310 0.310 0.310 0.310 0.310 0.310 0.310 0.310 0.310 0.310 0.310 0.310 0.310 0.310 0.310 0.310
0.0152 0.01508 9.00000 2.2574956417 2.5780688169    2.254  2.074  3.6700  2.349    4  0.000  0.352     0.00     0.00     0.00     0.00     0.00 -1  -1.1e-11      0.00 6.846e-01 2.999e-01 1.675e-03 2.259e-03 6.341e-03 -1.000 1.540e-02       4677          0          0          0          0      16.65      16.65 -0.415 -1.024 -1.914 -2.476 -2.575 -0.292 0.530 -0.368 -0.637 -0.790 0.305 -1.024 -1.024 -1.024 -1.024 -1.024 -1.024 -1.024 -1.024 -1.024 -1.024 -1.024 -1.024 -1.024 -1.024 -1.024 -1.024 -1.024 -1.024 -1.024 -1.024 -1.024 -1.024 -1.914 -1.914 -1.914 -1.914 -1.914 -1.914 -1.914 -1.914 -1.914 -1.914 -1.914 -1.914 -1.914 -1.914 -1.914 -1.914 -1.914 -1.914 -1.914 -1.914 -1.914 -1.914 -2.476 -2.476 -2.476 -2.476 -2.476 -2.476 -2.476 -2.476 -2.476 -2.476 -2.476 -2.476 -2.476 -2.476 -2.476 -2.476 -2.476 -2.476 -2.476 -2.476 -2.476 -2.476 -2.575 -2.575 -2.575 -2.575 -2.575 -2.575 -2.575 -2.575 -2.575 -2.575 -2.575 -2.575 -2.575 -2.575 -2.575 -2.575 -2.575 -2.575 -2.575 -2.575 -2.575 -2.575 -0.292 -0.292 -0.292 -0.292 -0.292 -0.292 -0.292 -0.292 -0.292 -0.292 -0.292 -0.292 -0.292 -0.292 -0.292 -0.292 -0.292 -0.292 -0.292 -0.292 -0.292 -0.292 0.530 0.530 0.530 0.530 0.530 0.530 0.530 0.530 0.530 0.530 0.530 0.530 0.530 0.530 0.530 0.530 0.530 0.530 0.530 0.530 0.530 0.530 -0.368 -0.368 -0.368 -0.368 -0.368 -0.368 -0.368 -0.368 -0.368 -0.368 -0.368 -0.368 -0.368 -0.368 -0.368 -0.368 -0.368 -0.368 -0.368 -0.368 -0.368 -0.368 -0.637 -0.637 -0.637 -0.637 -0.637 -0.637 -0.637 -0.637 -0.637 -0.637 -0.637 -0.637 -0.637 -0.637 -0.637 -0.637 -0.637 -0.637 -0.637 -0.637 -0.637 -0.637 -0.790 -0.790 -0.790 -0.790 -0.790 -0.790 -0.790 -0.790 -0.790 -0.790 -0.790 -0.790 -0.790 -0.790 -0.790 -0.790 -0.790 -0.790 -0.790 -0.790 -0.790 -0.790 0.305 0.305 0.305 0.305 0.305 0.305 0.305 0.305 0.305 0.305 0.305 0.305 0.305 0.305 0.305 0.305 0.305 0.305 0.305 0.305 0.305 0.305
0.0152 0.01508 9.00000 2.2574999332 2.5780689550    2.254  2.077  3.6698  2.345    4  0.000  0.352     0.00     0.00     0.00     0.00     0.00 -1 -1.11e-11      0.00 6.846e-01 2.999e-01 1.675e-03 2.259e-03 6.341e-03 -1.000 1.540e-02       4674          0          0          0          0      16.72      16.72 -0.422 -1.031 -1.921 -2.484 -2.584 -0.298 0.526 -0.374 -0.644 -0.797 0.301 -1.031 -1.031 -1.031 -1.031 -1.031 -1.031 -1.031 -1.031 -1.031 -1.031 -1.031 -1.031 -1.031 -1.031 -1.031 -1.031 -1.031 -1.031 -1.031 -1.031 -1.031 -1.031 -1.921 -1.921 -1.921 -1.921 -1.921 -1.921 -1.921 -1.921 -1.921 -1.921 -1.921 -1.921 -1.921 -1.921 -1.921 -1.921 -1.921 -1.921 -1.921 -1.921 -1.921 -1.921 -2.484 -2.484 -2.484 -2.484 -2.484 -2.484 -2.484 -2.484 -2.484 -2.484 -2.484 -2.484 -2.484 -2.484 -2.484 -2.484 -2.484 -2.484 -2.484 -2.484 -2.484 -2.484 -2.584 -2.584 -2.584 -2.584 -2.584 -2.584 -2.584 -2.584 -2.584 -2.584 -2.584 -2.584 -2.584 -2.584 -2.584 -2.584 -2.584 -2.584 -2.584 -2.584 -2.584 -2.584 -0.298 -0.298 -0.298 -0.298 -0.298 -0.298 -0.298 -0.298 -0.298 -0.298 -0.298 -0.298 -0.298 -0.298 -0.298 -0.298 -0.298 -0.298 -0.298 -0.298 -0.298 -0.298 0.526 0.526 0.526 0.526 0.526 0.526 0.526 0.526 0.526 0.526 0.526 0.526 0.526 0.526 0.526 0.526 0.526 0.526 0.526 0.526 0.526 0.526 -0.374 -0.374 -0.374 -0.374 -0.374 -0.374 -0.374 -0.374 -0.374 -0.374 -0.374 -0.374 -0.374 -0.374 -0.374 -0.374 -0.374 -0.374 -0.374 -0.374 -0.374 -0.374 -0.644 -0.644 -0.644 -0.644 -0.644 -0.644 -0.644 -0.644 -0.644 -0.644 -0.644 -0.644 -0.644 -0.644 -0.644 -0.644 -0.644 -0.644 -0.644 -0.644 -0.644 -0.644 -0.797 -0.797 -0.797 -0.797 -0.797 -0.797 -0.797 -0.797 -0.797 -0.797 -0.797 -0.797 -0.797 -0.797 -0.797 -0.797 -0.797 -0.797 -0.797 -0.797 -0.797 -0.797 0.301 0.301 0.301 0.301 0.301 0.301 0.301 0.301 0.301 0.301 0.301 0.301 0.301 0.301 0.301 0.301 0.301 0.301 0.301 0.301 0.301 0.301
0.0152 0.01508 9.00000 2.2575047016 2.5780691084    2.254  2.080  3.6695  2.341    4  0.000  0.352     0.00     0.00     0.00     0.00     0.00 -1 -1.13e-11      0.00 6.846e-01 2.999e-01 1.675e-03 2.259e-03 6.341e-03 -1.000 1.540e-02       4672          0          0          0          0      16.81      16.81 -0.430 -1.039 -1.930 -2.494 -2.594 -0.305 0.520 -0.381 -0.652 -0.805 0.296 -1.039 -1.039 -1.039 -1.039 -1.039 -1.039 -1.039 -1.039 -1.039 -1.039 -1.039 -1.039 -1.039 -1.039 -1.039 -1.039 -1.039 -1.039 -1.039 -1.039 -1.039 -1.039 -1.930 -1.930 -1.930 -1.930 -1.930 -1.930 -1.930 -1.930 -1.930 -1.930 -1.930 -1.930 -1.930 -1.930 -1.930 -1.930 -1.930 -1.930 -1.930 -1.930 -1.930 -1.930 -2.494 -2.494 -2.494 -2.494 -2.494 -2.494 -2.494 -2.494 -2.494 -2.494 -2.494 -2.494 -2.494 -2.494 -2.494 -2.494 -2.494 -2.494 -2.494 -2.494 -2.494 -2.494 -2.594 -2.594 -2.594 -2.594 -2.594 -2.594 -2.594 -2.594 -2.594 -2.594 -2.594 -2.594 -2.594 -2.594 -2.594 -2.594 -2.594 -2.594 -2.594 -2.594 -2.594 -2.594 -0.305 -0.305 -0.305 -0.305 -0.305 -0.305 -0.305 -0.305 -0.305 -0.305 -0.305 -0.305 -0.305 -0.305 -0.305 -0.305 -0.305 -0.305 -0.305 -0.305 -0.305 -0.305 0.520 0.520 0.520 0.520 0.520 0.520 0.520 0.520 0.520 0.520 0.520 0.520 0.520 0.520 0.520 0.520 0.520 0.520 0.520 0.520 0.520 0.520 -0.381 -0.381 -0.381 -0.381 -0.381 -0.381 -0.381 -0.381 -0.381 -0.381 -0.381 -0.381 -0.381 -0.381 -0.381 -0.381 -0.381 -0.381 -0.381 -0.381 -0.381 -0.381 -0.652 -0.652 -0.652 -0.652 -0.652 -0.652 -0.652 -0.652 -0.652 -0.652 -0.652 -0.652 -0.652 -0.652 -0.652 -0.652 -0.652 -0.652 -0.652 -0.652 -0.652 -0.652 -0.805 -0.805 -0.805 -0.805 -0.805 -0.805 -0.805 -0.805 -0.805 -0.805 -0.805 -0.805 -0.805 -0.805 -0.805 -0.805 -0.805 -0.805 -0.805 -0.805 -0.805 -0.805 0.296 0.296 0.296 0.296 0.296 0.296 0.296 0.296 0.296 0.296 0.296 0.296 0.296 0.296 0.296 0.296 0.296 0.296 0.296 0.296 0.296 0.296
0.0152 0.01508 9.00000 2.2575099468 2.5780692772    2.254  2.084  3.6693  2.336    4  0.000  0.352     0.00     0.00     0.00     0.00     0.00 -1 -1.15e-11      0.00 6.846e-01 2.999e-01 1.675e-03 2.259e-03 6.341e-03 -1.000 1.540e-02       4669          0          0          0          0       16.9       16.9 -0.439 -1.047 -1.940 -2.504 -2.604 -0.313 0.514 -0.389 -0.660 -0.814 0.290 -1.047 -1.047 -1.047 -1.047 -1.047 -1.047 -1.047 -1.047 -1.047 -1.047 -1.047 -1.047 -1.047 -1.047 -1.047 -1.047 -1.047 -1.047 -1.047 -1.047 -1.047 -1.047 -1.940 -1.940 -1.940 -1.940 -1.940 -1.940 -1.940 -1.940 -1.940 -1.940 -1.940 -1.940 -1.940 -1.940 -1.940 -1.940 -1.940 -1.940 -1.940 -1.940 -1.940 -1.940 -2.504 -2.504 -2.504 -2.504 -2.504 -2.504 -2.504 -2.504 -2.504 -2.504 -2.504 -2.504 -2.504 -2.504 -2.504 -2.504 -2.504 -2.504 -2.504 -2.504 -2.504 -2.504 -2.604 -2.604 -2.604 -2.604 -2.604 -2.604 -2.604 -2.604 -2.604 -2.604 -2.604 -2.604 -2.604 -2.604 -2.604 -2.604 -2.604 -2.604 -2.604 -2.604 -2.604 -2.604 -0.313 -0.313 -0.313 -0.313 -0.313 -0.313 -0.313 -0.313 -0.313 -0.313 -0.313 -0.313 -0.313 -0.313 -0.313 -0.313 -0.313 -0.313 -0.313 -0.313 -0.313 -0.313 0.514 0.514 0.514 0.514 0.514 0.514 0.514 0.514 0.514 0.514 0.514 0.514 0.514 0.514 0.514 0.514 0.514 0.514 0.514 0.514 0.514 0.514 -0.389 -0.389 -0.389 -0.389 -0.389 -0.389 -0.389 -0.389 -0.389 -0.389 -0.389 -0.389 -0.389 -0.389 -0.389 -0.389 -0.389 -0.389 -0.389 -0.389 -0.389 -0.389 -0.660 -0.660 -0.660 -0.660 -0.660 -0.660 -0.660 -0.660 -0.660 -0.660 -0.660 -0.660 -0.660 -0.660 -0.660 -0.660 -0.660 -0.660 -0.660 -0.660 -0.660 -0.660 -0.814 -0.814 -0.814 -0.814 -0.814 -0.814 -0.814 -0.814 -0.814 -0.814 -0.814 -0.814 -0.814 -0.814 -0.814 -0.814 -0.814 -0.814 -0.814 -0.814 -0.814 -0.814 0.290 0.290 0.290 0.290 0.290 0.290 0.290 0.290 0.290 0.290 0.290 0.290 0.290 0.290 0.290 0.290 0.290 0.290 0.290 0.290 0.290 0.290
0.0152 0.01508 9.00000 2.2575159073 2.5780694689    2.254  2.088  3.6689  2.331    4  0.000  0.352     0.00     0.00     0.00     0.00     0.00 -1 -1.17e-11      0.00 6.846e-01 2.999e-01 1.675e-03 2.259e-03 6.341e-03 -1.000 1.540e-02       4665          0          0          0          0         17         17 -0.449 -1.057 -1.951 -2.516 -2.616 -0.322 0.508 -0.398 -0.669 -0.824 0.284 -1.057 -1.057 -1.057 -1.057 -1.057 -1.057 -1.057 -1.057 -1.057 -1.057 -1.057 -1.057 -1.057 -1.057 -1.057 -1.057 -1.057 -1.057 -1.057 -1.057 -1.057 -1.057 -1.951 -1.951 -1.951 -1.951 -1.951 -1.951 -1.951 -1.951 -1.951 -1.951 -1.951 -1.951 -1.951 -1.951 -1.951 -1.951 -1.951 -1.951 -1.951 -1.951 -1.951 -1.951 -2.516 -2.516 -2.516 -2.516 -2.516 -2.516 -2.516 -2.516 -2.516 -2.516 -2.516 -2.516 -2.516 -2.516 -2.516 -2.516 -2.516 -2.516 -2.516 -2.516 -2.516 -2.516 -2.616 -2.616 -2.616 -2.616 -2.616 -2.616 -2.616 -2.616 -2.616 -2.616 -2.616 -2.616 -2.616 -2.616 -2.616 -2.616 -2.616 -2.616 -2.616 -2.616 -2.616 -2.616 -0.322 -0.322 -0.322 -0.322 -0.322 -0.322 -0.322 -0.322 -0.322 -0.322 -0.322 -0.322 -0.322 -0.322 -0.322 -0.322 -0.322 -0.322 -0.322 -0.322 -0.322 -0.322 0.508 0.508 0.508 0.508 0.508 0.508 0.508 0.508 0.508 0.508 0.508 0.508 0.508 0.508 0.508 0.508 0.508 0.508 0.508 0.508 0.508 0.508 -0.398 -0.398 -0.398 -0.398 -0.398 -0.398 -0.398 -0.398 -0.398 -0.398 -0.398 -0.398 -0.398 -0.398 -0.398 -0.398 -0.398 -0.398 -0.398 -0.398 -0.398 -0.398 -0.669 -0.669 -0.669 -0.669 -0.669 -0.669 -0.669 -0.669 -0.669 -0.669 -0.669 -0.669 -0.669 -0.669 -0.669 -0.669 -0.669 -0.669 -0.669 -0.669 -0.669 -0.669 -0.824 -0.824 -0.824 -0.824 -0.824 -0.824 -0.824 -0.824 -0.824 -0.824 -0.824 -0.824 -0.824 -0.824 -0.824 -0.824 -0.824 -0.824 -0.824 -0.824 -0.824 -0.824 0.284 0.284 0.284 0.284 0.284 0.284 0.284 0.284 0.284 0.284 0.284 0.284 0.284 0.284 0.284 0.284 0.284 0.284 0.284 0.284 0.284 0.284
0.0152 0.01508 9.00000 2.2575225830 2.5780696837    2.254  2.092  3.6686  2.325    4  0.000  0.352     0.00     0.00     0.00     0.00     0.00 -1 -1.19e-11      0.00 6.846e-01 2.999e-01 1.675e-03 2.259e-03 6.341e-03 -1.000 1.540e-02       4662          0          0          0          0      17.12      17.12 -0.460 -1.068 -1.963 -2.529 -2.630 -0.331 0.500 -0.408 -0.680 -0.835 0.276 -1.068 -1.068 -1.068 -1.068 -1.068 -1.068 -1.068 -1.068 -1.068 -1.068 -1.068 -1.068 -1.068 -1.068 -1.068 -1.068 -1.068 -1.068 -1.068 -1.068 -1.068 -1.068 -1.963 -1.963 -1.963 -1.963 -1.963 -1.963 -1.963 -1.963 -1.963 -1.963 -1.963 -1.963 -1.963 -1.963 -1.963 -1.963 -1.963 -1.963 -1.963 -1.963 -1.963 -1.963 -2.529 -2.529 -2.529 -2.529 -2.529 -2.529 -2.529 -2.529 -2.529 -2.529 -2.529 -2.529 -2.529 -2.529 -2.529 -2.529 -2.529 -2.529 -2.529 -2.529 -2.529 -2.529 -2.630 -2.630 -2.630 -2.630 -2.630 -2.630 -2.630 -2.630 -2.630 -2.630 -2.630 -2.630 -2.630 -2.630 -2.630 -2.630 -2.630 -2.630 -2.630 -2.630 -2.630 -2.630 -0.331 -0.331 -0.331 -0.331 -0.331 -0.331 -0.331 -0.331 -0.331 -0.331 -0.331 -0.331 -0.331 -0.331 -0.331 -0.331 -0.331 -0.331 -0.331 -0.331 -0.331 -0.331 0.500 0.500 0.500 0.500 0.500 0.500 0.500 0.500 0.500 0.500 0.500 0.500 0.500 0.500 0.500 0.500 0.500 0.500 0.500 0.500 0.500 0.500 -0.408 -0.408 -0.408 -0.408 -0.408 -0.408 -0.408 -0.408 -0.408 -0.408 -0.408 -0.408 -0.408 -0.408 -0.408 -0.408 -0.408 -0.408 -0.408 -0.408 -0.408 -0.408 -0.680 -0.680 -0.680 -0.680 -0.680 -0.680 -0.680 -0.680 -0.680 -0.680 -0.680 -0.680 -0.680 -0.680 -0.680 -0.680 -0.680 -0.680 -0.680 -0.680 -0.680 -0.680 -0.835 -0.835 -0.835 -0.835 -0.835 -0.835 -0.835 -0.835 -0.835 -0.835 -0.835 -0.835 -0.835 -0.835 -0.835 -0.835 -0.835 -0.835 -0.835 -0.835 -0.835 -0.835 0.276 0.276 0.276 0.276 0.276 0.276 0.276 0.276 0.276 0.276 0.276 0.276 0.276 0.276 0.276 0.276 0.276 0.276 0.276 0.276 0.276 0.276
0.0152 0.01508 9.00000 2.2575297356 2.5780699138    2.254  2.097  3.6682  2.319    4  0.000  0.352     0.00     0.00     0.00     0.00     0.00 -1 -1.22e-11      0.00 6.846e-01 2.999e-01 1.675e-03 2.259e-03 6.341e-03 -1.000 1.540e-02       4657          0          0          0          0      17.25      17.25 -0.473 -1.080 -1.977 -2.544 -2.645 -0.342 0.492 -0.419 -0.692 -0.848 0.268 -1.080 -1.080 -1.080 -1.080 -1.080 -1.080 -1.080 -1.080 -1.080 -1.080 -1.080 -1.080 -1.080 -1.080 -1.080 -1.080 -1.080 -1.080 -1.080 -1.080 -1.080 -1.080 -1.977 -1.977 -1.977 -1.977 -1.977 -1.977 -1.977 -1.977 -1.977 -1.977 -1.977 -1.977 -1.977 -1.977 -1.977 -1.977 -1.977 -1.977 -1.977 -1.977 -1.977 -1.977 -2.544 -2.544 -2.544 -2.544 -2.544 -2.544 -2.544 -2.544 -2.544 -2.544 -2.544 -2.544 -2.544 -2.544 -2.544 -2.544 -2.544 -2.544 -2.544 -2.544 -2.544 -2.544 -2.645 -2.645 -2.645 -2.645 -2.645 -2.645 -2.645 -2.645 -2.645 -2.645 -2.645 -2.645 -2.645 -2.645 -2.645 -2.645 -2.645 -2.645 -2.645 -2.645 -2.645 -2.645 -0.342 -0.342 -0.342 -0.342 -0.342 -0.342 -0.342 -0.342 -0.342 -0.342 -0.342 -0.342 -0.342 -0.342 -0.342 -0.342 -0.342 -0.342 -0.342 -0.342 -0.342 -0.342 0.492 0.492 0.492 0.492 0.492 0.492 0.492 0.492 0.492 0.492 0.492 0.492 0.492 0.492 0.492 0.492 0.492 0.492 0.492 0.492 0.492 0.492 -0.419 -0.419 -0.419 -0.419 -0.419 -0.419 -0.419 -0.419 -0.419 -0.419 -0.419 -0.419 -0.419 -0.419 -0.419 -0.419 -0.419 -0.419 -0.419 -0.419 -0.419 -0.419 -0.692 -0.692 -0.692 -0.692 -0.692 -0.692 -0.692 -0.692 -0.692 -0.692 -0.692 -0.692 -0.692 -0.692 -0.692 -0.692 -0.692 -0.692 -0.692 -0.692 -0.692 -0.692 -0.848 -0.848 -0.848 -0.848 -0.848 -0.848 -0.848 -0.848 -0.848 -0.848 -0.848 -0.848 -0.848 -0.848 -0.848 -0.848 -0.848 -0.848 -0.848 -0.848 -0.848 -0.848 0.268 0.268 0.268 0.268 0.268 0.268 0.268 0.268 0.268 0.268 0.268 0.268 0.268 0.268 0.268 0.268 0.268 0.268 0.268 0.268 0.268 0.268
0.0152 0.01508 9.00000 2.2575380802 2.5780701823    2.254  2.103  3.6678  2.311    4  0.000  0.352     0.00     0.00     0.00     0.00     0.00 -1 -1.25e-11      0.00 6.846e-01 2.999e-01 1.675e-03 2.259e-03 6.341e-03 -1.000 1.540e-02       4653          0          0          0          0      17.39      17.39 -0.487 -1.093 -1.992 -2.560 -2.662 -0.355 0.482 -0.431 -0.705 -0.862 0.259 -1.093 -1.093 -1.093 -1.093 -1.093 -1.093 -1.093 -1.093 -1.093 -1.093 -1.093 -1.093 -1.093 -1.093 -1.093 -1.093 -1.093 -1.093 -1.093 -1.093 -1.093 -1.093 -1.992 -1.992 -1.992 -1.992 -1.992 -1.992 -1.992 -1.992 -1.992 -1.992 -1.992 -1.992 -1.992 -1.992 -1.992 -1.992 -1.992 -1.992 -1.992 -1.992 -1.992 -1.992 -2.560 -2.560 -2.560 -2.560 -2.560 -2.560 -2.560 -2.560 -2.560 -2.560 -2.560 -2.560 -2.560 -2.560 -2.560 -2.560 -2.560 -2.560 -2.560 -2.560 -2.560 -2.560 -2.662 -2.662 -2.662 -2.662 -2.662 -2.662 -2.662 -2.662 -2.662 -2.662 -2.662 -2.662 -2.662 -2.662 -2.662 -2.662 -2.662 -2.662 -2.662 -2.662 -2.662 -2.662 -0.355 -0.355 -0.355 -0.355 -0.355 -0.355 -0.355 -0.355 -0.355 -0.355 -0.355 -0.355 -0.355 -0.355 -0.355 -0.355 -0.355 -0.355 -0.355 -0.355 -0.355 -0.355 0.482 0.482 0.482 0.482 0.482 0.482 0.482 0.482 0.482 0.482 0.482 0.482 0.482 0.482 0.482 0.482 0.482 0.482 0.482 0.482 0.482 0.482 -0.431 -0.431 -0.431 -0.431 -0.431 -0.431 -0.431 -0.431 -0.431 -0.431 -0.431 -0.431 -0.431 -0.431 -0.431 -0.431 -0.431 -0.431 -0.431 -0.431 -0.431 -0.431 -0.705 -0.705 -0.705 -0.705 -0.705 -0.705 -0.705 -0.705 -0.705 -0.705 -0.705 -0.705 -0.705 -0.705 -0.705 -0.705 -0.705 -0.705 -0.705 -0.705 -0.705 -0.705 -0.862 -0.862 -0.862 -0.862 -0.862 -0.862 -0.862 -0.862 -0.862 -0.862 -0.862 -0.862 -0.862 -0.862 -0.862 -0.862 -0.862 -0.862 -0.862 -0.862 -0.862 -0.862 0.259 0.259 0.259 0.259 0.259 0.259 0.259 0.259 0.259 0.259 0.259 0.259 0.259 0.259 0.259 0.259 0.259 0.259 0.259 0.259 0.259 0.259
0.0152 0.01508 9.00000 2.2575473785 2.5780704814    2.254  2.109  3.6673  2.303    4  0.000  0.352     0.00     0.00     0.00     0.00     0.00 -1 -1.29e-11      0.00 6.846e-01 2.999e-01 1.675e-03 2.259e-03 6.341e-03 -1.000 1.540e-02       4648          0          0          0          0      17.56      17.56 -0.502 -1.108 -2.009 -2.579 -2.681 -0.368 0.472 -0.445 -0.720 -0.877 0.249 -1.108 -1.108 -1.108 -1.108 -1.108 -1.108 -1.108 -1.108 -1.108 -1.108 -1.108 -1.108 -1.108 -1.108 -1.108 -1.108 -1.108 -1.108 -1.108 -1.108 -1.108 -1.108 -2.009 -2.009 -2.009 -2.009 -2.009 -2.009 -2.009 -2.009 -2.009 -2.009 -2.009 -2.009 -2.009 -2.009 -2.009 -2.009 -2.009 -2.009 -2.009 -2.009 -2.009 -2.009 -2.579 -2.579 -2.579 -2.579 -2.579 -2.579 -2.579 -2.579 -2.579 -2.579 -2.579 -2.579 -2.579 -2.579 -2.579 -2.579 -2.579 -2.579 -2.579 -2.579 -2.579 -2.579 -2.681 -2.681 -2.681 -2.681 -2.681 -2.681 -2.681 -2.681 -2.681 -2.681 -2.681 -2.681 -2.681 -2.681 -2.681 -2.681 -2.681 -2.681 -2.681 -2.681 -2.681 -2.681 -0.368 -0.368 -0.368 -0.368 -0.368 -0.368 -0.368 -0.368 -0.368 -0.368 -0.368 -0.368 -0.368 -0.368 -0.368 -0.368 -0.368 -0.368 -0.368 -0.368 -0.368 -0.368 0.472 0.472 0.472 0.472 0.472 0.472 0.472 0.472 0.472 0.472 0.472 0.472 0.472 0.472 0.472 0.472 0.472 0.472 0.472 0.472 0.472 0.472 -0.445 -0.445 -0.445 -0.445 -0.445 -0.445 -0.445 -0.445 -0.445 -0.445 -0.445 -0.445 -0.445 -0.445 -0.445 -0.445 -0.445 -0.445 -0.445 -0.445 -0.445 -0.445 -0.720 -0.720 -0.720 -0.720 -0.720 -0.720 -0.720 -0.720 -0.720 -0.720 -0.720 -0.720 -0.720 -0.720 -0.720 -0.720 -0.720 -0.720 -0.720 -0.720 -0.720 -0.720 -0.877 -0.877 -0.877 -0.877 -0.877 -0.877 -0.877 -0.877 -0.877 -0.877 -0.877 -0.877 -0.877 -0.877 -0.877 -0.877 -0.877 -0.877 -0.877 -0.877 -0.877 -0.877 0.249 0.249 0.249 0.249 0.249 0.249 0.249 0.249 0.249 0.249 0.249 0.249 0.249 0.249 0.249 0.249 0.249 0.249 0.249 0.249 0.249 0.249
0.0152 0.01508 9.00000 2.2575573921 2.5780708035    2.254  2.115  3.6668  2.295    4  0.000  0.352     0.00     0.00     0.00     0.00     0.00 -1 -1.34e-11      0.00 6.846e-01 2.999e-01 1.675e-03 2.259e-03 6.341e-03 -1.000 1.540e-02       4642          0          0          0          0      17.73      17.73 -0.518 -1.124 -2.026 -2.598 -2.700 -0.383 0.461 -0.459 -0.735 -0.893 0.239 -1.124 -1.124 -1.124 -1.124 -1.124 -1.124 -1.124 -1.124 -1.124 -1.124 -1.124 -1.124 -1.124 -1.124 -1.124 -1.124 -1.124 -1.124 -1.124 -1.124 -1.124 -1.124 -2.026 -2.026 -2.026 -2.026 -2.026 -2.026 -2.026 -2.026 -2.026 -2.026 -2.026 -2.026 -2.026 -2.026 -2.026 -2.026 -2.026 -2.026 -2.026 -2.026 -2.026 -2.026 -2.598 -2.598 -2.598 -2.598 -2.598 -2.598 -2.598 -2.598 -2.598 -2.598 -2.598 -2.598 -2.598 -2.598 -2.598 -2.598 -2.598 -2.598 -2.598 -2.598 -2.598 -2.598 -2.700 -2.700 -2.700 -2.700 -2.700 -2.700 -2.700 -2.700 -2.700 -2.700 -2.700 -2.700 -2.700 -2.700 -2.700 -2.700 -2.700 -2.700 -2.700 -2.700 -2.700 -2.700 -0.383 -0.383 -0.383 -0.383 -0.383 -0.383 -0.383 -0.383 -0.383 -0.383 -0.383 -0.383 -0.383 -0.383 -0.383 -0.383 -0.383 -0.383 -0.383 -0.383 -0.383 -0.383 0.461 0.461 0.461 0.461 0.461 0.461 0.461 0.461 0.461 0.461 0.461 0.461 0.461 0.461 0.461 0.461 0.461 0.461 0.461 0.461 0.461 0.461 -0.459 -0.459 -0.459 -0.459 -0.459 -0.459 -0.459 -0.459 -0.459 -0.459 -0.459 -0.459 -0.459 -0.459 -0.459 -0.459 -0.459 -0.459 -0.459 -0.459 -0.459 -0.459 -0.735 -0.735 -0.735 -0.735 -0.735 -0.735 -0.735 -0.735 -0.735 -0.735 -0.735 -0.735 -0.735 -0.735 -0.735 -0.735 -0.735 -0.735 -0.735 -0.735 -0.735 -0.735 -0.893 -0.893 -0.893 -0.893 -0.893 -0.893 -0.893 -0.893 -0.893 -0.893 -0.893 -0.893 -0.893 -0.893 -0.893 -0.893 -0.893 -0.893 -0.893 -0.893 -0.893 -0.893 0.239 0.239 0.239 0.239 0.239 0.239 0.239 0.239 0.239 0.239 0.239 0.239 0.239 0.239 0.239 0.239 0.239 0.239 0.239 0.239 0.239 0.239
0.0152 0.01508 9.00000 2.2575669289 2.5780711103    2.254  2.121  3.6663  2.287    4  0.000  0.352     0.00     0.00     0.00     0.00     0.00 -1  -1.4e-11      0.00 6.846e-01 2.999e-01 1.675e-03 2.259e-03 6.341e-03 -1.000 1.540e-02       4637          0          0          0          0       17.9       17.9 -0.533 -1.138 -2.043 -2.616 -2.719 -0.396 0.451 -0.472 -0.750 -0.909 0.229 -1.138 -1.138 -1.138 -1.138 -1.138 -1.138 -1.138 -1.138 -1.138 -1.138 -1.138 -1.138 -1.138 -1.138 -1.138 -1.138 -1.138 -1.138 -1.138 -1.138 -1.138 -1.138 -2.043 -2.043 -2.043 -2.043 -2.043 -2.043 -2.043 -2.043 -2.043 -2.043 -2.043 -2.043 -2.043 -2.043 -2.043 -2.043 -2.043 -2.043 -2.043 -2.043 -2.043 -2.043 -2.616 -2.616 -2.616 -2.616 -2.616 -2.616 -2.616 -2.616 -2.616 -2.616 -2.616 -2.616 -2.616 -2.616 -2.616 -2.616 -2.616 -2.616 -2.616 -2.616 -2.616 -2.616 -2.719 -2.719 -2.719 -2.719 -2.719 -2.719 -2.719 -2.719 -2.719 -2.719 -2.719 -2.719 -2.719 -2.719 -2.719 -2.719 -2.719 -2.719 -2.719 -2.719 -2.719 -2.719 -0.396 -0.396 -0.396 -0.396 -0.396 -0.396 -0.396 -0.396 -0.396 -0.396 -0.396 -0.396 -0.396 -0.396 -0.396 -0.396 -0.396 -0.396 -0.396 -0.396 -0.396 -0.396 0.451 0.451 0.451 0.451 0.451 0.451 0.451 0.451 0.451 0.451 0.451 0.451 0.451 0.451 0.451 0.451 0.451 0.451 0.451 0.451 0.451 0.451 -0.472 -0.472 -0.472 -0.472 -0.472 -0.472 -0.472 -0.472 -0.472 -0.472 -0.472 -0.472 -0.472 -0.472 -0.472 -0.472 -0.472 -0.472 -0.472 -0.472 -0.472 -0.472 -0.750 -0.750 -0.750 -0.750 -0.750 -0.750 -0.750 -0.750 -0.750 -0.750 -0.750 -0.750 -0.750 -0.750 -0.750 -0.750 -0.750 -0.750 -0.750 -0.750 -0.750 -0.750 -0.909 -0.909 -0.909 -0.909 -0.909 -0.909 -0.909 -0.909 -0.909 -0.909 -0.909 -0.909 -0.909 -0.909 -0.909 -0.909 -0.909 -0.909 -0.909 -0.909 -0.909 -0.909 0.229 0.229 0.229 0.229 0.229 0.229 0.229 0.229 0.229 0.229 0.229 0.229 0.229 0.229 0.229 0.229 0.229 0.229 0.229 0.229 0.229 0.229
0.0152 0.01508 9.00000 2.2575759888 2.5780714018    2.254  2.127  3.6659  2.279    4  0.000  0.352     0.00     0.00     0.00     0.00     0.00 -1 -1.45e-11      0.00 6.846e-01 2.999e-01 1.675e-03 2.259e-03 6.341e-03 -1.000 1.540e-02       4632          0          0          0          0      18.06      18.06 -0.548 -1.153 -2.059 -2.633 -2.737 -0.409 0.441 -0.485 -0.764 -0.924 0.219 -1.153 -1.153 -1.153 -1.153 -1.153 -1.153 -1.153 -1.153 -1.153 -1.153 -1.153 -1.153 -1.153 -1.153 -1.153 -1.153 -1.153 -1.153 -1.153 -1.153 -1.153 -1.153 -2.059 -2.059 -2.059 -2.059 -2.059 -2.059 -2.059 -2.059 -2.059 -2.059 -2.059 -2.059 -2.059 -2.059 -2.059 -2.059 -2.059 -2.059 -2.059 -2.059 -2.059 -2.059 -2.633 -2.633 -2.633 -2.633 -2.633 -2.633 -2.633 -2.633 -2.633 -2.633 -2.633 -2.633 -2.633 -2.633 -2.633 -2.633 -2.633 -2.633 -2.633 -2.633 -2.633 -2.633 -2.737 -2.737 -2.737 -2.737 -2.737 -2.737 -2.737 -2.737 -2.737 -2.737 -2.737 -2.737 -2.737 -2.737 -2.737 -2.737 -2.737 -2.737 -2.737 -2.737 -2.737 -2.737 -0.409 -0.409 -0.409 -0.409 -0.409 -0.409 -0.409 -0.409 -0.409 -0.409 -0.409 -0.409 -0.409 -0.409 -0.409 -0.409 -0.409 -0.409 -0.409 -0.409 -0.409 -0.409 0.441 0.441 0.441 0.441 0.441 0.441 0.441 0.441 0.441 0.441 0.441 0.441 0.441 0.441 0.441 0.441 0.441 0.441 0.441 0.441 0.441 0.441 -0.485 -0.485 -0.485 -0.485 -0.485 -0.485 -0.485 -0.485 -0.485 -0.485 -0.485 -0.485 -0.485 -0.485 -0.485 -0.485 -0.485 -0.485 -0.485 -0.485 -0.485 -0.485 -0.764 -0.764 -0.764 -0.764 -0.764 -0.764 -0.764 -0.764 -0.764 -0.764 -0.764 -0.764 -0.764 -0.764 -0.764 -0.764 -0.764 -0.764 -0.764 -0.764 -0.764 -0.764 -0.924 -0.924 -0.924 -0.924 -0.924 -0.924 -0.924 -0.924 -0.924 -0.924 -0.924 -0.924 -0.924 -0.924 -0.924 -0.924 -0.924 -0.924 -0.924 -0.924 -0.924 -0.924 0.219 0.219 0.219 0.219 0.219 0.219 0.219 0.219 0.219 0.219 0.219 0.219 0.219 0.219 0.219 0.219 0.219 0.219 0.219 0.219 0.219 0.219
0.0152 0.01508 9.00000 2.2575848103 2.5780716856    2.254  2.133  3.6654  2.272    4  0.000  0.352     0.00     0.00     0.00     0.00     0.00 -1 -1.51e-11      0.00 6.846e-01 2.999e-01 1.675e-03 2.259e-03 6.341e-03 -1.000 1.540e-02       4628          0          0          0          0      18.22      18.22 -0.563 -1.167 -2.075 -2.650 -2.754 -0.422 0.431 -0.498 -0.778 -0.938 0.210 -1.167 -1.167 -1.167 -1.167 -1.167 -1.167 -1.167 -1.167 -1.167 -1.167 -1.167 -1.167 -1.167 -1.167 -1.167 -1.167 -1.167 -1.167 -1.167 -1.167 -1.167 -1.167 -2.075 -2.075 -2.075 -2.075 -2.075 -2.075 -2.075 -2.075 -2.075 -2.075 -2.075 -2.075 -2.075 -2.075 -2.075 -2.075 -2.075 -2.075 -2.075 -2.075 -2.075 -2.075 -2.650 -2.650 -2.650 -2.650 -2.650 -2.650 -2.650 -2.650 -2.650 -2.650 -2.650 -2.650 -2.650 -2.650 -2.650 -2.650 -2.650 -2.650 -2.650 -2.650 -2.650 -2.650 -2.754 -2.754 -2.754 -2.754 -2.754 -2.754 -2.754 -2.754 -2.754 -2.754 -2.754 -2.754 -2.754 -2.754 -2.754 -2.754 -2.754 -2.754 -2.754 -2.754 -2.754 -2.754 -0.422 -0.422 -0.422 -0.422 -0.422 -0.422 -0.422 -0.422 -0.422 -0.422 -0.422 -0.422 -0.422 -0.422 -0.422 -0.422 -0.422 -0.422 -0.422 -0.422 -0.422 -0.422 0.431 0.431 0.431 0.431 0.431 0.431 0.431 0.431 0.431 0.431 0.431 0.431 0.431 0.431 0.431 0.431 0.431 0.431 0.431 0.431 0.431 0.431 -0.498 -0.498 -0.498 -0.498 -0.498 -0.498 -0.498 -0.498 -0.498 -0.498 -0.498 -0.498 -0.498 -0.498 -0.498 -0.498 -0.498 -0.498 -0.498 -0.498 -0.498 -0.498 -0.778 -0.778 -0.778 -0.778 -0.778 -0.778 -0.778 -0.778 -0.778 -0.778 -0.778 -0.778 -0.778 -0.778 -0.778 -0.778 -0.778 -0.778 -0.778 -0.778 -0.778 -0.778 -0.938 -0.938 -0.938 -0.938 -0.938 -0.938 -0.938 -0.938 -0.938 -0.938 -0.938 -0.938 -0.938 -0.938 -0.938 -0.938 -0.938 -0.938 -0.938 -0.938 -0.938 -0.938 0.210 0.210 0.210 0.210 0.210 0.210 0.210 0.210 0.210 0.210 0.210 0.210 0.210 0.210 0.210 0.210 0.210 0.210 0.210 0.210 0.210 0.210
0.0152 0.01508 9.00000 2.2575936317 2.5780719694    2.254  2.139  3.6650  2.264    4  0.000  0.352     0.00     0.00     0.00     0.00     0.00 -1 -1.56e-11      0.00 6.846e-01 3.000e-01 1.675e-03 2.259e-03 6.341e-03 -1.000 1.540e-02       4623          0          0          0          0      18.38      18.38 -0.577 -1.180 -2.091 -2.667 -2.771 -0.434 0.422 -0.510 -0.791 -0.952 0.201 -1.180 -1.180 -1.180 -1.180 -1.180 -1.180 -1.180 -1.180 -1.180 -1.180 -1.180 -1.180 -1.180 -1.180 -1.180 -1.180 -1.180 -1.180 -1.180 -1.180 -1.180 -1.180 -2.091 -2.091 -2.091 -2.091 -2.091 -2.091 -2.091 -2.091 -2.091 -2.091 -2.091 -2.091 -2.091 -2.091 -2.091 -2.091 -2.091 -2.091 -2.091 -2.091 -2.091 -2.091 -2.667 -2.667 -2.667 -2.667 -2.667 -2.667 -2.667 -2.667 -2.667 -2.667 -2.667 -2.667 -2.667 -2.667 -2.667 -2.667 -2.667 -2.667 -2.667 -2.667 -2.667 -2.667 -2.771 -2.771 -2.771 -2.771 -2.771 -2.771 -2.771 -2.771 -2.771 -2.771 -2.771 -2.771 -2.771 -2.771 -2.771 -2.771 -2.771 -2.771 -2.771 -2.771 -2.771 -2.771 -0.434 -0.434 -0.434 -0.434 -0.434 -0.434 -0.434 -0.434 -0.434 -0.434 -0.434 -0.434 -0.434 -0.434 -0.434 -0.434 -0.434 -0.434 -0.434 -0.434 -0.434 -0.434 0.422 0.422 0.422 0.422 0.422 0.422 0.422 0.422 0.422 0.422 0.422 0.422 0.422 0.422 0.422 0.422 0.422 0.422 0.422 0.422 0.422 0.422 -0.510 -0.510 -0.510 -0.510 -0.510 -0.510 -0.510 -0.510 -0.510 -0.510 -0.510 -0.510 -0.510 -0.510 -0.510 -0.510 -0.510 -0.510 -0.510 -0.510 -0.510 -0.510 -0.791 -0.791 -0.791 -0.791 -0.791 -0.791 -0.791 -0.791 -0.791 -0.791 -0.791 -0.791 -0.791 -0.791 -0.791 -0.791 -0.791 -0.791 -0.791 -0.791 -0.791 -0.791 -0.952 -0.952 -0.952 -0.952 -0.952 -0.952 -0.952 -0.952 -0.952 -0.952 -0.952 -0.952 -0.952 -0.952 -0.952 -0.952 -0.952 -0.952 -0.952 -0.952 -0.952 -0.952 0.201 0.201 0.201 0.201 0.201 0.201 0.201 0.201 0.201 0.201 0.201 0.201 0.201 0.201 0.201 0.201 0.201 0.201 0.201 0.201 0.201 0.201
0.0152 0.01508 9.00000 2.2576019764 2.5780722378    2.254  2.142  3.6647  2.260    4  0.000  0.352     0.00     0.00     0.00     0.00     0.00 -1 -1.59e-11      0.00 6.846e-01 3.000e-01 1.675e-03 2.259e-03 6.341e-03 -1.000 1.540e-02       4620          0          0          0          0      18.46      18.46 -0.585 -1.188 -2.100 -2.677 -2.781 -0.442 0.416 -0.518 -0.799 -0.961 0.195 -1.188 -1.188 -1.188 -1.188 -1.188 -1.188 -1.188 -1.188 -1.188 -1.188 -1.188 -1.188 -1.188 -1.188 -1.188 -1.188 -1.188 -1.188 -1.188 -1.188 -1.188 -1.188 -2.100 -2.100 -2.100 -2.100 -2.100 -2.100 -2.100 -2.100 -2.100 -2.100 -2.100 -2.100 -2.100 -2.100 -2.100 -2.100 -2.100 -2.100 -2.100 -2.100 -2.100 -2.100 -2.677 -2.677 -2.677 -2.677 -2.677 -2.677 -2.677 -2.677 -2.677 -2.677 -2.677 -2.677 -2.677 -2.677 -2.677 -2.677 -2.677 -2.677 -2.677 -2.677 -2.677 -2.677 -2.781 -2.781 -2.781 -2.781 -2.781 -2.781 -2.781 -2.781 -2.781 -2.781 -2.781 -2.781 -2.781 -2.781 -2.781 -2.781 -2.781 -2.781 -2.781 -2.781 -2.781 -2.781 -0.442 -0.442 -0.442 -0.442 -0.442 -0.442 -0.442 -0.442 -0.442 -0.442 -0.442 -0.442 -0.442 -0.442 -0.442 -0.442 -0.442 -0.442 -0.442 -0.442 -0.442 -0.442 0.416 0.416 0.416 0.416 0.416 0.416 0.416 0.416 0.416 0.416 0.416 0.416 0.416 0.416 0.416 0.416 0.416 0.416 0.416 0.416 0.416 0.416 -0.518 -0.518 -0.518 -0.518 -0.518 -0.518 -0.518 -0.518 -0.518 -0.518 -0.518 -0.518 -0.518 -0.518 -0.518 -0.518 -0.518 -0.518 -0.518 -0.518 -0.518 -0.518 -0.799 -0.799 -0.799 -0.799 -0.799 -0.799 -0.799 -0.799 -0.799 -0.799 -0.799 -0.799 -0.799 -0.799 -0.799 -0.799 -0.799 -0.799 -0.799 -0.799 -0.799 -0.799 -0.961 -0.961 -0.961 -0.961 -0.961 -0.961 -0.961 -0.961 -0.961 -0.961 -0.961 -0.961 -0.961 -0.961 -0.961 -0.961 -0.961 -0.961 -0.961 -0.961 -0.961 -0.961 0.195 0.195 0.195 0.195 0.195 0.195 0.195 0.195 0.195 0.195 0.195 0.195 0.195 0.195 0.195 0.195 0.195 0.195 0.195 0.195 0.195 0.195
0.0152 0.01508 9.00000 2.2576103210 2.5780725063    2.254  2.143  3.6647  2.258    4  0.000  0.352     0.00     0.00     0.00     0.00     0.00 -1 -1.59e-11      0.00 6.846e-01 3.000e-01 1.675e-03 2.259e-03 6.341e-03 -1.000 1.540e-02       4620          0          0          0          0      18.49      18.49 -0.588 -1.191 -2.103 -2.681 -2.785 -0.444 0.414 -0.521 -0.802 -0.964 0.193 -1.191 -1.191 -1.191 -1.191 -1.191 -1.191 -1.191 -1.191 -1.191 -1.191 -1.191 -1.191 -1.191 -1.191 -1.191 -1.191 -1.191 -1.191 -1.191 -1.191 -1.191 -1.191 -2.103 -2.103 -2.103 -2.103 -2.103 -2.103 -2.103 -2.103 -2.103 -2.103 -2.103 -2.103 -2.103 -2.103 -2.103 -2.103 -2.103 -2.103 -2.103 -2.103 -2.103 -2.103 -2.681 -2.681 -2.681 -2.681 -2.681 -2.681 -2.681 -2.681 -2.681 -2.681 -2.681 -2.681 -2.681 -2.681 -2.681 -2.681 -2.681 -2.681 -2.681 -2.681 -2.681 -2.681 -2.785 -2.785 -2.785 -2.785 -2.785 -2.785 -2.785 -2.785 -2.785 -2.785 -2.785 -2.785 -2.785 -2.785 -2.785 -2.785 -2.785 -2.785 -2.785 -2.785 -2.785 -2.785 -0.444 -0.444 -0.444 -0.444 -0.444 -0.444 -0.444 -0.444 -0.444 -0.444 -0.444 -0.444 -0.444 -0.444 -0.444 -0.444 -0.444 -0.444 -0.444 -0.444 -0.444 -0.444 0.414 0.414 0.414 0.414 0.414 0.414 0.414 0.414 0.414 0.414 0.414 0.414 0.414 0.414 0.414 0.414 0.414 0.414 0.414 0.414 0.414 0.414 -0.521 -0.521 -0.521 -0.521 -0.521 -0.521 -0.521 -0.521 -0.521 -0.521 -0.521 -0.521 -0.521 -0.521 -0.521 -0.521 -0.521 -0.521 -0.521 -0.521 -0.521 -0.521 -0.802 -0.802 -0.802 -0.802 -0.802 -0.802 -0.802 -0.802 -0.802 -0.802 -0.802 -0.802 -0.802 -0.802 -0.802 -0.802 -0.802 -0.802 -0.802 -0.802 -0.802 -0.802 -0.964 -0.964 -0.964 -0.964 -0.964 -0.964 -0.964 -0.964 -0.964 -0.964 -0.964 -0.964 -0.964 -0.964 -0.964 -0.964 -0.964 -0.964 -0.964 -0.964 -0.964 -0.964 0.193 0.193 0.193 0.193 0.193 0.193 0.193 0.193 0.193 0.193 0.193 0.193 0.193 0.193 0.193 0.193 0.193 0.193 0.193 0.193 0.193 0.193
0.0152 0.01508 9.00000 2.2576184273 2.5780727670    2.254  2.144  3.6646  2.257    4  0.000  0.352     0.00     0.00     0.00     0.00     0.00 -1 -1.59e-11      0.00 6.846e-01 3.000e-01 1.675e-03 2.259e-03 6.341e-03 -1.000 1.540e-02       4619          0          0          0          0      18.51      18.51 -0.591 -1.194 -2.106 -2.684 -2.788 -0.447 0.411 -0.523 -0.805 -0.967 0.191 -1.194 -1.194 -1.194 -1.194 -1.194 -1.194 -1.194 -1.194 -1.194 -1.194 -1.194 -1.194 -1.194 -1.194 -1.194 -1.194 -1.194 -1.194 -1.194 -1.194 -1.194 -1.194 -2.106 -2.106 -2.106 -2.106 -2.106 -2.106 -2.106 -2.106 -2.106 -2.106 -2.106 -2.106 -2.106 -2.106 -2.106 -2.106 -2.106 -2.106 -2.106 -2.106 -2.106 -2.106 -2.684 -2.684 -2.684 -2.684 -2.684 -2.684 -2.684 -2.684 -2.684 -2.684 -2.684 -2.684 -2.684 -2.684 -2.684 -2.684 -2.684 -2.684 -2.684 -2.684 -2.684 -2.684 -2.788 -2.788 -2.788 -2.788 -2.788 -2.788 -2.788 -2.788 -2.788 -2.788 -2.788 -2.788 -2.788 -2.788 -2.788 -2.788 -2.788 -2.788 -2.788 -2.788 -2.788 -2.788 -0.447 -0.447 -0.447 -0.447 -0.447 -0.447 -0.447 -0.447 -0.447 -0.447 -0.447 -0.447 -0.447 -0.447 -0.447 -0.447 -0.447 -0.447 -0.447 -0.447 -0.447 -0.447 0.411 0.411 0.411 0.411 0.411 0.411 0.411 0.411 0.411 0.411 0.411 0.411 0.411 0.411 0.411 0.411 0.411 0.411 0.411 0.411 0.411 0.411 -0.523 -0.523 -0.523 -0.523 -0.523 -0.523 -0.523 -0.523 -0.523 -0.523 -0.523 -0.523 -0.523 -0.523 -0.523 -0.523 -0.523 -0.523 -0.523 -0.523 -0.523 -0.523 -0.805 -0.805 -0.805 -0.805 -0.805 -0.805 -0.805 -0.805 -0.805 -0.805 -0.805 -0.805 -0.805 -0.805 -0.805 -0.805 -0.805 -0.805 -0.805 -0.805 -0.805 -0.805 -0.967 -0.967 -0.967 -0.967 -0.967 -0.967 -0.967 -0.967 -0.967 -0.967 -0.967 -0.967 -0.967 -0.967 -0.967 -0.967 -0.967 -0.967 -0.967 -0.967 -0.967 -0.967 0.191 0.191 0.191 0.191 0.191 0.191 0.191 0.191 0.191 0.191 0.191 0.191 0.191 0.191 0.191 0.191 0.191 0.191 0.191 0.191 0.191 0.191
0.0152 0.01508 9.00000 2.2576265335 2.5780730278    2.254  2.146  3.6645  2.256    4  0.000  0.352     0.00     0.00     0.00     0.00     0.00 -1 -1.59e-11      0.00 6.846e-01 3.000e-01 1.675e-03 2.259e-03 6.341e-03 -1.000 1.540e-02       4618          0          0          0          0      18.53      18.53 -0.594 -1.197 -2.109 -2.687 -2.792 -0.450 0.409 -0.526 -0.807 -0.970 0.188 -1.197 -1.197 -1.197 -1.197 -1.197 -1.197 -1.197 -1.197 -1.197 -1.197 -1.197 -1.197 -1.197 -1.197 -1.197 -1.197 -1.197 -1.197 -1.197 -1.197 -1.197 -1.197 -2.109 -2.109 -2.109 -2.109 -2.109 -2.109 -2.109 -2.109 -2.109 -2.109 -2.109 -2.109 -2.109 -2.109 -2.109 -2.109 -2.109 -2.109 -2.109 -2.109 -2.109 -2.109 -2.687 -2.687 -2.687 -2.687 -2.687 -2.687 -2.687 -2.687 -2.687 -2.687 -2.687 -2.687 -2.687 -2.687 -2.687 -2.687 -2.687 -2.687 -2.687 -2.687 -2.687 -2.687 -2.792 -2.792 -2.792 -2.792 -2.792 -2.792 -2.792 -2.792 -2.792 -2.792 -2.792 -2.792 -2.792 -2.792 -2.792 -2.792 -2.792 -2.792 -2.792 -2.792 -2.792 -2.792 -0.450 -0.450 -0.450 -0.450 -0.450 -0.450 -0.450 -0.450 -0.450 -0.450 -0.450 -0.450 -0.450 -0.450 -0.450 -0.450 -0.450 -0.450 -0.450 -0.450 -0.450 -0.450 0.409 0.409 0.409 0.409 0.409 0.409 0.409 0.409 0.409 0.409 0.409 0.409 0.409 0.409 0.409 0.409 0.409 0.409 0.409 0.409 0.409 0.409 -0.526 -0.526 -0.526 -0.526 -0.526 -0.526 -0.526 -0.526 -0.526 -0.526 -0.526 -0.526 -0.526 -0.526 -0.526 -0.526 -0.526 -0.526 -0.526 -0.526 -0.526 -0.526 -0.807 -0.807 -0.807 -0.807 -0.807 -0.807 -0.807 -0.807 -0.807 -0.807 -0.807 -0.807 -0.807 -0.807 -0.807 -0.807 -0.807 -0.807 -0.807 -0.807 -0.807 -0.807 -0.970 -0.970 -0.970 -0.970 -0.970 -0.970 -0.970 -0.970 -0.970 -0.970 -0.970 -0.970 -0.970 -0.970 -0.970 -0.970 -0.970 -0.970 -0.970 -0.970 -0.970 -0.970 0.188 0.188 0.188 0.188 0.188 0.188 0.188 0.188 0.188 0.188 0.188 0.188 0.188 0.188 0.188 0.188 0.188 0.188 0.188 0.188 0.188 0.188
0.0152 0.01508 9.00000 2.2576344013 2.5780732809    2.254  2.144  3.6647  2.258    4  0.000  0.352     0.00     0.00     0.00     0.00     0.00 -1 -1.57e-11      0.00 6.846e-01 3.000e-01 1.675e-03 2.259e-03 6.341e-03 -1.000 1.540e-02       4620          0          0          0          0      18.48      18.48 -0.590 -1.193 -2.104 -2.682 -2.786 -0.446 0.412 -0.522 -0.803 -0.965 0.191 -1.193 -1.193 -1.193 -1.193 -1.193 -1.193 -1.193 -1.193 -1.193 -1.193 -1.193 -1.193 -1.193 -1.193 -1.193 -1.193 -1.193 -1.193 -1.193 -1.193 -1.193 -1.193 -2.104 -2.104 -2.104 -2.104 -2.104 -2.104 -2.104 -2.104 -2.104 -2.104 -2.104 -2.104 -2.104 -2.104 -2.104 -2.104 -2.104 -2.104 -2.104 -2.104 -2.104 -2.104 -2.682 -2.682 -2.682 -2.682 -2.682 -2.682 -2.682 -2.682 -2.682 -2.682 -2.682 -2.682 -2.682 -2.682 -2.682 -2.682 -2.682 -2.682 -2.682 -2.682 -2.682 -2.682 -2.786 -2.786 -2.786 -2.786 -2.786 -2.786 -2.786 -2.786 -2.786 -2.786 -2.786 -2.786 -2.786 -2.786 -2.786 -2.786 -2.786 -2.786 -2.786 -2.786 -2.786 -2.786 -0.446 -0.446 -0.446 -0.446 -0.446 -0.446 -0.446 -0.446 -0.446 -0.446 -0.446 -0.446 -0.446 -0.446 -0.446 -0.446 -0.446 -0.446 -0.446 -0.446 -0.446 -0.446 0.412 0.412 0.412 0.412 0.412 0.412 0.412 0.412 0.412 0.412 0.412 0.412 0.412 0.412 0.412 0.412 0.412 0.412 0.412 0.412 0.412 0.412 -0.522 -0.522 -0.522 -0.522 -0.522 -0.522 -0.522 -0.522 -0.522 -0.522 -0.522 -0.522 -0.522 -0.522 -0.522 -0.522 -0.522 -0.522 -0.522 -0.522 -0.522 -0.522 -0.803 -0.803 -0.803 -0.803 -0.803 -0.803 -0.803 -0.803 -0.803 -0.803 -0.803 -0.803 -0.803 -0.803 -0.803 -0.803 -0.803 -0.803 -0.803 -0.803 -0.803 -0.803 -0.965 -0.965 -0.965 -0.965 -0.965 -0.965 -0.965 -0.965 -0.965 -0.965 -0.965 -0.965 -0.965 -0.965 -0.965 -0.965 -0.965 -0.965 -0.965 -0.965 -0.965 -0.965 0.191 0.191 0.191 0.191 0.191 0.191 0.191 0.191 0.191 0.191 0.191 0.191 0.191 0.191 0.191 0.191 0.191 0.191 0.191 0.191 0.191 0.191
0.0152 0.01508 9.00000 2.2576422691 2.5780735340    2.254  2.139  3.6651  2.264    4  0.000  0.352     0.00     0.00     0.00     0.00     0.00 -1 -1.52e-11      0.00 6.846e-01 3.000e-01 1.675e-03 2.259e-03 6.341e-03 -1.000 1.540e-02       4624          0          0          0          0      18.34      18.34 -0.578 -1.182 -2.092 -2.668 -2.772 -0.436 0.419 -0.512 -0.792 -0.954 0.198 -1.182 -1.182 -1.182 -1.182 -1.182 -1.182 -1.182 -1.182 -1.182 -1.182 -1.182 -1.182 -1.182 -1.182 -1.182 -1.182 -1.182 -1.182 -1.182 -1.182 -1.182 -1.182 -2.092 -2.092 -2.092 -2.092 -2.092 -2.092 -2.092 -2.092 -2.092 -2.092 -2.092 -2.092 -2.092 -2.092 -2.092 -2.092 -2.092 -2.092 -2.092 -2.092 -2.092 -2.092 -2.668 -2.668 -2.668 -2.668 -2.668 -2.668 -2.668 -2.668 -2.668 -2.668 -2.668 -2.668 -2.668 -2.668 -2.668 -2.668 -2.668 -2.668 -2.668 -2.668 -2.668 -2.668 -2.772 -2.772 -2.772 -2.772 -2.772 -2.772 -2.772 -2.772 -2.772 -2.772 -2.772 -2.772 -2.772 -2.772 -2.772 -2.772 -2.772 -2.772 -2.772 -2.772 -2.772 -2.772 -0.436 -0.436 -0.436 -0.436 -0.436 -0.436 -0.436 -0.436 -0.436 -0.436 -0.436 -0.436 -0.436 -0.436 -0.436 -0.436 -0.436 -0.436 -0.436 -0.436 -0.436 -0.436 0.419 0.419 0.419 0.419 0.419 0.419 0.419 0.419 0.419 0.419 0.419 0.419 0.419 0.419 0.419 0.419 0.419 0.419 0.419 0.419 0.419 0.419 -0.512 -0.512 -0.512 -0.512 -0.512 -0.512 -0.512 -0.512 -0.512 -0.512 -0.512 -0.512 -0.512 -0.512 -0.512 -0.512 -0.512 -0.512 -0.512 -0.512 -0.512 -0.512 -0.792 -0.792 -0.792 -0.792 -0.792 -0.792 -0.792 -0.792 -0.792 -0.792 -0.792 -0.792 -0.792 -0.792 -0.792 -0.792 -0.792 -0.792 -0.792 -0.792 -0.792 -0.792 -0.954 -0.954 -0.954 -0.954 -0.954 -0.954 -0.954 -0.954 -0.954 -0.954 -0.954 -0.954 -0.954 -0.954 -0.954 -0.954 -0.954 -0.954 -0.954 -0.954 -0.954 -0.954 0.198 0.198 0.198 0.198 0.198 0.198 0.198 0.198 0.198 0.198 0.198 0.198 0.198 0.198 0.198 0.198 0.198 0.198 0.198 0.198 0.198 0.198
0.0152 0.01508 9.00000 2.2576498985 2.5780737794    2.254  2.135  3.6654  2.270    4  0.000  0.352     0.00     0.00     0.00     0.00     0.00 -1 -1.49e-11      0.00 6.846e-01 3.000e-01 1.675e-03 2.259e-03 6.341e-03 -1.000 1.540e-02       4628          0          0          0          0      18.23      18.23 -0.567 -1.171 -2.080 -2.655 -2.759 -0.427 0.426 -0.503 -0.782 -0.943 0.205 -1.171 -1.171 -1.171 -1.171 -1.171 -1.171 -1.171 -1.171 -1.171 -1.171 -1.171 -1.171 -1.171 -1.171 -1.171 -1.171 -1.171 -1.171 -1.171 -1.171 -1.171 -1.171 -2.080 -2.080 -2.080 -2.080 -2.080 -2.080 -2.080 -2.080 -2.080 -2.080 -2.080 -2.080 -2.080 -2.080 -2.080 -2.080 -2.080 -2.080 -2.080 -2.080 -2.080 -2.080 -2.655 -2.655 -2.655 -2.655 -2.655 -2.655 -2.655 -2.655 -2.655 -2.655 -2.655 -2.655 -2.655 -2.655 -2.655 -2.655 -2.655 -2.655 -2.655 -2.655 -2.655 -2.655 -2.759 -2.759 -2.759 -2.759 -2.759 -2.759 -2.759 -2.759 -2.759 -2.759 -2.759 -2.759 -2.759 -2.759 -2.759 -2.759 -2.759 -2.759 -2.759 -2.759 -2.759 -2.759 -0.427 -0.427 -0.427 -0.427 -0.427 -0.427 -0.427 -0.427 -0.427 -0.427 -0.427 -0.427 -0.427 -0.427 -0.427 -0.427 -0.427 -0.427 -0.427 -0.427 -0.427 -0.427 0.426 0.426 0.426 0.426 0.426 0.426 0.426 0.426 0.426 0.426 0.426 0.426 0.426 0.426 0.426 0.426 0.426 0.426 0.426 0.426 0.426 0.426 -0.503 -0.503 -0.503 -0.503 -0.503 -0.503 -0.503 -0.503 -0.503 -0.503 -0.503 -0.503 -0.503 -0.503 -0.503 -0.503 -0.503 -0.503 -0.503 -0.503 -0.503 -0.503 -0.782 -0.782 -0.782 -0.782 -0.782 -0.782 -0.782 -0.782 -0.782 -0.782 -0.782 -0.782 -0.782 -0.782 -0.782 -0.782 -0.782 -0.782 -0.782 -0.782 -0.782 -0.782 -0.943 -0.943 -0.943 -0.943 -0.943 -0.943 -0.943 -0.943 -0.943 -0.943 -0.943 -0.943 -0.943 -0.943 -0.943 -0.943 -0.943 -0.943 -0.943 -0.943 -0.943 -0.943 0.205 0.205 0.205 0.205 0.205 0.205 0.205 0.205 0.205 0.205 0.205 0.205 0.205 0.205 0.205 0.205 0.205 0.205 0.205 0.205 0.205 0.205
0.0152 0.01508 9.00000 2.2576575279 2.5780740248    2.254  2.131  3.6657  2.275    4  0.000  0.352     0.00     0.00     0.00     0.00     0.00 -1 -1.47e-11      0.00 6.846e-01 3.000e-01 1.675e-03 2.259e-03 6.341e-03 -1.000 1.540e-02       4631          0          0          0          0      18.13      18.13 -0.557 -1.162 -2.069 -2.643 -2.746 -0.418 0.433 -0.494 -0.773 -0.933 0.211 -1.162 -1.162 -1.162 -1.162 -1.162 -1.162 -1.162 -1.162 -1.162 -1.162 -1.162 -1.162 -1.162 -1.162 -1.162 -1.162 -1.162 -1.162 -1.162 -1.162 -1.162 -1.162 -2.069 -2.069 -2.069 -2.069 -2.069 -2.069 -2.069 -2.069 -2.069 -2.069 -2.069 -2.069 -2.069 -2.069 -2.069 -2.069 -2.069 -2.069 -2.069 -2.069 -2.069 -2.069 -2.643 -2.643 -2.643 -2.643 -2.643 -2.643 -2.643 -2.643 -2.643 -2.643 -2.643 -2.643 -2.643 -2.643 -2.643 -2.643 -2.643 -2.643 -2.643 -2.643 -2.643 -2.643 -2.746 -2.746 -2.746 -2.746 -2.746 -2.746 -2.746 -2.746 -2.746 -2.746 -2.746 -2.746 -2.746 -2.746 -2.746 -2.746 -2.746 -2.746 -2.746 -2.746 -2.746 -2.746 -0.418 -0.418 -0.418 -0.418 -0.418 -0.418 -0.418 -0.418 -0.418 -0.418 -0.418 -0.418 -0.418 -0.418 -0.418 -0.418 -0.418 -0.418 -0.418 -0.418 -0.418 -0.418 0.433 0.433 0.433 0.433 0.433 0.433 0.433 0.433 0.433 0.433 0.433 0.433 0.433 0.433 0.433 0.433 0.433 0.433 0.433 0.433 0.433 0.433 -0.494 -0.494 -0.494 -0.494 -0.494 -0.494 -0.494 -0.494 -0.494 -0.494 -0.494 -0.494 -0.494 -0.494 -0.494 -0.494 -0.494 -0.494 -0.494 -0.494 -0.494 -0.494 -0.773 -0.773 -0.773 -0.773 -0.773 -0.773 -0.773 -0.773 -0.773 -0.773 -0.773 -0.773 -0.773 -0.773 -0.773 -0.773 -0.773 -0.773 -0.773 -0.773 -0.773 -0.773 -0.933 -0.933 -0.933 -0.933 -0.933 -0.933 -0.933 -0.933 -0.933 -0.933 -0.933 -0.933 -0.933 -0.933 -0.933 -0.933 -0.933 -0.933 -0.933 -0.933 -0.933 -0.933 0.211 0.211 0.211 0.211 0.211 0.211 0.211 0.211 0.211 0.211 0.211 0.211 0.211 0.211 0.211 0.211 0.211 0.211 0.211 0.211 0.211 0.211
0.0152 0.01508 9.00000 2.2576649189 2.5780742626    2.254  2.130  3.6658  2.277    4  0.531  0.352     0.00     0.00     0.00     0.00     0.00 -1 -1.46e-11      0.00 6.846e-01 3.000e-01 1.675e-03 2.259e-03 6.341e-03 -1.000 1.540e-02       4632          0          0          0          0      18.11      18.11 -0.554 -1.159 -2.066 -2.640 -2.743 -0.415 0.435 -0.492 -0.770 -0.930 0.213 -1.159 -1.159 -1.159 -1.159 -1.159 -1.159 -1.159 -1.159 -1.159 -1.159 -1.159 -1.159 -1.159 -1.159 -1.159 -1.159 -1.159 -1.159 -1.159 -1.159 -1.159 -1.159 -2.066 -2.066 -2.066 -2.066 -2.066 -2.066 -2.066 -2.066 -2.066 -2.066 -2.066 -2.066 -2.066 -2.066 -2.066 -2.066 -2.066 -2.066 -2.066 -2.066 -2.066 -2.066 -2.640 -2.640 -2.640 -2.640 -2.640 -2.640 -2.640 -2.640 -2.640 -2.640 -2.640 -2.640 -2.640 -2.640 -2.640 -2.640 -2.640 -2.640 -2.640 -2.640 -2.640 -2.640 -2.743 -2.743 -2.743 -2.743 -2.743 -2.743 -2.743 -2.743 -2.743 -2.743 -2.743 -2.743 -2.743 -2.743 -2.743 -2.743 -2.743 -2.743 -2.743 -2.743 -2.743 -2.743 -0.415 -0.415 -0.415 -0.415 -0.415 -0.415 -0.415 -0.415 -0.415 -0.415 -0.415 -0.415 -0.415 -0.415 -0.415 -0.415 -0.415 -0.415 -0.415 -0.415 -0.415 -0.415 0.435 0.435 0.435 0.435 0.435 0.435 0.435 0.435 0.435 0.435 0.435 0.435 0.435 0.435 0.435 0.435 0.435 0.435 0.435 0.435 0.435 0.435 -0.492 -0.492 -0.492 -0.492 -0.492 -0.492 -0.492 -0.492 -0.492 -0.492 -0.492 -0.492 -0.492 -0.492 -0.492 -0.492 -0.492 -0.492 -0.492 -0.492 -0.492 -0.492 -0.770 -0.770 -0.770 -0.770 -0.770 -0.770 -0.770 -0.770 -0.770 -0.770 -0.770 -0.770 -0.770 -0.770 -0.770 -0.770 -0.770 -0.770 -0.770 -0.770 -0.770 -0.770 -0.930 -0.930 -0.930 -0.930 -0.930 -0.930 -0.930 -0.930 -0.930 -0.930 -0.930 -0.930 -0.930 -0.930 -0.930 -0.930 -0.930 -0.930 -0.930 -0.930 -0.930 -0.930 0.213 0.213 0.213 0.213 0.213 0.213 0.213 0.213 0.213 0.213 0.213 0.213 0.213 0.213 0.213 0.213 0.213 0.213 0.213 0.213 0.213 0.213
0.0152 0.01508 9.00000 2.2576720715 2.5780744926    2.254  2.129  3.6659  2.278    4  0.531  0.352     0.00     0.00     0.00     0.00     0.00 -1 -1.46e-11      0.00 6.846e-01 3.000e-01 1.675e-03 2.259e-03 6.341e-03 -1.000 1.540e-02       4633          0          0          0          0       18.1       18.1 -0.552 -1.157 -2.063 -2.637 -2.740 -0.413 0.436 -0.490 -0.768 -0.928 0.214 -1.157 -1.157 -1.157 -1.157 -1.157 -1.157 -1.157 -1.157 -1.157 -1.157 -1.157 -1.157 -1.157 -1.157 -1.157 -1.157 -1.157 -1.157 -1.157 -1.157 -1.157 -1.157 -2.063 -2.063 -2.063 -2.063 -2.063 -2.063 -2.063 -2.063 -2.063 -2.063 -2.063 -2.063 -2.063 -2.063 -2.063 -2.063 -2.063 -2.063 -2.063 -2.063 -2.063 -2.063 -2.637 -2.637 -2.637 -2.637 -2.637 -2.637 -2.637 -2.637 -2.637 -2.637 -2.637 -2.637 -2.637 -2.637 -2.637 -2.637 -2.637 -2.637 -2.637 -2.637 -2.637 -2.637 -2.740 -2.740 -2.740 -2.740 -2.740 -2.740 -2.740 -2.740 -2.740 -2.740 -2.740 -2.740 -2.740 -2.740 -2.740 -2.740 -2.740 -2.740 -2.740 -2.740 -2.740 -2.740 -0.413 -0.413 -0.413 -0.413 -0.413 -0.413 -0.413 -0.413 -0.413 -0.413 -0.413 -0.413 -0.413 -0.413 -0.413 -0.413 -0.413 -0.413 -0.413 -0.413 -0.413 -0.413 0.436 0.436 0.436 0.436 0.436 0.436 0.436 0.436 0.436 0.436 0.436 0.436 0.436 0.436 0.436 0.436 0.436 0.436 0.436 0.436 0.436 0.436 -0.490 -0.490 -0.490 -0.490 -0.490 -0.490 -0.490 -0.490 -0.490 -0.490 -0.490 -0.490 -0.490 -0.490 -0.490 -0.490 -0.490 -0.490 -0.490 -0.490 -0.490 -0.490 -0.768 -0.768 -0.768 -0.768 -0.768 -0.768 -0.768 -0.768 -0.768 -0.768 -0.768 -0.768 -0.768 -0.768 -0.768 -0.768 -0.768 -0.768 -0.768 -0.768 -0.768 -0.768 -0.928 -0.928 -0.928 -0.928 -0.928 -0.928 -0.928 -0.928 -0.928 -0.928 -0.928 -0.928 -0.928 -0.928 -0.928 -0.928 -0.928 -0.928 -0.928 -0.928 -0.928 -0.928 0.214 0.214 0.214 0.214 0.214 0.214 0.214 0.214 0.214 0.214 0.214 0.214 0.214 0.214 0.214 0.214 0.214 0.214 0.214 0.214 0.214 0.214
0.0152 0.01508 9.00000 2.2576794624 2.5780747304    2.254  2.128  3.6660  2.279    4  0.531  0.352     0.00     0.00     0.00     0.00     0.00 -1 -1.46e-11      0.00 6.846e-01 3.000e-01 1.675e-03 2.259e-03 6.341e-03 -1.000 1.540e-02       4634          0          0          0          0      18.08      18.08 -0.550 -1.155 -2.061 -2.634 -2.737 -0.411 0.438 -0.488 -0.766 -0.925 0.216 -1.155 -1.155 -1.155 -1.155 -1.155 -1.155 -1.155 -1.155 -1.155 -1.155 -1.155 -1.155 -1.155 -1.155 -1.155 -1.155 -1.155 -1.155 -1.155 -1.155 -1.155 -1.155 -2.061 -2.061 -2.061 -2.061 -2.061 -2.061 -2.061 -2.061 -2.061 -2.061 -2.061 -2.061 -2.061 -2.061 -2.061 -2.061 -2.061 -2.061 -2.061 -2.061 -2.061 -2.061 -2.634 -2.634 -2.634 -2.634 -2.634 -2.634 -2.634 -2.634 -2.634 -2.634 -2.634 -2.634 -2.634 -2.634 -2.634 -2.634 -2.634 -2.634 -2.634 -2.634 -2.634 -2.634 -2.737 -2.737 -2.737 -2.737 -2.737 -2.737 -2.737 -2.737 -2.737 -2.737 -2.737 -2.737 -2.737 -2.737 -2.737 -2.737 -2.737 -2.737 -2.737 -2.737 -2.737 -2.737 -0.411 -0.411 -0.411 -0.411 -0.411 -0.411 -0.411 -0.411 -0.411 -0.411 -0.411 -0.411 -0.411 -0.411 -0.411 -0.411 -0.411 -0.411 -0.411 -0.411 -0.411 -0.411 0.438 0.438 0.438 0.438 0.438 0.438 0.438 0.438 0.438 0.438 0.438 0.438 0.438 0.438 0.438 0.438 0.438 0.438 0.438 0.438 0.438 0.438 -0.488 -0.488 -0.488 -0.488 -0.488 -0.488 -0.488 -0.488 -0.488 -0.488 -0.488 -0.488 -0.488 -0.488 -0.488 -0.488 -0.488 -0.488 -0.488 -0.488 -0.488 -0.488 -0.766 -0.766 -0.766 -0.766 -0.766 -0.766 -0.766 -0.766 -0.766 -0.766 -0.766 -0.766 -0.766 -0.766 -0.766 -0.766 -0.766 -0.766 -0.766 -0.766 -0.766 -0.766 -0.925 -0.925 -0.925 -0.925 -0.925 -0.925 -0.925 -0.925 -0.925 -0.925 -0.925 -0.925 -0.925 -0.925 -0.925 -0.925 -0.925 -0.925 -0.925 -0.925 -0.925 -0.925 0.216 0.216 0.216 0.216 0.216 0.216 0.216 0.216 0.216 0.216 0.216 0.216 0.216 0.216 0.216 0.216 0.216 0.216 0.216 0.216 0.216 0.216
0.0152 0.01508 9.00000 2.2576863766 2.5780749528    2.254  2.127  3.6660  2.280    4  0.517  0.352     0.00     0.00     0.00     0.00     0.00 -1 -1.46e-11      0.00 6.846e-01 3.000e-01 1.675e-03 2.259e-03 6.341e-03 -1.000 1.540e-02       4635          0          0          0          0      18.07      18.07 -0.548 -1.153 -2.059 -2.632 -2.735 -0.410 0.439 -0.486 -0.764 -0.923 0.217 -1.153 -1.153 -1.153 -1.153 -1.153 -1.153 -1.153 -1.153 -1.153 -1.153 -1.153 -1.153 -1.153 -1.153 -1.153 -1.153 -1.153 -1.153 -1.153 -1.153 -1.153 -1.153 -2.059 -2.059 -2.059 -2.059 -2.059 -2.059 -2.059 -2.059 -2.059 -2.059 -2.059 -2.059 -2.059 -2.059 -2.059 -2.059 -2.059 -2.059 -2.059 -2.059 -2.059 -2.059 -2.632 -2.632 -2.632 -2.632 -2.632 -2.632 -2.632 -2.632 -2.632 -2.632 -2.632 -2.632 -2.632 -2.632 -2.632 -2.632 -2.632 -2.632 -2.632 -2.632 -2.632 -2.632 -2.735 -2.735 -2.735 -2.735 -2.735 -2.735 -2.735 -2.735 -2.735 -2.735 -2.735 -2.735 -2.735 -2.735 -2.735 -2.735 -2.735 -2.735 -2.735 -2.735 -2.735 -2.735 -0.410 -0.410 -0.410 -0.410 -0.410 -0.410 -0.410 -0.410 -0.410 -0.410 -0.410 -0.410 -0.410 -0.410 -0.410 -0.410 -0.410 -0.410 -0.410 -0.410 -0.410 -0.410 0.439 0.439 0.439 0.439 0.439 0.439 0.439 0.439 0.439 0.439 0.439 0.439 0.439 0.439 0.439 0.439 0.439 0.439 0.439 0.439 0.439 0.439 -0.486 -0.486 -0.486 -0.486 -0.486 -0.486 -0.486 -0.486 -0.486 -0.486 -0.486 -0.486 -0.486 -0.486 -0.486 -0.486 -0.486 -0.486 -0.486 -0.486 -0.486 -0.486 -0.764 -0.764 -0.764 -0.764 -0.764 -0.764 -0.764 -0.764 -0.764 -0.764 -0.764 -0.764 -0.764 -0.764 -0.764 -0.764 -0.764 -0.764 -0.764 -0.764 -0.764 -0.764 -0.923 -0.923 -0.923 -0.923 -0.923 -0.923 -0.923 -0.923 -0.923 -0.923 -0.923 -0.923 -0.923 -0.923 -0.923 -0.923 -0.923 -0.923 -0.923 -0.923 -0.923 -0.923 0.217 0.217 0.217 0.217 0.217 0.217 0.217 0.217 0.217 0.217 0.217 0.217 0.217 0.217 0.217 0.217 0.217 0.217 0.217 0.217 0.217 0.217
0.0152 0.01508 9.00000 2.2576930523 2.5780751675    2.254  2.131  3.6658  2.275    4  0.517  0.352     0.00     0.00     0.00     0.00     0.00 -1 -1.49e-11      0.00 6.846e-01 3.000e-01 1.675e-03 2.259e-03 6.341e-03 -1.000 1.540e-02       4632          0          0          0          0      18.16      18.16 -0.557 -1.161 -2.068 -2.642 -2.746 -0.417 0.433 -0.493 -0.772 -0.932 0.211 -1.161 -1.161 -1.161 -1.161 -1.161 -1.161 -1.161 -1.161 -1.161 -1.161 -1.161 -1.161 -1.161 -1.161 -1.161 -1.161 -1.161 -1.161 -1.161 -1.161 -1.161 -1.161 -2.068 -2.068 -2.068 -2.068 -2.068 -2.068 -2.068 -2.068 -2.068 -2.068 -2.068 -2.068 -2.068 -2.068 -2.068 -2.068 -2.068 -2.068 -2.068 -2.068 -2.068 -2.068 -2.642 -2.642 -2.642 -2.642 -2.642 -2.642 -2.642 -2.642 -2.642 -2.642 -2.642 -2.642 -2.642 -2.642 -2.642 -2.642 -2.642 -2.642 -2.642 -2.642 -2.642 -2.642 -2.746 -2.746 -2.746 -2.746 -2.746 -2.746 -2.746 -2.746 -2.746 -2.746 -2.746 -2.746 -2.746 -2.746 -2.746 -2.746 -2.746 -2.746 -2.746 -2.746 -2.746 -2.746 -0.417 -0.417 -0.417 -0.417 -0.417 -0.417 -0.417 -0.417 -0.417 -0.417 -0.417 -0.417 -0.417 -0.417 -0.417 -0.417 -0.417 -0.417 -0.417 -0.417 -0.417 -0.417 0.433 0.433 0.433 0.433 0.433 0.433 0.433 0.433 0.433 0.433 0.433 0.433 0.433 0.433 0.433 0.433 0.433 0.433 0.433 0.433 0.433 0.433 -0.493 -0.493 -0.493 -0.493 -0.493 -0.493 -0.493 -0.493 -0.493 -0.493 -0.493 -0.493 -0.493 -0.493 -0.493 -0.493 -0.493 -0.493 -0.493 -0.493 -0.493 -0.493 -0.772 -0.772 -0.772 -0.772 -0.772 -0.772 -0.772 -0.772 -0.772 -0.772 -0.772 -0.772 -0.772 -0.772 -0.772 -0.772 -0.772 -0.772 -0.772 -0.772 -0.772 -0.772 -0.932 -0.932 -0.932 -0.932 -0.932 -0.932 -0.932 -0.932 -0.932 -0.932 -0.932 -0.932 -0.932 -0.932 -0.932 -0.932 -0.932 -0.932 -0.932 -0.932 -0.932 -0.932 0.211 0.211 0.211 0.211 0.211 0.211 0.211 0.211 0.211 0.211 0.211 0.211 0.211 0.211 0.211 0.211 0.211 0.211 0.211 0.211 0.211 0.211
0.0152 0.01508 9.00000 2.2576994896 2.5780753746    2.254  2.134  3.6655  2.271    4  0.517  0.352     0.00     0.00     0.00     0.00     0.00 -1 -1.51e-11      0.00 6.846e-01 3.000e-01 1.675e-03 2.259e-03 6.341e-03 -1.000 1.540e-02       4629          0          0          0          0      18.25      18.25 -0.565 -1.169 -2.077 -2.652 -2.755 -0.424 0.428 -0.501 -0.780 -0.940 0.206 -1.169 -1.169 -1.169 -1.169 -1.169 -1.169 -1.169 -1.169 -1.169 -1.169 -1.169 -1.169 -1.169 -1.169 -1.169 -1.169 -1.169 -1.169 -1.169 -1.169 -1.169 -1.169 -2.077 -2.077 -2.077 -2.077 -2.077 -2.077 -2.077 -2.077 -2.077 -2.077 -2.077 -2.077 -2.077 -2.077 -2.077 -2.077 -2.077 -2.077 -2.077 -2.077 -2.077 -2.077 -2.652 -2.652 -2.652 -2.652 -2.652 -2.652 -2.652 -2.652 -2.652 -2.652 -2.652 -2.652 -2.652 -2.652 -2.652 -2.652 -2.652 -2.652 -2.652 -2.652 -2.652 -2.652 -2.755 -2.755 -2.755 -2.755 -2.755 -2.755 -2.755 -2.755 -2.755 -2.755 -2.755 -2.755 -2.755 -2.755 -2.755 -2.755 -2.755 -2.755 -2.755 -2.755 -2.755 -2.755 -0.424 -0.424 -0.424 -0.424 -0.424 -0.424 -0.424 -0.424 -0.424 -0.424 -0.424 -0.424 -0.424 -0.424 -0.424 -0.424 -0.424 -0.424 -0.424 -0.424 -0.424 -0.424 0.428 0.428 0.428 0.428 0.428 0.428 0.428 0.428 0.428 0.428 0.428 0.428 0.428 0.428 0.428 0.428 0.428 0.428 0.428 0.428 0.428 0.428 -0.501 -0.501 -0.501 -0.501 -0.501 -0.501 -0.501 -0.501 -0.501 -0.501 -0.501 -0.501 -0.501 -0.501 -0.501 -0.501 -0.501 -0.501 -0.501 -0.501 -0.501 -0.501 -0.780 -0.780 -0.780 -0.780 -0.780 -0.780 -0.780 -0.780 -0.780 -0.780 -0.780 -0.780 -0.780 -0.780 -0.780 -0.780 -0.780 -0.780 -0.780 -0.780 -0.780 -0.780 -0.940 -0.940 -0.940 -0.940 -0.940 -0.940 -0.940 -0.940 -0.940 -0.940 -0.940 -0.940 -0.940 -0.940 -0.940 -0.940 -0.940 -0.940 -0.940 -0.940 -0.940 -0.940 0.206 0.206 0.206 0.206 0.206 0.206 0.206 0.206 0.206 0.206 0.206 0.206 0.206 0.206 0.206 0.206 0.206 0.206 0.206 0.206 0.206 0.206
0.0152 0.01508 9.00000 2.2577054501 2.5780755663    2.254  2.137  3.6653  2.267    4  0.517  0.352     0.00     0.00     0.00     0.00     0.00 -1 -1.54e-11      0.00 6.846e-01 3.000e-01 1.675e-03 2.259e-03 6.341e-03 -1.000 1.540e-02       4626          0          0          0          0      18.34      18.34 -0.572 -1.176 -2.085 -2.661 -2.765 -0.431 0.423 -0.507 -0.787 -0.948 0.201 -1.176 -1.176 -1.176 -1.176 -1.176 -1.176 -1.176 -1.176 -1.176 -1.176 -1.176 -1.176 -1.176 -1.176 -1.176 -1.176 -1.176 -1.176 -1.176 -1.176 -1.176 -1.176 -2.085 -2.085 -2.085 -2.085 -2.085 -2.085 -2.085 -2.085 -2.085 -2.085 -2.085 -2.085 -2.085 -2.085 -2.085 -2.085 -2.085 -2.085 -2.085 -2.085 -2.085 -2.085 -2.661 -2.661 -2.661 -2.661 -2.661 -2.661 -2.661 -2.661 -2.661 -2.661 -2.661 -2.661 -2.661 -2.661 -2.661 -2.661 -2.661 -2.661 -2.661 -2.661 -2.661 -2.661 -2.765 -2.765 -2.765 -2.765 -2.765 -2.765 -2.765 -2.765 -2.765 -2.765 -2.765 -2.765 -2.765 -2.765 -2.765 -2.765 -2.765 -2.765 -2.765 -2.765 -2.765 -2.765 -0.431 -0.431 -0.431 -0.431 -0.431 -0.431 -0.431 -0.431 -0.431 -0.431 -0.431 -0.431 -0.431 -0.431 -0.431 -0.431 -0.431 -0.431 -0.431 -0.431 -0.431 -0.431 0.423 0.423 0.423 0.423 0.423 0.423 0.423 0.423 0.423 0.423 0.423 0.423 0.423 0.423 0.423 0.423 0.423 0.423 0.423 0.423 0.423 0.423 -0.507 -0.507 -0.507 -0.507 -0.507 -0.507 -0.507 -0.507 -0.507 -0.507 -0.507 -0.507 -0.507 -0.507 -0.507 -0.507 -0.507 -0.507 -0.507 -0.507 -0.507 -0.507 -0.787 -0.787 -0.787 -0.787 -0.787 -0.787 -0.787 -0.787 -0.787 -0.787 -0.787 -0.787 -0.787 -0.787 -0.787 -0.787 -0.787 -0.787 -0.787 -0.787 -0.787 -0.787 -0.948 -0.948 -0.948 -0.948 -0.948 -0.948 -0.948 -0.948 -0.948 -0.948 -0.948 -0.948 -0.948 -0.948 -0.948 -0.948 -0.948 -0.948 -0.948 -0.948 -0.948 -0.948 0.201 0.201 0.201 0.201 0.201 0.201 0.201 0.201 0.201 0.201 0.201 0.201 0.201 0.201 0.201 0.201 0.201 0.201 0.201 0.201 0.201 0.201
0.0152 0.01508 9.00000 2.2577111721 2.5780757504    2.254  2.140  3.6650  2.263    4  0.517  0.352     0.00     0.00     0.00     0.00     0.00 -1 -1.57e-11      0.00 6.846e-01 3.000e-01 1.675e-03 2.259e-03 6.341e-03 -1.000 1.540e-02       4624          0          0          0          0      18.41      18.41 -0.579 -1.183 -2.093 -2.669 -2.773 -0.437 0.418 -0.513 -0.794 -0.955 0.197 -1.183 -1.183 -1.183 -1.183 -1.183 -1.183 -1.183 -1.183 -1.183 -1.183 -1.183 -1.183 -1.183 -1.183 -1.183 -1.183 -1.183 -1.183 -1.183 -1.183 -1.183 -1.183 -2.093 -2.093 -2.093 -2.093 -2.093 -2.093 -2.093 -2.093 -2.093 -2.093 -2.093 -2.093 -2.093 -2.093 -2.093 -2.093 -2.093 -2.093 -2.093 -2.093 -2.093 -2.093 -2.669 -2.669 -2.669 -2.669 -2.669 -2.669 -2.669 -2.669 -2.669 -2.669 -2.669 -2.669 -2.669 -2.669 -2.669 -2.669 -2.669 -2.669 -2.669 -2.669 -2.669 -2.669 -2.773 -2.773 -2.773 -2.773 -2.773 -2.773 -2.773 -2.773 -2.773 -2.773 -2.773 -2.773 -2.773 -2.773 -2.773 -2.773 -2.773 -2.773 -2.773 -2.773 -2.773 -2.773 -0.437 -0.437 -0.437 -0.437 -0.437 -0.437 -0.437 -0.437 -0.437 -0.437 -0.437 -0.437 -0.437 -0.437 -0.437 -0.437 -0.437 -0.437 -0.437 -0.437 -0.437 -0.437 0.418 0.418 0.418 0.418 0.418 0.418 0.418 0.418 0.418 0.418 0.418 0.418 0.418 0.418 0.418 0.418 0.418 0.418 0.418 0.418 0.418 0.418 -0.513 -0.513 -0.513 -0.513 -0.513 -0.513 -0.513 -0.513 -0.513 -0.513 -0.513 -0.513 -0.513 -0.513 -0.513 -0.513 -0.513 -0.513 -0.513 -0.513 -0.513 -0.513 -0.794 -0.794 -0.794 -0.794 -0.794 -0.794 -0.794 -0.794 -0.794 -0.794 -0.794 -0.794 -0.794 -0.794 -0.794 -0.794 -0.794 -0.794 -0.794 -0.794 -0.794 -0.794 -0.955 -0.955 -0.955 -0.955 -0.955 -0.955 -0.955 -0.955 -0.955 -0.955 -0.955 -0.955 -0.955 -0.955 -0.955 -0.955 -0.955 -0.955 -0.955 -0.955 -0.955 -0.955 0.197 0.197 0.197 0.197 0.197 0.197 0.197 0.197 0.197 0.197 0.197 0.197 0.197 0.197 0.197 0.197 0.197 0.197 0.197 0.197 0.197 0.197
0.0152 0.01508 9.00000 2.2577164173 2.5780759191    2.255  2.142  3.6648  2.260    4  0.517  0.352     0.00     0.00     0.00     0.00     0.00 -1 -1.59e-11      0.00 6.846e-01 3.000e-01 1.675e-03 2.259e-03 6.341e-03 -1.000 1.540e-02       4622          0          0          0          0      18.49      18.49 -0.586 -1.189 -2.100 -2.677 -2.781 -0.443 0.414 -0.519 -0.800 -0.962 0.193 -1.189 -1.189 -1.189 -1.189 -1.189 -1.189 -1.189 -1.189 -1.189 -1.189 -1.189 -1.189 -1.189 -1.189 -1.189 -1.189 -1.189 -1.189 -1.189 -1.189 -1.189 -1.189 -2.100 -2.100 -2.100 -2.100 -2.100 -2.100 -2.100 -2.100 -2.100 -2.100 -2.100 -2.100 -2.100 -2.100 -2.100 -2.100 -2.100 -2.100 -2.100 -2.100 -2.100 -2.100 -2.677 -2.677 -2.677 -2.677 -2.677 -2.677 -2.677 -2.677 -2.677 -2.677 -2.677 -2.677 -2.677 -2.677 -2.677 -2.677 -2.677 -2.677 -2.677 -2.677 -2.677 -2.677 -2.781 -2.781 -2.781 -2.781 -2.781 -2.781 -2.781 -2.781 -2.781 -2.781 -2.781 -2.781 -2.781 -2.781 -2.781 -2.781 -2.781 -2.781 -2.781 -2.781 -2.781 -2.781 -0.443 -0.443 -0.443 -0.443 -0.443 -0.443 -0.443 -0.443 -0.443 -0.443 -0.443 -0.443 -0.443 -0.443 -0.443 -0.443 -0.443 -0.443 -0.443 -0.443 -0.443 -0.443 0.414 0.414 0.414 0.414 0.414 0.414 0.414 0.414 0.414 0.414 0.414 0.414 0.414 0.414 0.414 0.414 0.414 0.414 0.414 0.414 0.414 0.414 -0.519 -0.519 -0.519 -0.519 -0.519 -0.519 -0.519 -0.519 -0.519 -0.519 -0.519 -0.519 -0.519 -0.519 -0.519 -0.519 -0.519 -0.519 -0.519 -0.519 -0.519 -0.519 -0.800 -0.800 -0.800 -0.800 -0.800 -0.800 -0.800 -0.800 -0.800 -0.800 -0.800 -0.800 -0.800 -0.800 -0.800 -0.800 -0.800 -0.800 -0.800 -0.800 -0.800 -0.800 -0.962 -0.962 -0.962 -0.962 -0.962 -0.962 -0.962 -0.962 -0.962 -0.962 -0.962 -0.962 -0.962 -0.962 -0.962 -0.962 -0.962 -0.962 -0.962 -0.962 -0.962 -0.962 0.193 0.193 0.193 0.193 0.193 0.193 0.193 0.193 0.193 0.193 0.193 0.193 0.193 0.193 0.193 0.193 0.193 0.193 0.193 0.193 0.193 0.193
0.0152 0.01508 9.00000 2.2577216625 2.5780760878    2.254  2.145  3.6646  2.257    4  0.517  0.352     0.00     0.00     0.00     0.00     0.00 -1 -1.61e-11      0.00 6.846e-01 3.000e-01 1.675e-03 2.259e-03 6.341e-03 -1.000 1.540e-02       4620          0          0          0          0      18.55      18.55 -0.592 -1.195 -2.107 -2.684 -2.789 -0.448 0.410 -0.525 -0.806 -0.968 0.189 -1.195 -1.195 -1.195 -1.195 -1.195 -1.195 -1.195 -1.195 -1.195 -1.195 -1.195 -1.195 -1.195 -1.195 -1.195 -1.195 -1.195 -1.195 -1.195 -1.195 -1.195 -1.195 -2.107 -2.107 -2.107 -2.107 -2.107 -2.107 -2.107 -2.107 -2.107 -2.107 -2.107 -2.107 -2.107 -2.107 -2.107 -2.107 -2.107 -2.107 -2.107 -2.107 -2.107 -2.107 -2.684 -2.684 -2.684 -2.684 -2.684 -2.684 -2.684 -2.684 -2.684 -2.684 -2.684 -2.684 -2.684 -2.684 -2.684 -2.684 -2.684 -2.684 -2.684 -2.684 -2.684 -2.684 -2.789 -2.789 -2.789 -2.789 -2.789 -2.789 -2.789 -2.789 -2.789 -2.789 -2.789 -2.789 -2.789 -2.789 -2.789 -2.789 -2.789 -2.789 -2.789 -2.789 -2.789 -2.789 -0.448 -0.448 -0.448 -0.448 -0.448 -0.448 -0.448 -0.448 -0.448 -0.448 -0.448 -0.448 -0.448 -0.448 -0.448 -0.448 -0.448 -0.448 -0.448 -0.448 -0.448 -0.448 0.410 0.410 0.410 0.410 0.410 0.410 0.410 0.410 0.410 0.410 0.410 0.410 0.410 0.410 0.410 0.410 0.410 0.410 0.410 0.410 0.410 0.410 -0.525 -0.525 -0.525 -0.525 -0.525 -0.525 -0.525 -0.525 -0.525 -0.525 -0.525 -0.525 -0.525 -0.525 -0.525 -0.525 -0.525 -0.525 -0.525 -0.525 -0.525 -0.525 -0.806 -0.806 -0.806 -0.806 -0.806 -0.806 -0.806 -0.806 -0.806 -0.806 -0.806 -0.806 -0.806 -0.806 -0.806 -0.806 -0.806 -0.806 -0.806 -0.806 -0.806 -0.806 -0.968 -0.968 -0.968 -0.968 -0.968 -0.968 -0.968 -0.968 -0.968 -0.968 -0.968 -0.968 -0.968 -0.968 -0.968 -0.968 -0.968 -0.968 -0.968 -0.968 -0.968 -0.968 0.189 0.189 0.189 0.189 0.189 0.189 0.189 0.189 0.189 0.189 0.189 0.189 0.189 0.189 0.189 0.189 0.189 0.189 0.189 0.189 0.189 0.189
0.0152 0.01508 9.00000 2.2577261925 2.5780762335    2.255  2.147  3.6645  2.254    4  0.517  0.352     0.00     0.00     0.00     0.00     0.00 -1 -1.63e-11      0.00 6.846e-01 3.000e-01 1.675e-03 2.259e-03 6.341e-03 -1.000 1.540e-02       4618          0          0          0          0      18.62      18.62 -0.598 -1.201 -2.113 -2.691 -2.795 -0.453 0.406 -0.529 -0.811 -0.973 0.185 -1.201 -1.201 -1.201 -1.201 -1.201 -1.201 -1.201 -1.201 -1.201 -1.201 -1.201 -1.201 -1.201 -1.201 -1.201 -1.201 -1.201 -1.201 -1.201 -1.201 -1.201 -1.201 -2.113 -2.113 -2.113 -2.113 -2.113 -2.113 -2.113 -2.113 -2.113 -2.113 -2.113 -2.113 -2.113 -2.113 -2.113 -2.113 -2.113 -2.113 -2.113 -2.113 -2.113 -2.113 -2.691 -2.691 -2.691 -2.691 -2.691 -2.691 -2.691 -2.691 -2.691 -2.691 -2.691 -2.691 -2.691 -2.691 -2.691 -2.691 -2.691 -2.691 -2.691 -2.691 -2.691 -2.691 -2.795 -2.795 -2.795 -2.795 -2.795 -2.795 -2.795 -2.795 -2.795 -2.795 -2.795 -2.795 -2.795 -2.795 -2.795 -2.795 -2.795 -2.795 -2.795 -2.795 -2.795 -2.795 -0.453 -0.453 -0.453 -0.453 -0.453 -0.453 -0.453 -0.453 -0.453 -0.453 -0.453 -0.453 -0.453 -0.453 -0.453 -0.453 -0.453 -0.453 -0.453 -0.453 -0.453 -0.453 0.406 0.406 0.406 0.406 0.406 0.406 0.406 0.406 0.406 0.406 0.406 0.406 0.406 0.406 0.406 0.406 0.406 0.406 0.406 0.406 0.406 0.406 -0.529 -0.529 -0.529 -0.529 -0.529 -0.529 -0.529 -0.529 -0.529 -0.529 -0.529 -0.529 -0.529 -0.529 -0.529 -0.529 -0.529 -0.529 -0.529 -0.529 -0.529 -0.529 -0.811 -0.811 -0.811 -0.811 -0.811 -0.811 -0.811 -0.811 -0.811 -0.811 -0.811 -0.811 -0.811 -0.811 -0.811 -0.811 -0.811 -0.811 -0.811 -0.811 -0.811 -0.811 -0.973 -0.973 -0.973 -0.973 -0.973 -0.973 -0.973 -0.973 -0.973 -0.973 -0.973 -0.973 -0.973 -0.973 -0.973 -0.973 -0.973 -0.973 -0.973 -0.973 -0.973 -0.973 0.185 0.185 0.185 0.185 0.185 0.185 0.185 0.185 0.185 0.185 0.185 0.185 0.185 0.185 0.185 0.185 0.185 0.185 0.185 0.185 0.185 0.185
0.0152 0.01508 9.00000 2.2577307224 2.5780763792    2.255  2.149  3.6643  2.251    4  0.517  0.352     0.00     0.00     0.00     0.00     0.00 -1 -1.65e-11      0.00 6.846e-01 3.000e-01 1.675e-03 2.259e-03 6.341e-03 -1.000 1.540e-02       4616          0          0          0          0      18.67      18.67 -0.603 -1.205 -2.119 -2.697 -2.802 -0.458 0.403 -0.534 -0.816 -0.978 0.182 -1.205 -1.205 -1.205 -1.205 -1.205 -1.205 -1.205 -1.205 -1.205 -1.205 -1.205 -1.205 -1.205 -1.205 -1.205 -1.205 -1.205 -1.205 -1.205 -1.205 -1.205 -1.205 -2.119 -2.119 -2.119 -2.119 -2.119 -2.119 -2.119 -2.119 -2.119 -2.119 -2.119 -2.119 -2.119 -2.119 -2.119 -2.119 -2.119 -2.119 -2.119 -2.119 -2.119 -2.119 -2.697 -2.697 -2.697 -2.697 -2.697 -2.697 -2.697 -2.697 -2.697 -2.697 -2.697 -2.697 -2.697 -2.697 -2.697 -2.697 -2.697 -2.697 -2.697 -2.697 -2.697 -2.697 -2.802 -2.802 -2.802 -2.802 -2.802 -2.802 -2.802 -2.802 -2.802 -2.802 -2.802 -2.802 -2.802 -2.802 -2.802 -2.802 -2.802 -2.802 -2.802 -2.802 -2.802 -2.802 -0.458 -0.458 -0.458 -0.458 -0.458 -0.458 -0.458 -0.458 -0.458 -0.458 -0.458 -0.458 -0.458 -0.458 -0.458 -0.458 -0.458 -0.458 -0.458 -0.458 -0.458 -0.458 0.403 0.403 0.403 0.403 0.403 0.403 0.403 0.403 0.403 0.403 0.403 0.403 0.403 0.403 0.403 0.403 0.403 0.403 0.403 0.403 0.403 0.403 -0.534 -0.534 -0.534 -0.534 -0.534 -0.534 -0.534 -0.534 -0.534 -0.534 -0.534 -0.534 -0.534 -0.534 -0.534 -0.534 -0.534 -0.534 -0.534 -0.534 -0.534 -0.534 -0.816 -0.816 -0.816 -0.816 -0.816 -0.816 -0.816 -0.816 -0.816 -0.816 -0.816 -0.816 -0.816 -0.816 -0.816 -0.816 -0.816 -0.816 -0.816 -0.816 -0.816 -0.816 -0.978 -0.978 -0.978 -0.978 -0.978 -0.978 -0.978 -0.978 -0.978 -0.978 -0.978 -0.978 -0.978 -0.978 -0.978 -0.978 -0.978 -0.978 -0.978 -0.978 -0.978 -0.978 0.182 0.182 0.182 0.182 0.182 0.182 0.182 0.182 0.182 0.182 0.182 0.182 0.182 0.182 0.182 0.182 0.182 0.182 0.182 0.182 0.182 0.182
0.0152 0.01508 9.00000 2.2577347755 2.5780765096    2.254  2.151  3.6641  2.249    4  0.517  0.352     0.00     0.00     0.00     0.00     0.00 -1 -1.67e-11      0.00 6.846e-01 3.000e-01 1.675e-03 2.259e-03 6.341e-03 -1.000 1.540e-02       4614          0          0          0          0      18.72      18.72 -0.607 -1.210 -2.124 -2.703 -2.807 -0.462 0.400 -0.538 -0.820 -0.983 0.179 -1.210 -1.210 -1.210 -1.210 -1.210 -1.210 -1.210 -1.210 -1.210 -1.210 -1.210 -1.210 -1.210 -1.210 -1.210 -1.210 -1.210 -1.210 -1.210 -1.210 -1.210 -1.210 -2.124 -2.124 -2.124 -2.124 -2.124 -2.124 -2.124 -2.124 -2.124 -2.124 -2.124 -2.124 -2.124 -2.124 -2.124 -2.124 -2.124 -2.124 -2.124 -2.124 -2.124 -2.124 -2.703 -2.703 -2.703 -2.703 -2.703 -2.703 -2.703 -2.703 -2.703 -2.703 -2.703 -2.703 -2.703 -2.703 -2.703 -2.703 -2.703 -2.703 -2.703 -2.703 -2.703 -2.703 -2.807 -2.807 -2.807 -2.807 -2.807 -2.807 -2.807 -2.807 -2.807 -2.807 -2.807 -2.807 -2.807 -2.807 -2.807 -2.807 -2.807 -2.807 -2.807 -2.807 -2.807 -2.807 -0.462 -0.462 -0.462 -0.462 -0.462 -0.462 -0.462 -0.462 -0.462 -0.462 -0.462 -0.462 -0.462 -0.462 -0.462 -0.462 -0.462 -0.462 -0.462 -0.462 -0.462 -0.462 0.400 0.400 0.400 0.400 0.400 0.400 0.400 0.400 0.400 0.400 0.400 0.400 0.400 0.400 0.400 0.400 0.400 0.400 0.400 0.400 0.400 0.400 -0.538 -0.538 -0.538 -0.538 -0.538 -0.538 -0.538 -0.538 -0.538 -0.538 -0.538 -0.538 -0.538 -0.538 -0.538 -0.538 -0.538 -0.538 -0.538 -0.538 -0.538 -0.538 -0.820 -0.820 -0.820 -0.820 -0.820 -0.820 -0.820 -0.820 -0.820 -0.820 -0.820 -0.820 -0.820 -0.820 -0.820 -0.820 -0.820 -0.820 -0.820 -0.820 -0.820 -0.820 -0.983 -0.983 -0.983 -0.983 -0.983 -0.983 -0.983 -0.983 -0.983 -0.983 -0.983 -0.983 -0.983 -0.983 -0.983 -0.983 -0.983 -0.983 -0.983 -0.983 -0.983 -0.983 0.179 0.179 0.179 0.179 0.179 0.179 0.179 0.179 0.179 0.179 0.179 0.179 0.179 0.179 0.179 0.179 0.179 0.179 0.179 0.179 0.179 0.179
0.0152 0.01508 9.00000 2.2577419281 2.5780767396    2.255  2.154  3.6639  2.244    4  0.517  0.352     0.00     0.00     0.00     0.00     0.00 -1  -1.7e-11      0.00 6.846e-01 3.000e-01 1.675e-03 2.259e-03 6.340e-03 -1.000 1.540e-02       4612          0          0          0          0      18.81      18.81 -0.615 -1.218 -2.133 -2.712 -2.817 -0.469 0.394 -0.545 -0.828 -0.991 0.174 -1.218 -1.218 -1.218 -1.218 -1.218 -1.218 -1.218 -1.218 -1.218 -1.218 -1.218 -1.218 -1.218 -1.218 -1.218 -1.218 -1.218 -1.218 -1.218 -1.218 -1.218 -1.218 -2.133 -2.133 -2.133 -2.133 -2.133 -2.133 -2.133 -2.133 -2.133 -2.133 -2.133 -2.133 -2.133 -2.133 -2.133 -2.133 -2.133 -2.133 -2.133 -2.133 -2.133 -2.133 -2.712 -2.712 -2.712 -2.712 -2.712 -2.712 -2.712 -2.712 -2.712 -2.712 -2.712 -2.712 -2.712 -2.712 -2.712 -2.712 -2.712 -2.712 -2.712 -2.712 -2.712 -2.712 -2.817 -2.817 -2.817 -2.817 -2.817 -2.817 -2.817 -2.817 -2.817 -2.817 -2.817 -2.817 -2.817 -2.817 -2.817 -2.817 -2.817 -2.817 -2.817 -2.817 -2.817 -2.817 -0.469 -0.469 -0.469 -0.469 -0.469 -0.469 -0.469 -0.469 -0.469 -0.469 -0.469 -0.469 -0.469 -0.469 -0.469 -0.469 -0.469 -0.469 -0.469 -0.469 -0.469 -0.469 0.394 0.394 0.394 0.394 0.394 0.394 0.394 0.394 0.394 0.394 0.394 0.394 0.394 0.394 0.394 0.394 0.394 0.394 0.394 0.394 0.394 0.394 -0.545 -0.545 -0.545 -0.545 -0.545 -0.545 -0.545 -0.545 -0.545 -0.545 -0.545 -0.545 -0.545 -0.545 -0.545 -0.545 -0.545 -0.545 -0.545 -0.545 -0.545 -0.545 -0.828 -0.828 -0.828 -0.828 -0.828 -0.828 -0.828 -0.828 -0.828 -0.828 -0.828 -0.828 -0.828 -0.828 -0.828 -0.828 -0.828 -0.828 -0.828 -0.828 -0.828 -0.828 -0.991 -0.991 -0.991 -0.991 -0.991 -0.991 -0.991 -0.991 -0.991 -0.991 -0.991 -0.991 -0.991 -0.991 -0.991 -0.991 -0.991 -0.991 -0.991 -0.991 -0.991 -0.991 0.174 0.174 0.174 0.174 0.174 0.174 0.174 0.174 0.174 0.174 0.174 0.174 0.174 0.174 0.174 0.174 0.174 0.174 0.174 0.174 0.174 0.174
0.0152 0.01508 9.00000 2.2577476501 2.5780769237    2.255  2.157  3.6637  2.241    4  0.518  0.352     0.00     0.00     0.00     0.00     0.00 -1 -1.73e-11      0.00 6.846e-01 3.000e-01 1.675e-03 2.259e-03 6.340e-03 -1.000 1.540e-02       4610          0          0          0          0      18.88      18.88 -0.622 -1.224 -2.139 -2.720 -2.825 -0.474 0.390 -0.551 -0.834 -0.997 0.170 -1.224 -1.224 -1.224 -1.224 -1.224 -1.224 -1.224 -1.224 -1.224 -1.224 -1.224 -1.224 -1.224 -1.224 -1.224 -1.224 -1.224 -1.224 -1.224 -1.224 -1.224 -1.224 -2.139 -2.139 -2.139 -2.139 -2.139 -2.139 -2.139 -2.139 -2.139 -2.139 -2.139 -2.139 -2.139 -2.139 -2.139 -2.139 -2.139 -2.139 -2.139 -2.139 -2.139 -2.139 -2.720 -2.720 -2.720 -2.720 -2.720 -2.720 -2.720 -2.720 -2.720 -2.720 -2.720 -2.720 -2.720 -2.720 -2.720 -2.720 -2.720 -2.720 -2.720 -2.720 -2.720 -2.720 -2.825 -2.825 -2.825 -2.825 -2.825 -2.825 -2.825 -2.825 -2.825 -2.825 -2.825 -2.825 -2.825 -2.825 -2.825 -2.825 -2.825 -2.825 -2.825 -2.825 -2.825 -2.825 -0.474 -0.474 -0.474 -0.474 -0.474 -0.474 -0.474 -0.474 -0.474 -0.474 -0.474 -0.474 -0.474 -0.474 -0.474 -0.474 -0.474 -0.474 -0.474 -0.474 -0.474 -0.474 0.390 0.390 0.390 0.390 0.390 0.390 0.390 0.390 0.390 0.390 0.390 0.390 0.390 0.390 0.390 0.390 0.390 0.390 0.390 0.390 0.390 0.390 -0.551 -0.551 -0.551 -0.551 -0.551 -0.551 -0.551 -0.551 -0.551 -0.551 -0.551 -0.551 -0.551 -0.551 -0.551 -0.551 -0.551 -0.551 -0.551 -0.551 -0.551 -0.551 -0.834 -0.834 -0.834 -0.834 -0.834 -0.834 -0.834 -0.834 -0.834 -0.834 -0.834 -0.834 -0.834 -0.834 -0.834 -0.834 -0.834 -0.834 -0.834 -0.834 -0.834 -0.834 -0.997 -0.997 -0.997 -0.997 -0.997 -0.997 -0.997 -0.997 -0.997 -0.997 -0.997 -0.997 -0.997 -0.997 -0.997 -0.997 -0.997 -0.997 -0.997 -0.997 -0.997 -0.997 0.170 0.170 0.170 0.170 0.170 0.170 0.170 0.170 0.170 0.170 0.170 0.170 0.170 0.170 0.170 0.170 0.170 0.170 0.170 0.170 0.170 0.170
0.0152 0.01508 9.00000 2.2577733994 2.5780777519    2.255  2.165  3.6630  2.230    4  0.518  0.352     0.00     0.00     0.00     0.00     0.00 -1 -1.83e-11      0.00 6.846e-01 3.000e-01 1.675e-03 2.259e-03 6.340e-03 -1.000 1.540e-02       4602          0          0          0          0       19.1       19.1 -0.643 -1.244 -2.163 -2.745 -2.850 -0.493 0.376 -0.569 -0.854 -1.019 0.156 -1.244 -1.244 -1.244 -1.244 -1.244 -1.244 -1.244 -1.244 -1.244 -1.244 -1.244 -1.244 -1.244 -1.244 -1.244 -1.244 -1.244 -1.244 -1.244 -1.244 -1.244 -1.244 -2.163 -2.163 -2.163 -2.163 -2.163 -2.163 -2.163 -2.163 -2.163 -2.163 -2.163 -2.163 -2.163 -2.163 -2.163 -2.163 -2.163 -2.163 -2.163 -2.163 -2.163 -2.163 -2.745 -2.745 -2.745 -2.745 -2.745 -2.745 -2.745 -2.745 -2.745 -2.745 -2.745 -2.745 -2.745 -2.745 -2.745 -2.745 -2.745 -2.745 -2.745 -2.745 -2.745 -2.745 -2.850 -2.850 -2.850 -2.850 -2.850 -2.850 -2.850 -2.850 -2.850 -2.850 -2.850 -2.850 -2.850 -2.850 -2.850 -2.850 -2.850 -2.850 -2.850 -2.850 -2.850 -2.850 -0.493 -0.493 -0.493 -0.493 -0.493 -0.493 -0.493 -0.493 -0.493 -0.493 -0.493 -0.493 -0.493 -0.493 -0.493 -0.493 -0.493 -0.493 -0.493 -0.493 -0.493 -0.493 0.376 0.376 0.376 0.376 0.376 0.376 0.376 0.376 0.376 0.376 0.376 0.376 0.376 0.376 0.376 0.376 0.376 0.376 0.376 0.376 0.376 0.376 -0.569 -0.569 -0.569 -0.569 -0.569 -0.569 -0.569 -0.569 -0.569 -0.569 -0.569 -0.569 -0.569 -0.569 -0.569 -0.569 -0.569 -0.569 -0.569 -0.569 -0.569 -0.569 -0.854 -0.854 -0.854 -0.854 -0.854 -0.854 -0.854 -0.854 -0.854 -0.854 -0.854 -0.854 -0.854 -0.854 -0.854 -0.854 -0.854 -0.854 -0.854 -0.854 -0.854 -0.854 -1.019 -1.019 -1.019 -1.019 -1.019 -1.019 -1.019 -1.019 -1.019 -1.019 -1.019 -1.019 -1.019 -1.019 -1.019 -1.019 -1.019 -1.019 -1.019 -1.019 -1.019 -1.019 0.156 0.156 0.156 0.156 0.156 0.156 0.156 0.156 0.156 0.156 0.156 0.156 0.156 0.156 0.156 0.156 0.156 0.156 0.156 0.156 0.156 0.156
#isochrone terminated
